HurdOnTheHill,1314211445907783680,2020-10-08 14:30:00,Journalism across mediums has been hit hard due to COVID-19. Thank you to @MSFTIssues for supporting journalists in #ElPaso &amp; around the country with your new initiative to preserve &amp; protect a vital aspect of our democracy. We must keep journalism alive! https://t.co/dkwWk28hv1
HurdOnTheHill,1312052663773782016,2020-10-02 15:31:46,"I wish the President, First Lady and all Americans battling Covid-19 well and a speedy recovery.
 
Covid-19 has always been a real threat to lives everywhere. We must wear masks &amp; take precautions. 
 
Thankfully America has the best and the brightest providing medical care."
HurdOnTheHill,1298371095066816517,2020-08-25 21:26:06,"No one should be shot in the back repeatedly. 

Watching Jacob Blake get shot makes me sick. 

I cannot fathom how his kids felt. 

Thank God he is alive. 

I support a thorough investigation into this and the firing of any police who use such brutal, violent tactics."
HurdOnTheHill,1297235839328477185,2020-08-22 18:15:00,Exercising our civic duty in unprecedented times requires unprecedented measures. The solution is for every state to allow voters to request a mail-in ballot due to COVID-19 health risks not haphazardly mailing out ballots.
HurdOnTheHill,1297201871694827521,2020-08-22 16:00:01,"The US Postal Service is vital. They provide prescriptions, absentee ballots, a method to pay bills and so much more to the American people, and they‚Äôre doing this throughout the pandemic. They are essential, and, like always, I will continue to support them."
HurdOnTheHill,1294008617813921794,2020-08-13 20:31:10,"By providing additional funds for state &amp; local governments to update &amp; secure their IT systems, we are enabling governments to help folks recover from COVID-19 &amp; advance once the pandemic is history. We must bring this infrastructure into the 21st century.https://t.co/c0gD6fXxPI"
HurdOnTheHill,1286765898297204738,2020-07-24 20:51:11,"Covid-19 is a worldwide problem, but China is stealing IP to thwart research efforts‚Äîone of the reasons their Houston consulate was closed. 

Now, they are retaliating because they got caught. https://t.co/TLsYcH6bbp"
HurdOnTheHill,1283176759215697921,2020-07-14 23:09:14,".@NBA @UFC &amp; @MLB have thorough processes to screen players &amp; coaches, including tests every day, but some suggest teachers and school kids just wash their hands &amp; stay home if sick. 

How about we value teachers and kids the way we do the athletes we enjoy watching on TV?"
HurdOnTheHill,1283166012398096389,2020-07-14 22:26:32,"After chats with teachers, I‚Äôm afraid reopening our schools will be a debacle‚ÄîI hope I‚Äôm wrong. 

Instead of threatening to withhold funds, Dept of Ed should be working with states and school districts on how to EXCEED @CDCgov protocols."
HurdOnTheHill,1283038791716884480,2020-07-14 14:01:00,"Japan and our other allies near the South China Sea need America to stand firmly in their corner.

Prime Minister Abe is right. 

COVID-19 has made China even more of a security threat.

https://t.co/5WBiNidBu2"
HurdOnTheHill,1280598048968716289,2020-07-07 20:22:21,"We should be demanding answers from WHO, not retreating. 
 
I support holding the WHO accountable &amp; improving it with our allies &amp; partners so it‚Äôs more effective in the next major public health crisis.
 
Leaving the WHO is the wrong decision for America.  https://t.co/MNZgGotERl"
HurdOnTheHill,1278389405456011265,2020-07-01 18:06:00,"We‚Äôve seen a growing need for food security during #COVID19, and I‚Äôm working with several organizations on solving this issue. Listen to @NoKidHungry‚Äôs podcast @AddPassionStir with @billshore to hear more. https://t.co/rgGcfg668C"
HurdOnTheHill,1271209847606870017,2020-06-11 22:37:00,"Mental health training is a best practice more police departments should expand. My hometown of San Antonio has five times the training of most other departments, which only require about 8 hours. https://t.co/Tc78ODoVrG"
HurdOnTheHill,1270064550763626497,2020-06-08 18:46:00,"The qualified immunity doctrine shields officers from liability for official acts. This protection seems sensible, but in some cases shields abusive officers.
 
We need to clarify this law to ensure officers are held accountable for violating civil rights. https://t.co/Ah6uO2JhRa"
HurdOnTheHill,1266790297339650048,2020-05-30 17:55:17,"There‚Äôs international unity behind holding the @WHO accountable and improving it so that it‚Äôs more effective in the next major public health crisis. 

President Trump should take this into account and change his position on America‚Äôs role in the W.H.O.
https://t.co/MNZgGotERl"
HurdOnTheHill,1266780750004846592,2020-05-30 17:17:21,"During this pandemic, the leaders of  @WHO made questionable decisions, especially toward the CCP, but the org still serves a critical role in striving to keep our world healthy. We can disagree with the leadership of an org while supporting their mission. https://t.co/MNZgGotERl"
HurdOnTheHill,1266497784213094408,2020-05-29 22:32:56,"I have been critical of both the @WHO and Chinese Communist Party's handling of the pandemic and called for answers, but turning our backs on the WHO is not the answer."
HurdOnTheHill,1266482829426384897,2020-05-29 21:33:31,"Farmers &amp; ranchers are vital to our nation‚Äôs economy, but the @USDA's requirements for the Coronavirus Food Assistance Program will exclude many cattle farmers. I joined @ConawayTX11 asking USDA for changes so these farmers will be eligible for the aid. https://t.co/BkLZNMnF2I"
HurdOnTheHill,1266406435098943488,2020-05-29 16:29:57,"Is murder not a crime in Hennepin County? 

The almost weekly abuses of power in cases like George Floyd‚Äôs murder must be addressed swiftly. 

It shouldn‚Äôt take days to arrest offenders involved in heinous crimes caught on tape. https://t.co/HUgd5RoWhq"
HurdOnTheHill,1266059159662813185,2020-05-28 17:30:00,"I've joined the lawsuit against Speaker Pelosi because the American people have entrusted Members of Congress with the immense duty of representing their needs &amp; their voices. That doesn‚Äôt cease in a pandemic. In fact, it is even more important during a crisis. https://t.co/Jt1g4jceKf"
HurdOnTheHill,1263468159601913859,2020-05-21 13:54:18,"China criticized Taiwan, really? 

Taiwan is a thriving democracy that effectively dealt with COVID-19. 
 
CCP should allow Taiwan to be an observer at the WHO &amp; take responsibility for their role in this pandemic. 

https://t.co/hwKXj6ylZ5"
HurdOnTheHill,1263235552905621504,2020-05-20 22:30:00,Millions of seniors reside in long-term care facilities that have faced unique challenges during #COVID19. I joined @michaelcburgess in urging @HHSgov to provide these facilities with funds through the Public Health and Social Services Emergency Fund. Read more: https://t.co/SkCxpTLrUE
HurdOnTheHill,1263167403120381952,2020-05-20 17:59:12,".@WHO has been an ally, but its recent attitudes toward China throughout #COVID19 has undermined the organization‚Äôs reputation. China has skirted answering questions &amp; WHO has allowed it. I‚Äôm asking other member states to help us get answers:

https://t.co/4UgwLaYdJi"
HurdOnTheHill,1261436959949496326,2020-05-15 23:23:02,"The rule change will make politics more partisan by removing the need for legislators to be together negotiating. If Americans can return to work at grocery stores, restaurants &amp; fire stations, then members can return to vote in a safe, healthy way. https://t.co/MRPK9PGeDS"
HurdOnTheHill,1260969580022956037,2020-05-14 16:25:50,"Talked to @News4SA about the critical Coronavirus relief Congress has passed for American families and businesses with bipartisan action. Sadly, now, partisan politics seem to be getting in the way of our next steps forward. https://t.co/jAY5ABofR8"
HurdOnTheHill,1260662193550495744,2020-05-13 20:04:23,"How far will the Chinese Communist Party go to make its economy the most influential in the world? Based on the CCP‚Äôs attempt to rewrite the history of #COVID19 pandemic, they are willing to use aggressive disinformation to achieve their aim.
https://t.co/ufjlbk1X6B"
HurdOnTheHill,1259977836892311553,2020-05-11 22:45:00,"The Chinese Communist Party is again prioritizing their image above world health. 

They're stalling @WHO from returning to China to find the #COVID19 origins. These stall tactics are probably due to CCP fears that the real Covid-19 case #s will be public.
https://t.co/V1Z1Inaj6l"
HurdOnTheHill,1259965385710936064,2020-05-11 21:55:31,"Chinese Communist Party-backed businesses have sought to steal American intellectual property for decades. 
 
Now, the CCP has deteriorated to a new low by targeting efforts to develop a vaccine and treatment for #COVID19.

https://t.co/633VjZUHu4"
HurdOnTheHill,1258834312050479138,2020-05-08 19:01:02,"The Taliban, just like the Chinese Communist Party and the Kremlin, is using the #COVID19 pandemic to advance their own goals while jeopardizing the lives of innocent civilians. 

https://t.co/WYNz2L7Vjg"
HurdOnTheHill,1257771222290567170,2020-05-05 20:36:42,"American adversaries are using hackers to steal info and harm efforts to combat #COVID19. 
 
This is insane. 
 
This is what oppressive governments do when seeking global dominance. 
 
https://t.co/Q8oxpIxWQh"
HurdOnTheHill,1255973481293979649,2020-04-30 21:33:07,"One of America's first drug tests on people to fight #COVID19 is happening here in Texas.

This is great progress and American innovation at its finest. 

Incredible work by fellow Texans and Aggies. 
 
https://t.co/2nUr3cpiKi"
HurdOnTheHill,1255582374101839873,2020-04-29 19:39:00,"Listen to @chefjoseandres! Wear a mask when you go out, and keep practicing social distancing even as our communities open up. This can help save lives. https://t.co/zHpJlo2DaE"
HurdOnTheHill,1255562008868671488,2020-04-29 18:18:04,"The Chinese Communist Party is using #COVID19 to exert global power in an attempt to surpass the U.S. as a world super power. 
For decades, many of our allies failed to realize the severity of the threat the CCP posed, but #COVID19 has been a wakeup call.
https://t.co/BUhgLVEocG"
HurdOnTheHill,1255496235412336649,2020-04-29 13:56:43,"I'm joining @kilmeade's radio show this morning to discuss China's #COVID19 action, or rather inaction. 

Tune in to @foxnewsradio at 9:30 ct."
HurdOnTheHill,1255240222985588736,2020-04-28 20:59:25,".@globalfund has made incredible progress globally fighting AIDS, TB &amp; Malaria. With the outbreak of #COVID19, they're facing a new battle that threatens this progress. 
 
I, along with @RepBarbaraLee &amp; @RepMarthaRoby, are calling for $1B to the fund to help fight #COVID19."
HurdOnTheHill,1253791203289677826,2020-04-24 21:01:31,"üö®Great News for Rural Hospitalsüö® 

Hospitals that are partially owned by state or local or governments are now eligible for the #PaycheckProtectionProgram. 

This additional funding could help patients and health care workers in our rural areas."
HurdOnTheHill,1253733944559841282,2020-04-24 17:14:00,"Now is far from the time for China to exert their force over other countries. 
 
Stop using #COVID19 to help yourselves. Your image campaign failed, your attempts to blame the U.S. failed, and this will inevitably fail as well. 
 
https://t.co/JPirwM0mO2"
HurdOnTheHill,1253715825313243137,2020-04-24 16:02:00,"The Chinese Communist Party's misinformation campaign and failures on #COVID19 will have shockwaves around the world. This can and will continue to affect their role across the globe.
 
https://t.co/5qMcHmc2tF"
HurdOnTheHill,1253702738795528193,2020-04-24 15:10:00,"As early as February, there were messages in China trying to tie #COVID19 to the U.S. 
 
It's outrageous the Chinese Communist Party continues to falsely blame the U.S. for #COVID19 while also spreading deadly information about the virus. 
 
https://t.co/ngmZcWIoIT"
HurdOnTheHill,1253687639095590912,2020-04-24 14:10:00,üì∫Tune in to @MSNBC at 9:35 CT this morning. I'm joining @AymanM to talk #COVID19. üì∫
HurdOnTheHill,1253680565863186432,2020-04-24 13:41:53,"American companies lead the world in innovation. 

This week many of those leaders, @IBM, @HP, @Microsoft, @Amazon &amp; others, signed the #OpenCOVIDPledge.

This commitment to idea sharing may be key to a #COVID19 cure. I applaud these companies' efforts.

https://t.co/vESaaTRR7s"
HurdOnTheHill,1253435467220959233,2020-04-23 21:27:57,"Good news ‚û°Ô∏è‚û°Ô∏è‚û°Ô∏èBecause of the #CARESAct, @HHS is awarding more than $39 million in aid to Texas to help respond to #COVID19. https://t.co/juzArQs1NT"
HurdOnTheHill,1253433621744021504,2020-04-23 21:20:37,"This includes incredible scientists right here in #TX23, like those at @UTSA studying molecular compounds. The efforts here and across the U.S. have the potential to create a vaccine or a treatment for #COVID19. 
 
https://t.co/Rzyv1BSglV https://t.co/pnaywktyq2"
HurdOnTheHill,1253352246147940352,2020-04-23 15:57:16,"Another business is stepping up to thank the incredible people taking care of our communities. 
 
@McDonalds is providing free #ThankYouMeals to health care workers and first responders   until May 5.
 
https://t.co/dhAW8CR41B"
HurdOnTheHill,1253055146705158144,2020-04-22 20:16:42,"Misinformation on #COVID19 has literally killed people around the world.
 
Tehran, the Kremlin &amp; the Chinese Communist Party must stop trying to hurt others and focus on helping their own citizens. 
 
https://t.co/DHaC0G6f1j"
HurdOnTheHill,1251228572360065030,2020-04-17 19:18:33,".@Facebook has stepped up to combat misinformation online. This is something everyone can and should help with because misinformation on #COVID19 has actually cost people their lives.

I hope more tech companies will put in the extra effort to stop this.

https://t.co/HoQ6Uz1ohK"
HurdOnTheHill,1250835867096231936,2020-04-16 17:18:04,"It's incredible to see people across our country step up during this pandemic to help our neighbors. 
 
@WWP donated $10 million to help veterans struggling due to #COVID19. 
 
I'm inspired by the generosity of folks during this crisis, &amp; because of them we will make it through."
HurdOnTheHill,1250512376274747394,2020-04-15 19:52:38,"Dear Chinese Communist Party, 

If you really want to improve your image, own up to the fact that your actions worsened this #pandemic. 

Take responsibility and actually help the world. 

Your propaganda campaign is backfiring for a reason. 

https://t.co/ER0XbiqFM2"
HurdOnTheHill,1250430732016599041,2020-04-15 14:28:13,"To open our country faster, one of the things we must improve is contact tracing at scale for someone who tested positive for #COVID19 without infringing on individual privacy. I'm glad @apple &amp; @Google are teaming up to address this. 

https://t.co/x2q8khsHku"
HurdOnTheHill,1250050700526202880,2020-04-14 13:18:06,"Because of #SocialDistancing &amp; the Violence Against Women Act, which I voted for, never being implemented, domestic violence victims are in an extremely vulnerable position.
 
Phase 4 of Coronavirus funding must provide aid to domestic violence victims and shelters."
HurdOnTheHill,1248628556801945600,2020-04-10 15:07:00,"Another example of the Iranian gov‚Äôt lying to the world. If they want to be treated like a normal country: stop killing Americans and our allies, stop killing their own innocent citizens peacefully protesting &amp; stop lying about their nuclear program. 

https://t.co/UOP8T73R3E"
HurdOnTheHill,1248286110125625345,2020-04-09 16:26:15,"American families feel uncertainty every day because of this pandemic. Just last week, 6.6 million people filed for unemployment. Families worry about their next paycheck, the next meal on the table and, worse yet, whether this illness will hit their family next."
HurdOnTheHill,1248030361960853505,2020-04-08 23:30:00,"Bad actors are using a global pandemic to try to hurt the U.S. and our allies. They're targeting individuals as well as businesses large and small. 

Everyone please listen to people like @CISAgov and @NCSCgov .

https://t.co/CNYwA4U101"
HurdOnTheHill,1248009726023086080,2020-04-08 22:08:00,"Software robots in Ireland are a great example of how tech can empower folks on the front-lines of #COVID19 to do what only a human can &amp; actually allow humans to do their jobs faster.

Tech when used appropriately makes humans more efficient &amp; effective.

https://t.co/uTNUf3iORZ"
HurdOnTheHill,1247989021172731905,2020-04-08 20:45:43,"People are eager for information about #COVID19, but don‚Äôt just trust anyone. 

There is misinformation. 

Be thoughtful. 

Be careful. 

And, sometimes you‚Äôll find some of the best advice in the most unexpected places. Thanks, @Steak_umm. https://t.co/kPZShIj44D"
HurdOnTheHill,1247981705845248002,2020-04-08 20:16:39,Let this be a reminder to everyone: Be mindful of where your information is coming from. 5G has nothing to do with #COVID19. https://t.co/9jO8xH7av2
HurdOnTheHill,1247518657124732928,2020-04-07 13:36:40,"The Chinese Communist Party failed to be transparent in its early response to #COVID19, endangering everyone.

Taiwan, however, worked to help others.

The US &amp; our allies should do more to support Taiwan in the intl. arena, including @WHO membership.

https://t.co/qMS94tZ21a"
HurdOnTheHill,1247208698180587521,2020-04-06 17:05:00,"Teams of scientists all over the world are working to fight this pandemic, and @UTHealthSA is taking a leading role in finding a treatment for #COVID19. With some of the brightest minds here in #Texas, it‚Äôs great to see them getting involved in the effort. https://t.co/frK0jPOLv2"
HurdOnTheHill,1247177001036906497,2020-04-06 14:59:03,".@MOFA_Taiwan is donating 10 million facemasks around the world to help their friends, like the U.S., fight #COVID19. 
 
Their generosity is greatly appreciated during such a difficult time. Because of them, more protection is on its way to our health care workers. https://t.co/b5T7P8dPXp"
HurdOnTheHill,1246504114911150080,2020-04-04 18:25:14,"The Chinese Communist Party has undergone an aggressive campaign to cover-up the #Coronavirus' tracks, going so far as to try to blame the U.S. for its spread.
 
This timeline by @axios illustrates the spread of the virus and the CCP's coverup efforts:
 
https://t.co/WPg1VecZGV"
HurdOnTheHill,1246203324107374592,2020-04-03 22:30:00,"From the beginning, the Chinese Communist Party was dishonest about the #coronavirus, which put the world in danger. 
 
@DerekScissors1 of @AEI is right to be questioning the #COVID19 numbers coming out of China.
 
https://t.co/7YOr2RPnJx"
HurdOnTheHill,1246191863419281416,2020-04-03 21:44:28,"This is American innovation at its finest: @CTATech, @AmericanTelemed &amp; @awscloud teamed up to create a directory of telehealth resources that can help health care professionals &amp; families during the #COVID19pandemic &amp; far into the future. 
 
https://t.co/w33uhMOT30"
HurdOnTheHill,1246108770545160193,2020-04-03 16:14:17,"Small Business Owners, find help &amp; emergency funding at https://t.co/xN0eDlOTe2 

Apply for $10,000 grants, navigate gov resources, &amp; ask other business owners for timely advice. 

Please share ‚ù§Ô∏è for #smallbusiness #businessforall #covid19 @helloalice #entrepreneurs #coronavirus"
HurdOnTheHill,1245758027321540609,2020-04-02 17:00:33,"Bad actors are seeking to take advantage of everyone during this pandemic. Scammers are already trying to steal the $1,200 coming to folks. @IRSnews will not call &amp; ask for personal information regarding economic impact checks. Stay alert and be cautious. https://t.co/H4aVQQq3tU"
HurdOnTheHill,1245489871986151425,2020-04-01 23:15:00,".@DFRLab found that the Kremlin is spreading misinformation to the rest of the world in hopes of creating instability and distrust. 
 
We all must be careful when reading about this virus in order to recognize &amp; stop the spread of fake info. https://t.co/UrADkmX5vT"
HurdOnTheHill,1245468601462722560,2020-04-01 21:50:28,"The Chinese Communist Party isn‚Äôt the only country spreading misinformation, so is the Kremlin. They want to create chaos &amp; make it harder for the U.S. &amp; our allies to contain #COVID19
 
These regimes must be held responsible for their actions. https://t.co/znxQPLPSPV"
HurdOnTheHill,1245432384117510147,2020-04-01 19:26:34,"Many businesses are struggling because of #COVID19 and are looking for info. &amp; resources to help. 

We passed the CARES Act to provide more aid to #SmallBiz &amp; all Americans. @HelloAlice has compiled good information about some of the available resources. 

https://t.co/Ti6css8C8l"
HurdOnTheHill,1245057064935792642,2020-03-31 18:35:10,"The @DeptVetAffairs has expanded their resources during the #COVID19 outbreak to make sure our #veterans are cared for during the pandemic. #Texas vets, make sure to join today‚Äôs teletown hall for more info on the VA‚Äôs response and resources. https://t.co/PwuGqfcfRx"
HurdOnTheHill,1245034953211084801,2020-03-31 17:07:19,"My friend @RepMcCaul is right. The Chinese Communist Party keeps lying about this virus. 

We must hold the CCP accountable for putting the entire world's health in jeopardy. https://t.co/tLLxL4kX1A"
HurdOnTheHill,1244990766734135296,2020-03-31 14:11:44,"More than $19 million in resources is coming to the Cities of El Paso and San Antonio and Bexar County to help local efforts to combat the #COVID19 pandemic. 
 
https://t.co/josOlmtKR3"
HurdOnTheHill,1244687021580394498,2020-03-30 18:04:45,"The Chinese Communist Party has historically hidden what goes on inside China. 

They hid #COVID19, then underplayed its severity.
 
Now, as we battle the virus here, it looks like the CCP is still lying to the rest of the world.
 
This is alarming. 
 
https://t.co/6qymgten6r"
HurdOnTheHill,1243924165926715394,2020-03-28 15:33:26,"AI is already proving to be a resource in researching and containing #COVID19.
 
It's encouraging to see American companies using AI to expand upon these efforts. We should learn from this and continue investing in AI.
 
https://t.co/tMkwdNhEJH"
HurdOnTheHill,1243598352194981888,2020-03-27 17:58:46,"...to the incredible health care professionals who face this danger head-on as others seek sanctuary. Today, we take the critical step of passing the CARES Act."
HurdOnTheHill,1243598351385473024,2020-03-27 17:58:46,"This crisis has affected every single person in our American family‚Äîfrom those with health challenges, to our loved ones &amp; colleagues, to those worried about where their next meal might come from..."
HurdOnTheHill,1243598350357798912,2020-03-27 17:58:46,"The American people can and will survive this #Covid19 pandemic, and the resources coming out of the Coronavirus Aid, Relief and Economic Security Act will help ensure that‚Äôs the case.

https://t.co/PxN2b6Xfo8"
HurdOnTheHill,1243551565362929664,2020-03-27 14:52:51,"The American people can &amp; will survive this pandemic. 

The resources coming out of the CARES Act will help ensure that‚Äôs the case. 

This legislation will provide: 

‚úÖAid for families &amp; individuals
‚úÖRelief for small businesses &amp; our health care system
‚úÖBoosts to our economy"
HurdOnTheHill,1243221173061681163,2020-03-26 17:00:00,"The @safoodbank remains in operation to assist those in need of food during the #COVID19 pandemic, and volunteering for the food bank is allowed under the ‚ÄúStay Home, Work Safe‚Äù order issued. 

For details, visit their website ‚¨áÔ∏è
https://t.co/bynjO1npDK"
HurdOnTheHill,1242981163188334594,2020-03-26 01:06:17,"Thanks to @GovAbbott requesting a Major Disaster Declaration, Texas state and local gov't and non profits now have access to new sources of financial assistance from the federal gov't to help our communities overcome the #COVID19 pandemic. https://t.co/HLBKlUzpuZ"
HurdOnTheHill,1242917070263721986,2020-03-25 20:51:36,"Over $500,000 in federal aid is coming to health care facilities in #TX23. 

These grants will provide medical facilities in our district with additional resources to ensure doctors &amp; nurses have what they need to protect themselves &amp; help their patients.

https://t.co/BVUvmiw2wX"
HurdOnTheHill,1242889995091726337,2020-03-25 19:04:01,"Just as preventing the spread of #COVID19 in our communities is important, so is preventing spread in our homes. If you or a loved one contracts COVID-19, @CDCgov emphasizes they should stay in one bedroom and use one bathroom if possible. https://t.co/SbA4NEww8T"
HurdOnTheHill,1242879062382710786,2020-03-25 18:20:34,"Every American has been affected by #COVID19, and we‚Äôre working on additional resources so we have a robust economy after this crisis is over. Each community is impacted differently, and gov‚Äôt at each level working together is how we get through this long dark tunnel. @News4SA https://t.co/hTIT7rFdUb"
HurdOnTheHill,1242798390200741888,2020-03-25 13:00:00,"Hackers aren't just stealing credit card numbers or targeting the federal government, they're targeting state &amp; local governments, @WHO and our hospitals. 

Good cyber hygiene is necessary for all industries, especially during a crisis like this pandemic.

https://t.co/AhhWvcuDEX"
HurdOnTheHill,1242599032956035072,2020-03-24 23:47:50,"Cybersecurity infrastructure is critical infrastructure especially in a crisis. Bad actors were trying to impact the world response to #Covid19 by attempting to hack @WHO &amp; @HHSGov. They failed because of good digital hygiene and vigilant cyber warriors.

https://t.co/Hic9GMy3XS"
HurdOnTheHill,1242580495440982016,2020-03-24 22:34:10,"We can't afford to wait and see what they'll do next. 

The Chinese gov't must commit to increasing transparency for severely impacting the health of the world."
HurdOnTheHill,1242580494480531458,2020-03-24 22:34:10,"Today, I joined colleagues @RepJimBanks, @RepStefanik and many others today to condemn the CCP's #COVID19 cover-up efforts.

Their actions, without a doubt, put the entire world in a dangerous, vulnerable position that is costing people their lives."
HurdOnTheHill,1242580493549395973,2020-03-24 22:34:10,"China's gov't so far in 2020:
‚úÖHid a deadly virus from the rest of the world endangering the lives of billions
‚úÖBanned American journalists from China to hide the Chinese Communist Party's (CCP) actions
‚úÖJoined Russia in spreading #COVID19 lies to stoke fears amid a pandemic"
HurdOnTheHill,1242462492116365314,2020-03-24 14:45:16,"Medical supplies &amp; equipment are of critical importance in the fight to treat and slow the spread of #COVID19. 

If your business has extra equipment you‚Äôre willing to donate it, please consider it. You can help fight #COVID19.

For more information: https://t.co/RJh16Kb5jj"
HurdOnTheHill,1242233731068329986,2020-03-23 23:36:15,"To contain #COVID19, Congress must focus on problem solving, not partisan fights. I spoke with members of the @ProbSolveCaucus today to discuss ways we can work together to address this pandemic."
HurdOnTheHill,1242197586053926918,2020-03-23 21:12:38,"Deploying all tools available to research #COVID19 will help us contain &amp; stop the spread of this virus.
 
Supercomputing, artificial intelligence &amp; quantum computing have tremendous potential that could help us develop a vaccine or treatment.
 
https://t.co/d0VLt9MMuB"
HurdOnTheHill,1241482352389427202,2020-03-21 21:50:33,"Protecting critical infrastructure should always be a top national priority, but, as the world grapples with #COVID19, it‚Äôs even more important. We cannot let our guard down. 

Read more about ways state and local officials can help in this effort ‚û°Ô∏è

https://t.co/SztujvJ0Ot"
HurdOnTheHill,1241454535119269888,2020-03-21 20:00:00,"We know that #COVID19 is impacting #SmallBiz across #Texas. If you are a small business owner in #TX23 with questions, contact @SBA_SanAntonio or @SBA_ElPaso for specific guidance on disaster loan assistance and other resources."
HurdOnTheHill,1240745653858377729,2020-03-19 21:03:10,"The Chinese government is threatening the health of millions, &amp; the Russians are up-to their old tricks to get people to distrust institutions by spreading global disinformation about #COVID19.
 
We must be vigilant when reading info about the pandemic.
 
https://t.co/u6AKXmb7Lk"
HurdOnTheHill,1240661470251278336,2020-03-19 15:28:39,"The Communist Party of China continues to spread malicious lies &amp; threaten American pharmaceuticals, how about we work together to address #COVID19?
 
China should be working with the rest of the world to address COVID19, not deliberately threatening the health of millions."
HurdOnTheHill,1240661469240360972,2020-03-19 15:28:39,"Instead of the Communist Party of China message-testing threats in their government-backed media, how about they talk about their responsibility to help the rest of the world deal with the #COVID19 pandemic that started within their borders?

https://t.co/6yDhIdBitz"
HurdOnTheHill,1240646123003527168,2020-03-19 14:27:40,This pandemic is unprecedented. We are working at all levels of government to find ways to help Americans get through these difficult times. By joining together we can move forward and out of this long dark tunnel. @KABBFOX29 https://t.co/gRmchF75Yk
HurdOnTheHill,1240392105698131969,2020-03-18 21:38:18,"Social distancing saves lives, and so does giving blood. You can do both.
There is a severe blood shortage nationwide, and you can donate blood while also preventing the spread of #COVID19. If you‚Äôre healthy and able, please consider donating because we're #InItTogether https://t.co/HPjUEo7UAY"
HurdOnTheHill,1240270139754455043,2020-03-18 13:33:39,"Social distancing matters. 

Staying home protects you, your kids, parents, neighbors and so many people you don't even know. 

These @washingtonpost graphics show why we should take precautions to help slow the spread of #COVID19.

https://t.co/T99ucxiiOx"
HurdOnTheHill,1240013789191430144,2020-03-17 20:35:00,"Great news for Seniors on Medicare: Medicare is expanding telemedicine in an effort to provide seniors with care from home. 

This will help seniors avoid potential coronavirus infections from traveling to and from their doctors. 

https://t.co/j2P7nCdsLV"
HurdOnTheHill,1240005977765707776,2020-03-17 20:03:57,"China endangered the globe by hiding the deadly, destructive nature of Coronavirus.
 
Now, they want to ban @WSJ, @nytimes &amp; @washingtonpost from reporting on their actions.
 
China keeps attacking human rights &amp; putting us all in danger.
 
What‚Äôs next? 
 
https://t.co/b7c8QK7ywd"
HurdOnTheHill,1240001461976694785,2020-03-17 19:46:01,We all must help slow the spread of #COVID19 in the U.S. by taking precautions and temporarily changing our normal social activities. https://t.co/FtyYxetwmw
HurdOnTheHill,1239940006438977536,2020-03-17 15:41:49,"World powers should be focused on working together to slow the spread of COVID-19 and stop this pandemic.
 
Now is not the time for the Chinese Communist Party to spread disinformation and falsely blame the U.S. for spreading this deadly virus.

https://t.co/UHNiLgU0yt"
HurdOnTheHill,1239669082770886663,2020-03-16 21:45:15,"Social distancing is about more than keeping yourself healthy. 

It‚Äôs about slowing the spread and preventing those at risk from contracting COVID-19. 

https://t.co/X8su0VrmUH"
HurdOnTheHill,1239623718659391491,2020-03-16 18:45:00,"For an update on Texas‚Äô efforts to slow the spread of #COVID19, tune in at 2pm to hear from @GovAbbott, Mayor @Ron_Nirenberg, @Judge_wolff, @TDEM Chief Kidd, and @TexasDSHS Commissioner Hellerstedt.
 
I‚Äôm attending and you can tune in live here: https://t.co/r5mEOd3VTh"
HurdOnTheHill,1239576723919962113,2020-03-16 15:38:15,"Through social distancing we can all help reduce and slow the spread of #COVID19. Americans of all ages should follow @CDCgov guidelines by:
 
‚úÖAvoiding crowded places when possible
‚úÖMaintaining distance from others
‚úÖBreaking the habit of shaking hands or hugging https://t.co/xSfGk2v0kA"
HurdOnTheHill,1238841704662421504,2020-03-14 14:57:33,"This funding ensures free testing, provides paid leave so workers do not go to work sick and supplies food aid for programs that help vulnerable populations. We must continue working together to prevent further spread of #COVID19, reduce the impact and above all save lives."
HurdOnTheHill,1238841702724534273,2020-03-14 14:57:33,"Early this morning I voted for the bipartisan bill that will help our nation get through this public health crisis by providing additional assistance to American small businesses, families and workers."
HurdOnTheHill,1238538344516239366,2020-03-13 18:52:06,Testing capabilities are increasing daily with 10 public health labs in the state currently equipped to process #COVID19 tests and private testing labs coming online as well. The most updated information on statewide efforts can be found here: https://t.co/BAYA08uic5
HurdOnTheHill,1238538343547383816,2020-03-13 18:52:06,"Today @GovAbbott declared a statewide disaster for Texas to be able to rapidly deploy resources to local communities like San Antonio. San Antonio has set up a drive through testing facility for first responders, healthcare workers and high-risk individuals exhibiting symptoms."
HurdOnTheHill,1238506918643187714,2020-03-13 16:47:14,"The @COSAGOV has set up a #COVID19 hotline that is available in English and Spanish. The number for residents to call is 210-207-5779. Our city is strong, and we will get through this together."
HurdOnTheHill,1238506917712011267,2020-03-13 16:47:14,"Tweet 2:

The individual is quarantined along with their family, and health officials in San Antonio have launched a contact investigation. While we continue to monitor updates, I encourage you to follow @SAMetroHealth. For questions about #COVID19:"
HurdOnTheHill,1238506916894162944,2020-03-13 16:47:13,"My fellow San Antonians, city officials notified us this morning that the first case of #COVID19 has been discovered in San Antonio. It is important to know this is not a case of community spread meaning the individual who tested positive had traveled to an infected area."
HurdOnTheHill,1238179029511024640,2020-03-12 19:04:19,"Here are some simple ways to avoid getting sick and protect yourself and others:

üëèWash your hands frequently
üö´Avoid close contact, especially with those who are ill
üßΩClean and disinfect high-traffic surfaces

For more information on #COVID19 visit: https://t.co/288rsEW9ih"
HurdOnTheHill,1238179028810506244,2020-03-12 19:04:19,"If you are feeling sick or showing signs of #COVID19:

‚òéÔ∏èCall your doctor and stay home
ü§íTell them you may have COVID-19 and explain your symptoms
ü©∫Follow their directions and medical advice"
HurdOnTheHill,1238179028043010048,2020-03-12 19:04:19,"People 60 and older are at a higher risk to get sick with #COVID19. For these folks @CDC recommends:

‚ùåAvoiding long trips and crowded places
‚öïÔ∏èStocking up on medication and household items
üè†Remaining at home as much as possible"
HurdOnTheHill,1235322848861925377,2020-03-04 21:54:53,Just passed a critical funding package to continue combating #coronavirus. The supplemental funding will help expedite the creation of a vaccine and ensure government at all levels have additional tools to respond. We must always put the health and safety of Americans first. https://t.co/A91ELIoqLg
HurdOnTheHill,1233019861695127552,2020-02-27 13:23:38,"‚ÄúWhen you're dealing with something of this severity, transparency is important. Especially when it's a global health risk. The fact that [China] didn't allow WHO folks on the ground, they delayed that for several weeks, and it prevented us from gathering additional details.‚Äù https://t.co/rysRVKF61f"
HurdOnTheHill,1233004722208092161,2020-02-27 12:23:28,Going to be live on @CNN to talk the latest on #coronavirus. Make sure to tune in. @NewDay https://t.co/LKfcflZ2QT
HurdOnTheHill,1230214306953822208,2020-02-19 19:35:21,The lack of government transparency from the Chinese Communist Party in dealing with the coronavirus global public health emergency is contributing to the international community‚Äôs inability to resolve the crisis. @HoustonChron https://t.co/DIChy4GtP7
HurdOnTheHill,1226200972227162112,2020-02-08 17:47:48,Just left Lackland Air Force Base in #SanAntonio where 91 individuals who were returned from China are being quarantined to check for signs of #coronavirus. Here‚Äôs an update: https://t.co/lblsfvzSBq
HurdOnTheHill,1225886954497159172,2020-02-07 21:00:00,Heart disease is the leading cause of death in the U.S. and claims hundreds of thousands of lives each year. Today is #WearRedDay and my intern Emma and I have our red on to show our support for Heart Health Month and raise awareness around keeping a healthy heart. https://t.co/1OVOry9Rm1
HurdOnTheHill,1225836025861242880,2020-02-07 17:37:38,"You can't make this up. General Secretary Xi's communist regime detained and silenced Dr. Wenliang for speaking out on the dangers of coronavirus, and now the virus has taken his life.
 
Their refusal to be fully transparent has put the world at risk. https://t.co/a6UOjmdkfU"
HurdOnTheHill,1222622044375920646,2020-01-29 20:46:25,"Just got briefed by @CDCgov, @HHSgov, @NIH, @DHSgov and @StateDept on #coronavirus. Here‚Äôs the latest: https://t.co/0gbfTz6dSN"
HurdOnTheHill,1215059222796349441,2020-01-08 23:54:28,"Our troops are in a dangerous world, and we must protect American lives and our allies. We also have to remember why we are seeing the increased Iranian activity in Iraq: because the Iraqi people were sick and tired of an Iranian puppet as their prime minister. https://t.co/pzamLcDiHx"
HurdOnTheHill,1213926034019627008,2020-01-05 20:51:34,Why are Western journalists letting Iranian officials spew disinformation instead of asking hard questions like: Why did your regime murder 1500 of your own unarmed citizens who were peacefully protesting? Why did your regime use Kataib Hezbollah to attack the US Embassy in Iraq?
HurdOnTheHill,1213137899627143168,2020-01-03 16:39:48,"To my colleagues condemning this decision: the Iranian regime is the culprit, not the victim. They are still the world's top state sponsor of terrorism and have killed hundreds of thousands, including U.S. troops and over 1,500 of their own people for peacefully protesting."
HurdOnTheHill,1178442305503674368,2019-09-29 22:51:54,"L'Shanah Tovah to all my Jewish friends celebrating #RoshHashanah in South and West Texas and around the world. May your new year be filled with health, hope and happiness."
HurdOnTheHill,1157771864208314368,2019-08-03 21:54:57,RT @EPPOLICE: Blood needed urgently. Multiple injured transported to various hospitals. Blood donation centers Vitalent Blood Services at 4‚Ä¶
HurdOnTheHill,1135986223472885760,2019-06-04 19:06:35,"This proposal would fix our broken asylum system that encourages illegal immigration, diverts resources from those with legitimate claims and, in many cases, actually rewards the kingpin human smugglers who thrive on its perpetuation. https://t.co/m2qKbHkINQ"
HurdOnTheHill,1129462859589668864,2019-05-17 19:05:04,"14 million American jobs depend on free trade with Mexico and Canada, and our economies rely on a healthy trading relationship. Removing the Sec. 232 steel and aluminum tariffs on our closest trading allies is the right move to advance negotiations on USMCA. https://t.co/5yEDUoT8bv"
HurdOnTheHill,1101530854088761347,2019-03-01 17:13:15,"RT @UnivHealthSys: Staff from U.S. Rep. @HurdOnTheHill‚Äôs office met with our doctors and young patients including Damian Sarate, a 16-year‚Ä¶"
HurdOnTheHill,1056935439846785024,2018-10-29 15:47:00,"Ensuring an environment of kindness and respect is critical to the health and safety of students and our communities. As we observe #BullyingPreventionMonth, remember that each of us has a role to play and as a society, we must do better. https://t.co/81vrAmpzJM"
HurdOnTheHill,1055960099724894212,2018-10-26 23:11:21,"The hundreds of bird and plant species thriving at Mitchell Lake's Audubon Center have proven to provide impressive economic, environmental and health benefits to the surrounding community. It truly is a natural treasure in my district that all San Antonians should enjoy. https://t.co/Kh5jbnJogh"
HurdOnTheHill,1050135466169778179,2018-10-10 21:26:20,"Everyone has a role to play in preventing bullying at all levels, and as a community, we must do better. I was glad to get local leaders together last month to start a continued dialogue about how we can #StopBullying #StopBullyingDay #WorldMentalHealthDay https://t.co/lgKfcjyCQE"
HurdOnTheHill,1050091352153829376,2018-10-10 18:31:02,"We also must remember to be there for each other and make sure friends, loved ones and strangers know they are not alone. Each of us has a role to play to ensure environments of kindness and respect in our schools and communities #WorldMentalHealthDay"
HurdOnTheHill,1050089817625772034,2018-10-10 18:24:56,It's imperative that we make sure that those who reach out for help have access to resources they need. I'm proud to have supported over 40 bipartisan bills this Congress to expand access to mental health resources and care for civilians and veterans alike #WorldMentalHealthDay https://t.co/45CWWL5XWE
HurdOnTheHill,1046108599179632640,2018-09-29 18:45:00,"Madam Candelaria is a rumored Alamo survivor, nursing the ailing Jim Bowie. The mother of 4 who raised 22 orphans, nursed the sick and aided the poor died at age 113 in #SanAntonio in 1899. She is buried at San Fernando Cemetery. #RememberTheAlamo #HispanicHeritageMonth https://t.co/tidPZZ4Mst"
