maziehirono,1321864374634631169,2020-10-29 17:20:00,"RT @SenateDems: The coronavirus pandemic is getting worse.

Instead of helping Americans, President Trump has called for ‚Äúterminating‚Äù the‚Ä¶"
maziehirono,1321173701535113220,2020-10-27 19:35:31,"RT @SenWarren: Trump said in the debate that the military will distribute a COVID-19 vaccine, but the Senate Armed Services Committee hasn‚Äô‚Ä¶"
maziehirono,1321121905584279552,2020-10-27 16:09:42,"The @FCC today voted again to gut #NetNeutrality‚Äîignoring the impacts on everyday Americans.

Millions rely on broadband during the pandemic to work, study, and see their loved ones. But millions still don't have access. We're fighting for them to restore a free &amp; open internet. https://t.co/jHVqvkgvlE"
maziehirono,1320840917281050624,2020-10-26 21:33:09,"LGBTQ rights. Voting rights. Women‚Äôs equality. Health Care. These rights didn‚Äôt materialize out of thin air ‚Äì they came after hard-fought battles.
¬†
Judge Barrett‚Äôs radical views and her disregard for real-world impacts show #WhatsAtStake if she is confirmed to the Supreme Court."
maziehirono,1320503006891302912,2020-10-25 23:10:25,"The choice we face as Senators is clear. We can choose to protect equality for women, health care for millions, and our fundamental values.

Or we can choose Judge Amy Coney Barrett who was selected to sit on the Supreme Court to do precisely the opposite. https://t.co/F55ZZXX6Us"
maziehirono,1319706713042395136,2020-10-23 18:26:14,"Students during #COVID19 are facing learning loss and other educational challenges like we haven't seen since the Great Recession.

My bill, the Learning Opportunity and Achievement Act, would fund states, school districts and more to address these needs. https://t.co/bxBCZT5kB8"
maziehirono,1319375247934689290,2020-10-22 20:29:06,"RT @SenateDems: A vote by any Senator for Judge Amy Coney Barrett is a vote to rip away health care from millions of Americans.

Watch Amer‚Ä¶"
maziehirono,1318324580000452610,2020-10-19 22:54:07,"The Rule would ‚Äú[leave] States scrambling and exponentially [increase] food insecurity for tens of thousands of Americans.‚Äù

@realDonaldTrump's admin tried to boot 700,000 Americans from food stamps during a pandemic with no justification.

The cruelty is always the point. https://t.co/4hMXhyV3o9"
maziehirono,1317238433035800581,2020-10-16 22:58:10,".@realDonaldTrump claims he doesn‚Äôt know about QAnon ‚Äì which the FBI has ID‚Äôd as a domestic terror threat. 

Trump doesn‚Äôt distinguish between conspiracy theorists, dictators, and oligarchs as long as they like him.

Only 96 more days until the end of his term."
maziehirono,1317203318305918976,2020-10-16 20:38:38,"COVID-19 has shed light on global food insecurity.

On this #WorldFoodDay I celebrate our #FoodHeroes, the farmers and workers that fill plates, and the awarding of the 2020 Nobel Peace Prize to the UN World Food Programme for their fight to end hunger."
maziehirono,1316757118414974976,2020-10-15 15:05:35,"Judge Amy Coney Barrett would strike down the ACA if seated on the Supreme Court.

Thank you to Senate Republicans for not hiding it from the American people as they worry about their healthcare amidst a pandemic during this illegitimate hearing. https://t.co/z62nUQYQpw"
maziehirono,1316494882844934144,2020-10-14 21:43:34,"RT @SenateDems: Senate Republicans are pretending that this is a normal hearing. 

It‚Äôs not.

200k+ Americans have died due to COVID.

The‚Ä¶"
maziehirono,1316443694338318337,2020-10-14 18:20:09,"RT @HispanicCaucus: Last week, the Senate led by @maziehirono introduced the Health Equity Accountability Act.

Our health care system has‚Ä¶"
maziehirono,1316106250137096192,2020-10-13 19:59:16,"Seniors and other Social Security beneficiaries have struggled amid the pandemic and the Trump administration doesn't intend to help.

70 million will only receive a 1.3% COLA for 2021. Well below what they need.
 
My Protecting and Preserving Social Security Act would help. https://t.co/Ev0ZHbSnqk"
maziehirono,1316029749886693376,2020-10-13 14:55:17,"Millions of people have lost their jobs and their health care during the pandemic.
 
Thanks to the ACA they can get covered like Kimberly did when she lost her job in 2014 and found out she had breast cancer.
 
That‚Äôs #WhatsAtStake with the nomination of Judge Amy Coney Barrett. https://t.co/80qREdPIoX"
maziehirono,1315721875801210880,2020-10-12 18:31:54,"Health care is personal to Kimberly and Jordan. It's personal to me too.

When serious illness hits unexpectedly, having health insurance and access to care can save your life. The ACA has provided that peace of mind.

Our health is #WhatsAtStake with the nom. of Judge Barrett. https://t.co/XDeCL9rv2X"
maziehirono,1315709813255475210,2020-10-12 17:43:58,"Instead of rushing to confirm Judge Barrett onto the Supreme Court in the middle of both a pandemic and an election, let‚Äôs end this illegitimate hearing and return to the urgent work to help all those suffering.

American lives are #WhatsAtStake. https://t.co/8NE2cvMRRI"
maziehirono,1315008590470668288,2020-10-10 19:17:34,"This generation of students deserves a quality education‚Äîregardless of the challenges of COVID19.

We must provide the resources they, their parents and educators need to succeed during distance learning.

@SenBooker &amp; I just intro'd a bill to help do that.https://t.co/OEm2EXHQDn"
maziehirono,1314705537808896000,2020-10-09 23:13:20,"UPDATE: After I pushed @USDA in August to extend child nutrition waivers, I'm glad to announce more free school meals will be available through the rest of the school year.

Whether students are doing distance or blended learning, every child should have access to a healthy meal. https://t.co/ODO1uvMJjo"
maziehirono,1314649181945040897,2020-10-09 19:29:24,RT @RepChuyGarcia: Communities of color are disproportionately devastated by #COVID19 &amp; we need bold solutions to address health equity con‚Ä¶
maziehirono,1314618078429405184,2020-10-09 17:25:48,"Our health care system has always fallen short of providing equal access to all our communities, but #COVID19  confirmed how deadly that disparity is.

The Health Equity and Accountability Act ensures everyone has access to quality, affordable health care. https://t.co/SL1cw9lwLc"
maziehirono,1313908123560816644,2020-10-07 18:24:42,"Don‚Äôt wait until October 31 ‚Äì complete the Census today.

Make sure your community gets the resources it needs from health care to infrastructure.

#BeCounted by:
üíª Visiting https://t.co/HkjOA8Y6mY
‚òéÔ∏è Calling (844) 330-2020
‚úâÔ∏è Mailing in your census form

https://t.co/UGu7XN3RqM"
maziehirono,1313616119106662403,2020-10-06 23:04:23,"Millions of Americans are suffering and out of work during this pandemic but instead of doing something to help them, @realDonaldTrump and Mitch McConnell are trying to force through a Supreme Court nominee that would take away your health care.

Talk about misplaced priorities. https://t.co/N2H8NTuc34"
maziehirono,1313538443817910278,2020-10-06 17:55:44,".@RepWexton and I recently introduced a bill (S.4752) to come up with strategies to combat COVID-related misinformation. Turns out, the answer is simple. 

@Twitter and @Facebook can stop giving @realDonaldTrump a megaphone to spread his lies. https://t.co/vU1VvorJAU"
maziehirono,1313221419568857089,2020-10-05 20:55:59,"Although I did not have close contact with Sens. Lee or Tillis, I sought a COVID test out of an abundance of caution after being present at last week's Judiciary Committee hearings and I tested negative today. I will continue self-monitoring and working from home."
maziehirono,1312145974496641024,2020-10-02 21:42:33,"I'm wishing the President and First Lady a speedy recovery from COVID-19.
 
As we continue to confront this moment as a nation, it is imperative that everyone take the threat of this virus seriously and continue wearing a mask, practicing social distance, and washing our hands."
maziehirono,1312111578775351297,2020-10-02 19:25:52,"30 million Americans didn't have health coverage last year‚Äîa direct result of Republican sabotage.

And now they want a Supreme Court nominee that will take away coverage from 20 million more?

We're fighting to #SaveOurHealthCare. Learn more here: https://t.co/1Ta5NYn2PH."
maziehirono,1311710245207638018,2020-10-01 16:51:07,"RT @SenateDems: With a pandemic going on,

rather than dealing with the need to support all these millions of people who are out of work

w‚Ä¶"
maziehirono,1311467393919651840,2020-10-01 00:46:07,RT @SenateDems: Let's be clear: A vote by any Senator for Judge Barrett is a vote to take away health care and eliminate pre-existing condi‚Ä¶
maziehirono,1311431613633433601,2020-09-30 22:23:56,"The clear and present danger from this Supreme Court nominee is the elimination of the Affordable Care Act.

That means eliminating health care for seniors, people of color, those with living with pre-existing conditions, and those with COVID-19. https://t.co/AQMWhvYVgO"
maziehirono,1311050145371484170,2020-09-29 21:08:07,"RT @SenJackReed: As we work to contain #COVID, we must also stop the spread of #disinformation that threatens public health. Intro'ed new b‚Ä¶"
maziehirono,1311034797666557954,2020-09-29 20:07:08,"200,000 Americans are dead.
Over 7 million have tested positive for the coronavirus.

But amidst a pandemic, Amy Coney Barrett as the newest Supreme Court Justice will strike down your health care coverage. We must #SaveOurHealthCare."
maziehirono,1310957598401798147,2020-09-29 15:00:22,"On #NationalCoffeeDay I want to recognize all of the hard working coffee growers in Hawaii that supply high quality coffee to consumers across the globe.

These growers, like so many others, have suffered due to COVID-19 and are finally able to get some relief from USDA‚Äôs CFAP-2."
maziehirono,1310706571903631360,2020-09-28 22:22:53,"Call your Republican Senators.

Call and ask them, ""Why aren't you keeping your word?""
Call and ask them, ""Why are you trying to rip away my health care?""

Your voice matters. https://t.co/s5sNbvF6E1"
maziehirono,1309969754455760897,2020-09-26 21:35:02,"Barrett has an ideological agenda she won‚Äôt acknowledge and an expressed willingness to overturn Supreme Court precedent.

Her agenda poses a direct threat to health care, a woman‚Äôs right to control her body, the rights of LGBTQ Americans, and other individual and civil rights."
maziehirono,1309969751414845440,2020-09-26 21:35:01,"She will vote to strike down the Affordable Care Act after being rushed on the Supreme Court in time to hear the case on November 10.

Millions of Americans will lose their health care ‚Äì catastrophic in the middle of a pandemic."
maziehirono,1309540067266965504,2020-09-25 17:07:36,"RT @TheLastWord: Senator @MazieHirono, a member of the Senate Judiciary Committee, tells @Lawrence that health coverage for millions of Ame‚Ä¶"
maziehirono,1309269398222508033,2020-09-24 23:12:04,"RT @RepWexton: NEW: Today @maziehirono &amp; I introduced a bill to study the dangerous spread of #COVID19 disinformation &amp; misinformation.

Fa‚Ä¶"
maziehirono,1309191445002309634,2020-09-24 18:02:18,"The new Supreme Court nominee will be put in place just in time to rip healthcare from millions.

This is neither hyperbole nor an exaggeration.

On 11/10, the Court will hear the latest challenge to the ACA. And @realDonaldTrump is determined for the Court to strike it down. https://t.co/1tUL8K9pZW"
maziehirono,1308945026936967169,2020-09-24 01:43:08,"The American people need to know what‚Äôs at stake:

Republicans are racing to put a justice on the Supreme Court who will wipe out your health care ‚Äì while we‚Äôre still in a pandemic.

And that‚Äôs just the start. Read more here.¬†https://t.co/vyFGaBZWqt #CapturedCourts"
maziehirono,1308764411256078338,2020-09-23 13:45:25,"RT @SenateDems: With health care, women‚Äôs rights, and so much more on the line, Republicans have reversed their stated principles. 

‚ÄúThe q‚Ä¶"
maziehirono,1308508369720930307,2020-09-22 20:48:00,"RT @NewDay: Americans should know ‚Äútheir health care is about to be wiped out‚Äù during a pandemic that has claimed nearly 200,000 American l‚Ä¶"
maziehirono,1308194022914232320,2020-09-21 23:58:54,"Anyone who's tested positive for COVID-19? 

That's a pre-existing condition‚Äîone that won't be protected if @realDonaldTrump's nominee is confirmed to the Supreme Court.

And it's not just them. Millions will be left without health care without the ACA.

That's what's at stake."
maziehirono,1306724737901572096,2020-09-17 22:40:29,"Nothing fazes Bill Barr as he spews his pro-Trump nonsense ‚Äì not the truth, not the rule of law, and not the lives of American people during this pandemic."
maziehirono,1306342112456253441,2020-09-16 21:20:04,"Everything @realDonaldTrump says is either a total exaggeration or an outright lie.

Health care has always been an issue for our country, but now it‚Äôs more crucial than ever that people have the care they need.

But what is the President doing about it? Nothing. Zero. Nada. Nil. https://t.co/7fbkKsbAne"
maziehirono,1305975557495062528,2020-09-15 21:03:31,"Worth repeating: @realDonaldTrump only cares about himself. He‚Äôs spent the past 4 years packing the courts with judges who think the way he does. This time, a Trump judge is putting the health and safety of Americans at risk, furthering the president‚Äôs agenda. https://t.co/MWBG9oZqHc"
maziehirono,1305289644939137024,2020-09-13 23:37:57,"As we mark the 26th anniversary of the Violence Against Women Act during the pandemic, we see how important it is to have resources for survivors and those at risk of domestic violence and sexual assault. Yet, Mitch McConnell continues stands in the way of VAWA re-authorization."
maziehirono,1304215384799805446,2020-09-11 00:29:13,"Trump is only in it for himself.
 
We are approaching 200,000 Americans dead from COVID-19. And yet he wanted to ""play it down"" to prevent ‚Äúpanic.‚Äù
 
What shibai!
 
@realDonaldTrump‚Äôs entire presidency is centered on spreading panic and irrational fear. https://t.co/VScOPozaq2"
maziehirono,1303076660665815046,2020-09-07 21:04:20,"Unions built the middle class in this country. They're the reason millions have weekends, paid time off, and other benefits. This #LaborDay, join me in thanking the millions of union workers on the front lines keeping us safe, fed, and healthy during the pandemic."
maziehirono,1301643258989342722,2020-09-03 22:08:30,"The pandemic has shed light on what families and children all across the nation have been facing for years‚Äîfood insecurity.

It doesn't have to be this way. Congress can and should be doing something, yet Republicans have decided they simply don't care. https://t.co/YDz9Hmu9tm"
maziehirono,1299044540167475205,2020-08-27 18:02:08,"Only a week before schools opened did Republicans scrape together a non-starter plan.

Our teachers and students can't afford anything less than the necessary resources to ensure healthy and safe schools.

I'm committed to providing those. Read more here. https://t.co/72aubnUQ0S"
maziehirono,1298343547523997701,2020-08-25 19:36:38,"No amount of mansplaining from Peter Navarro to @mitchellreports can justify @realDonaldTrump's continued push for unverified, snake oil treatments.

Navarro/Trump would try to convince us that bloodletting could cure COVID if they saw a potential political benefit."
maziehirono,1295380042122498052,2020-08-17 15:20:43,"RT @SenCortezMasto: For too many Nevadans coronavirus-related resources like testing info, &amp; updates about how to keep families safe aren‚Äôt‚Ä¶"
maziehirono,1293246060501049344,2020-08-11 18:01:02,"Social media has been key for QAnon‚Äôs growth into the mainstream ‚Äî just like the anti-vax movement and other conspiracy theories.

The platforms‚Äô algorithms and features turbocharge the spread of disinformation.

Facebook and the rest must do more to enforce their own policies. https://t.co/IqWlg232SQ"
maziehirono,1291411660897386496,2020-08-06 16:31:47,"Americans shouldn't have to choose between protecting our health or our democracy. We've already seen the impacts of the pandemic's chaos in our elections. 

It's time for the Senate to #ProtectOurVote and pass the John Lewis Voting Rights Advancement Act. https://t.co/4D7qiBOesR"
maziehirono,1291032508138741760,2020-08-05 15:25:10,"Immigrants are disproportionately working in essential jobs to keep Americans safe ‚Äì often at great risk to their own lives. But many of them haven't received a $1200 check.

@PattyMurray and I are urging Mitch McConnell to ensure everyone has equal access to coronavirus relief. https://t.co/wLFH43eN1w"
maziehirono,1291023711491981312,2020-08-05 14:50:13,RT @SenJackyRosen: I‚Äôm joining @MazieHirono and my colleagues to call for #COVID19 relief for tax-paying immigrant families as the public h‚Ä¶
maziehirono,1290828114017292289,2020-08-05 01:52:59,"The truest thing that @realDonaldTrump has said about this pandemic is that he doesn't take responsibility at all.

In fact, it‚Äôs one of the few things he‚Äôs lived up to - to the detriment of millions who are now suffering because he‚Äôs failed at his job. https://t.co/12eJ3O5QXs"
maziehirono,1290810416885641222,2020-08-05 00:42:40,"4.8 million confirmed cases.
158,000 deaths and counting.
 
The CDC is predicting between 5,000 - 11,000 more deaths by August 22nd.
 
And @realDonaldTrump thinks ‚Äúit is what it is‚Äù? https://t.co/Z2SaOEKHUg"
maziehirono,1290793953139265537,2020-08-04 23:37:14,"RT @SenWarren: Immigrant families keep our country running, but they‚Äôve been hit hard during this pandemic. @MazieHirono, @PattyMurray &amp; I‚Ä¶"
maziehirono,1289328199059546119,2020-07-31 22:32:51,"It took an independent judiciary to impose a nationwide injunction against @realDonaldTrump‚Äôs cruel and dangerous public charge rule.
 
If Trump spent as much time addressing the pandemic as he does attacking immigrants, lives would be saved and our country would be better off. https://t.co/TOgJS8FM7x"
maziehirono,1288994052445286400,2020-07-31 00:25:05,"Today as we said goodbye to our much beloved John Lewis, @realDonaldTrump was busy attacking what John fought for - voting rights.

Amidst a pandemic, whether you're a Democrat, Republican, Independent - we should be able to vote safely. One of the safest ways? Voting by mail. https://t.co/YVYAXcTZNr"
maziehirono,1288960756898238467,2020-07-30 22:12:46,"All across the country, COFA citizens work in essential industries, but they lack the health insurance to protect them amidst a pandemic.

The House restored COFA Medicaid eligibility in the HEROES Act. It‚Äôs time for the Senate to join them in righting a historic wrong. https://t.co/MmU8B9ORB6"
maziehirono,1288548926526754818,2020-07-29 18:56:18,"General Tata‚Äôs record of blatant racism and maliciously spreading conspiracy theories makes him unfit to serve as DoD‚Äôs #3 civilian.

While his nomination is par for the course for @realDonaldTrump, he doesn't represent today‚Äôs military values and culture. https://t.co/SQUsrzrTkI"
maziehirono,1288228088875290624,2020-07-28 21:41:25,RT @SenTinaSmith: The House passed a COVID relief bill 10 weeks ago. Mitch McConnell has the Senate confirming judges (we‚Äôve confirmed 200‚Ä¶
maziehirono,1287895086920093697,2020-07-27 23:38:11,"Three years ago, @realDonaldTrump and Senate Republicans tried to take away your health care in the dead of night.

Now they're trying to take away your health care during a pandemic.

I‚Äôd ask again for them to show care or compassion, but we know sadly the answer will be no. https://t.co/IezAhpswGR"
maziehirono,1287827007783538688,2020-07-27 19:07:39,"We're now less than 100 days out from Election Day.
 
As COVID-19 surges, reports indicate serious shortages of PPE including for our poll workers, election workers, and voters.
 
That's why @SenAmyKlobuchar and I are calling on @VP and @FEMA to take immediate action now. https://t.co/Ju5dbLt7Tn"
maziehirono,1287073324883992581,2020-07-25 17:12:47,RT @SenKamalaHarris: Thousands of families across America are feeling the impact of this pandemic even more because of their immigration st‚Ä¶
maziehirono,1286741107590733825,2020-07-24 19:12:41,"Tonight Congress will let the federal eviction moratorium expire forcing millions from their homes during a pandemic.

They‚Äôre facing eviction, homelessness, and the need for emergency shelter.

@SenateDems are addressing these issues head on. But Republicans? Where's their plan? https://t.co/7kb1bjUAxf"
maziehirono,1286664792963534848,2020-07-24 14:09:26,"What‚Äôs happening in Portland isn‚Äôt our America. It‚Äôs @realDonaldTrump‚Äôs sick version of it.

His bromance with dictators comports with his pathetic need to be like them.

We have to speak up and fight back. https://t.co/mEa660QB1l"
maziehirono,1286481324472250374,2020-07-24 02:00:24,"The @FCC's 2.5GHz Rural Tribal Priority Window was meant to help close the broadband gap facing our native communities. But the pandemic has prevented many from actually applying.

We must extend the deadline, take action, and #ConnectTribes. https://t.co/Je9ZBvzuMP"
maziehirono,1286418417755488261,2020-07-23 21:50:25,".@realDonaldTrump and his enablers are pushing to re-open our schools without regard for the health and safety of our teachers, students, and families.

The Senate must step up and put the welfare of our teachers and students ahead of Trump's political self-interest. https://t.co/PTMvSzp26W"
maziehirono,1286339151223304192,2020-07-23 16:35:27,"RT @SenatorMenendez: As we gear up for the #2020Election, health and safety is a top priority. Poll workers, election workers, and voters n‚Ä¶"
maziehirono,1286035467058675714,2020-07-22 20:28:43,"#Hurricane Season is fast approaching. Some quick tips to make sure you're prepared:

‚úÖMake a plan.
‚úÖSecure your home.
‚úÖCheck your emergency kit for 14 days of supplies.
‚úÖHave on hand masks, wipes, and sanitizer.
‚úÖFind your local shelters.
‚úÖSign up for emergency alerts. https://t.co/SfjehfxA1j"
maziehirono,1285722661717508096,2020-07-21 23:45:44,"As @realDonaldTrump tweets lies, Americans die. 
 
141,000+ people have died in our country from COVID-19. We are not doing ""very well."" This President has unleashed chaos and only now says wearing a mask is patriotic.
 
Please: wear a mask, socially distance, don't be racist"
maziehirono,1285671920906764288,2020-07-21 20:24:07,"While trying to minimize testing in our country, @realDonaldTrump indulges himself by getting tested for COVID-19 multiple times a day. 

Typical Trump, serving his paranoiac self-interest while the country suffers. 

Enough already!"
maziehirono,1284188167810187264,2020-07-17 18:08:12,"Undermining data and science isn‚Äôt new to @realDonaldTrump‚Äôs administration.

We condemned China for politicizing and falsifying coronavirus data. Why are we taking a page out of their playbook?

America can do better. https://t.co/OGGsjzsiZw"
maziehirono,1283938926944714752,2020-07-17 01:37:49,"In the midst of this pandemic, no one was waiting with bated breath for Ivanka to step forward to lead us anywhere. Now she and her father (the president) are shilling for the Goya brand. It would be laughable if the whole situation weren't so tragic."
maziehirono,1283511242469052420,2020-07-15 21:18:21,"Of course @realDonaldTrump and Betsy DeVos are using this pandemic as a cover to push their ideological, anti-public school agenda.

We have to fight back as this administration plays politics with the education, health, and safety of our students and teachers. https://t.co/DziecJ4IVq"
maziehirono,1283505119695380485,2020-07-15 20:54:01,"Today, yet again, @realDonaldTrump is providing handouts to industry at the expense of environmental and public health.

According to him every project will receive a quick and fair decision. Unfortunately fair means silencing community input and ignoring climate change. https://t.co/mTy2yXzR39"
maziehirono,1283151264218587136,2020-07-14 21:27:55,"Once again @realDonaldTrump used the pandemic as a cover to push his anti-immigrant agenda.

But he failed thanks to all of you who rose up and spoke out against this administration.

The cruelty and chaos is always the point. https://t.co/2WOBqFBpLS"
maziehirono,1282752648027017216,2020-07-13 19:03:58,"Russia interfered with our elections, period.

But @realDonaldTrump continues to obsess over conspiracy theories denying this fact to cover up his failures in addressing the three crises we're dealing with now - an economic crisis, systemic racism, and the coronavirus pandemic. https://t.co/g4l4mOnnmC"
maziehirono,1281253399959416833,2020-07-09 15:46:29,"Science-based actions that save lives: Wear a Mask, Social Distance, Follow CDC Reopening Guidance.

POTUS-based actions that threaten lives: Refuse Masks, Schedule Rallies, Demand Reckless Reopening.

@realDonaldTrump needs to get out of the way and let scientists do their jobs. https://t.co/IQsi65ytm5"
maziehirono,1280549317422592003,2020-07-07 17:08:43,"2000+ hate incidents and counting against Asian Americans have been reported during the pandemic.

Tell me again there isn't anything wrong with @realDonaldTrump's rhetoric. https://t.co/SXCg9TLlEB"
maziehirono,1280266433734246405,2020-07-06 22:24:38,"Tyson Foods Estimated Net Worth: $40 billion
Walmart Estimated Net Worth: $514 billion
 
But taking simple steps to protect workers and their families from COVID-19? Apparently not worth it.https://t.co/5jlUffwQhd"
maziehirono,1279490358095876098,2020-07-04 19:00:47,"This Fourth of July, I continue to reflect on the ongoing protests and calls for justice in our country. As we march toward greater equality, we help our nation become a true land of liberty and freedom for all. And while you celebrate -- stay safe and mask up."
maziehirono,1278757576654688257,2020-07-02 18:28:59,Wear a mask.
maziehirono,1278419107856166912,2020-07-01 20:04:01,"Those in Hawaii aren't strangers to rising rents and a high cost of living, and COVID-19 has only made it harder to make ends meet.

But @hibudgetcenter estimates that 44,000 households in HI could remain in their homes with a subsidy of only $500 a month.

Just $500."
maziehirono,1278419107185033228,2020-07-01 20:04:01,"26 million people across the country will have trouble paying rent in September. And yet Republicans thought one stimulus check of $1200 during the pandemic would be enough. What a joke.
 
Americans need assistance, they need #RentReliefNow."
maziehirono,1276584137344847876,2020-06-26 18:32:30,"Women especially WOC have shouldered the burdens of the pandemic from lost wages, unpaid care and household labor, to an uptick in domestic violence.

And yet the #HeroesAct to fix some of those needs waits on @SenateMajLdr‚Äôs desk. What's the plan, Mitch? https://t.co/fomYwqPtZW"
maziehirono,1276267036348383234,2020-06-25 21:32:28,"As #COVID19 moves across the country, our state and local governments need our help. Congress must help our communities maintain critical services they need to safely reopen.

I said it in April, and I'll say it again now - we need to #FundtheFrontLines. https://t.co/vhPcA6D6Bf"
maziehirono,1273765496148688896,2020-06-18 23:52:14,"Justin Walker is an ardent advocate and defender of ‚ÄúBrett Kavanaugh's America‚Äù ‚Äì which would discriminate against LGBTQIA+ and deport Dreamers.
 
Instead of addressing COVID19 or policing reform, @SenMajLdr rammed through his protege's nom for a seat that isn't open until Sept."
maziehirono,1273620517208162305,2020-06-18 14:16:08,"RT @SenJeffMerkley: Nearly 30,000 additional Americans have lost their lives to COVID-19 since the House passed the HEROES Act on May 15. M‚Ä¶"
maziehirono,1273312081576689665,2020-06-17 17:50:31,"RT @NIST: To help prevent the spread of COVID-19, cover smart by wearing a face covering made with a few layers of tightly woven fabric tha‚Ä¶"
maziehirono,1272692114594377730,2020-06-16 00:47:00,"8 years ago, DACA was created to protect thousands of young Americans. More than 200,000 are now working on the front lines of the pandemic.

But @realDonaldTrump put their lives in jeopardy. As we wait for the Supreme Court, we must continue fighting for those whose #HomeIsHere."
maziehirono,1272598541395877888,2020-06-15 18:35:10,RT @civilrightsorg: TODAY: We‚Äôre fighting to protect our health care &amp; rights by rallying to stop Trump's anti-civil rights judicial nomine‚Ä¶
maziehirono,1270499921175687168,2020-06-09 23:36:00,"Our country is facing three crises:
1. a public health crisis
2. an economic crisis
3. a systemic racism and police brutality crisis

I feel a sense of urgency to confront all three. Mitch McConnell only feels a sense of urgency to protect his power and confirm right-wing judges. https://t.co/KxvZkFFaEk"
maziehirono,1268662063527874561,2020-06-04 21:53:01,"More than 200,000 DACA recipients are fighting this pandemic on the front lines. And yet President Trump still wants to remove them from the only place they know as home.

It's been a year since the House passed the Dream and Promise Act. The Senate needs to act now. #HomeIsHere"
maziehirono,1267576123636043780,2020-06-01 21:57:52,"RT @SenateDems: We're holding a moment of silence to remember the more than 100,000 American lives lost to COVID-19. #WeRemember https://t.‚Ä¶"
maziehirono,1266761199565357057,2020-05-30 15:59:39,"RT @SenBobCasey: It is shameful and disturbing that some have used this pandemic as a pretext to act on hateful ideologies, which is why I‚Ä¶"
maziehirono,1266221150784364544,2020-05-29 04:13:42,"RT @SenBrianSchatz: Tonight, @maziehirono and I answer questions about the federal coronavirus response in a @KHONNews town hall.

Tune in‚Ä¶"
maziehirono,1265807917913116674,2020-05-28 00:51:39,"Many COFA citizens come to the US to work in the meat industry. As they continue to work, their health and the health of their families and communities is at heightened risk from #COVID19.
 
We must pass my Covering Our FAS Allies Act to ensure everyone has access to health care. https://t.co/hMh7XZ9oQA"
maziehirono,1265752768419110916,2020-05-27 21:12:31,"For the last 50 years Republicans have planned for this moment - packing our courts with the most ideologically driven right-wing judges possible.

Our health care, civil rights, voting rights and democracy are at stake. See for yourselves. #CapturedCourts https://t.co/n9UprHNFRg"
maziehirono,1265427168894636034,2020-05-26 23:38:42,"In Hawaii - we honi, we hug. It's how we show our aloha.
 
But the pandemic has changed that. For doctors like Jordan Lee, it's even changed the way they practice medicine.
 
Thank you Dr. Lee for your service. https://t.co/Dur72mbW8z"
maziehirono,1264993460039409666,2020-05-25 18:55:17,"While COVID-19 has forced the cancellation of our traditional remembrance ceremonies, we can still pay homage to those we‚Äôve lost and reflect on their enduring legacy. During this pandemic, we can demonstrate that by doing our part to keep our communities safe."
maziehirono,1263967037199613960,2020-05-22 22:56:39,"These AAPI health heroes are risking their lives every day to protect their fellow Americans during this pandemic. They shouldn‚Äôt have to fight racism and the coronavirus. 

It‚Äôs 2020 everyone, it‚Äôs past time to step up. https://t.co/MPyJOYI5t5"
maziehirono,1263606709873979393,2020-05-21 23:04:50,"Instead of responding to #COVID„Éº19, Senate Republicans are packing our courts with right-wing views. Cory Wilson replaces a Fifth Circuit nom who was rejected for not being conservative enough.
 
Are his views going to seep into his decisions? Common sense says yes. #StopWilson https://t.co/xeuGpHNVH6"
maziehirono,1263188337860501506,2020-05-20 19:22:23,"As people all over the world use rainbows as a symbol of hope during the coronavirus pandemic, Israel Kamakawiwoole's rendition of Over the Rainbow has brought us much needed positivity and love.

On what would've been his 61st, Happy Birthday Iz. https://t.co/dsMgKNjMvs"
maziehirono,1262757044622262273,2020-05-19 14:48:34,Why are we even talking about @realDonaldTrump taking hydroxychloroquine when he's literally sucking the life out of our country with his callous incompetence during this pandemic?
maziehirono,1262555831427567617,2020-05-19 01:29:02,"Vincent Chin would have been 65 today. His brutal murder sparked generations to fight for civil rights for AAPIs. This fight continues during the #COVID19 pandemic.
 
We must remain vigilant.
We must raise our voices.
We must stand against bullying and racial hatred. https://t.co/f7ZeuJmOwC"
maziehirono,1262412330975014917,2020-05-18 15:58:48,"There‚Äôs a clear need for urgency in how we handle the pandemic, but you wouldn‚Äôt know it with @realDonaldTrump deflecting all responsibility.

For Mitch McConnell and the President to say we should take a pause is tone deaf to what the people in our country are going through. https://t.co/hHIT1FiG43"
maziehirono,1261418607944187904,2020-05-15 22:10:06,"UPDATE: The Commission on Civil Rights has agreed to @SenWarren, @SenDuckworth and my demand to issue guidance to agencies on addressing #COVID19 related discrimination &amp; hate crimes against Asian Americans. We can do and should be doing more.
https://t.co/intc2NnkWv"
maziehirono,1261087924449402880,2020-05-15 00:16:05,"A judge who likens the racist, years-long incarceration of 120k Japanese American men, women, and children behind barbed wire and under armed guard during WWII to a public safety measure during this pandemic is not only outrageous, but disgusting."
maziehirono,1261050101633556484,2020-05-14 21:45:48,"Calling all farmers and ranchers: visit https://t.co/y28QfPNq7n today to fill out forms and gather info if you‚Äôve suffered losses due to #COVID19.
 
@USDA is offering $16B in direct payments through the Coronavirus Food Assistance Program and will begin taking applications soon."
maziehirono,1260719690411843586,2020-05-13 23:52:51,"Every American should be able to vote without risking their health. We need to allow people to vote by mail - states like Hawaii already do this.

When we can‚Äôt administer elections safely and securely, everyone should be concerned ‚Äì no matter which side of the aisle you‚Äôre on. https://t.co/KL3XoTlX33"
maziehirono,1260609430766473216,2020-05-13 16:34:43,"Facing dangerous working conditions during the pandemic, Filipino nurses in Hawaii and across the country have continued to report to duty even as they face anti-Asian racism while risking their lives to help save others.

Thank you to our #ImmigrantHealthHeroes. https://t.co/2BRuRxmY4e"
maziehirono,1260292753923215361,2020-05-12 19:36:22,"With a President who says 'Chinese Virus' and staff who say 'Kung Flu', it's no surprise there's a surge in discrimination against Asian Americans.
@realDonaldTrump continues to divide not unify our country. We must condemn this racism and do more to protect our fellow Americans. https://t.co/XdGuIikZz8"
maziehirono,1259279812406972416,2020-05-10 00:31:18,"#COVID19 has transformed the lives of students in Hawaii and across the country. Our teachers have rushed to adapt to our new normal, but Congress needs to step up and address the challenges they're facing. 

Read on to see the actions we can take. https://t.co/ou5IZVbfOY"
maziehirono,1258932789627572224,2020-05-09 01:32:21,RT @ChrisCoons: Our bold new legislation to expand @AmeriCorps will help communities across the country respond and recover from #COVID19.‚Ä¶
maziehirono,1258804434852872192,2020-05-08 17:02:19,"During #NationalNursesWeek, we thank you for the compassionate care you're giving on the frontlines of the coronavirus pandemic every single day. We couldn't get through this crisis without you.

We should be thanking the nurses in Hawaii everyday for what you do. Stay safe. https://t.co/TfOmeUUYND"
maziehirono,1258504666930970626,2020-05-07 21:11:09,"Where did the coronavirus come from?
üö´ 5G Towers
üö´ GMOs
üö´ A flu vaccine from the 2010s
 
While doctors and nurses fight the coronavirus pandemic, they're also fighting mass disinformation. We can #StopTheInfodemic if @Facebook, @Jack, and @SusanWojcicki step up."
maziehirono,1258483277159071746,2020-05-07 19:46:09,"RT @hiconversation: Today on The Conversation:

-@maziehirono's concerns as Hawaii relaxes #COVID19 restrictions
-A local college student c‚Ä¶"
maziehirono,1258104183129018368,2020-05-06 18:39:46,"Instead of focusing on our frontline workers, small businesses, or families, Mitch McConnell convened the Senate to confirm Justin Walker, an anti-health care nom, during a pandemic.
 
Republican priorities are clear. And they don't include health care or relief for Americans. https://t.co/sqRNpPMAJK"
maziehirono,1257808231256162304,2020-05-05 23:03:45,"Regard for truth and science parted company from @realDonaldTrump long ago in his all-consuming desire to protect himself.

Now he‚Äôs going to shut down the Coronavirus Task Force to deny a platform for Dr. Fauci and Dr. Birx to speak the truth about this pandemic. https://t.co/AkN4kwhGBq"
maziehirono,1257779655479832582,2020-05-05 21:10:12,"RT @SenDuckworth: Asian Americans are still facing racism and xenophobia related to the #COVID19 pandemic.

That‚Äôs one reason why @SenatorD‚Ä¶"
maziehirono,1257734149017866240,2020-05-05 18:09:23,"RT @SenateDems: The Senate should be focused on responding to the coronavirus pandemic.

Instead, Senator McConnell is trying to speed thro‚Ä¶"
maziehirono,1257445131315302401,2020-05-04 23:00:56,"Mitch McConnell has seriously misplaced priorities. Millions of Americans are depending on Congress to take decisive action due to #COVID19.

And what's he bringing the Senate back for? Confirming yet another anti-health care judicial nominee like Justin Walker. Give me a break. https://t.co/1JRXFrqSSg"
maziehirono,1257031134891966466,2020-05-03 19:35:51,"There is an all out assault on women's health even during this pandemic. Across our country, anti-abortion ideologues have used #COVID19 as an opportunity to push their agenda and stop women from obtaining necessary medical services.

We must remain vigilant and fight back. https://t.co/6PgJ5qbKPi"
maziehirono,1256425769913458695,2020-05-02 03:30:21,"RT @FIAnational: Today is #InternationalWorkersDay! #COVID19 has made visible what we have always known, that immigrants are an integral pa‚Ä¶"
maziehirono,1256382537393491968,2020-05-02 00:38:34,"In Hawaii, #MayDay is #LeiDay. This Na Lei Koa Day is a chance to display our aloha even during #COVID19 and to thank all essential workers - that's you.
 
I stand proudly with those on the front lines of this pandemic fighting for their right, pay, and safer working conditions. https://t.co/TbIMnW3R1W"
maziehirono,1256338921211887618,2020-05-01 21:45:15,"Hey @realDonaldTrump, your E.O. forgets to treat workers like human beings. Here, let me help:
 
Section 2(d) Secretary of Agriculture shall REQUIRE all meat and poultry processing facilities comply with a federal emergency standard that protects the health and lives of workers. https://t.co/jks3mqd77g"
maziehirono,1255961815512645633,2020-04-30 20:46:46,"RT @SenatorDurbin: #COVID19 affects all residents. And sadly, there are many stories like Ms. Mendez's. That's why I'm proud to cosponsor @‚Ä¶"
maziehirono,1255570465558605829,2020-04-29 18:51:41,"Today is #TrueColorsDay, a day to raise awareness and take action to end LGBTQ youth homelessness who are especially vulnerable during this global pandemic. 

We must take action to ensure safety and equality for all. No one should face discrimination when seeking resources. https://t.co/00K54arnfw"
maziehirono,1255301652376178688,2020-04-29 01:03:30,"Hawaii has seen the great job Mayor Derek Kawakami is doing leading Kauai County during the #COVID19 pandemic. Now the entire country is seeing how he's a leader with a heart and he dances too! 

Read more here: https://t.co/gW9DWiMMpj https://t.co/c8BYyHHMaa"
maziehirono,1255277480975503360,2020-04-28 23:27:28,"The @hawaiifoodbank has stepped up yet again in the face of unprecedented demand during the #COVID19 pandemic. Read more about my conversation with its President and CEO Ron Mizutani on Medium.

Follow the link here: https://t.co/uLLPlM4a5o"
maziehirono,1253812414736408577,2020-04-24 22:25:49,"The Chinese Exclusion Act.
The Japanese Incarceration Camps.
And now @realDonaldTrump‚Äôs ‚ÄúChinese virus‚Äù.
 
This country‚Äôs long history of anti-Asian racism just got its newest addition. Enough is enough.
https://t.co/o0jdoksTID"
maziehirono,1253092120430350337,2020-04-22 22:43:37,"This Earth Day, pictures of clear seas and skies remind us of our responsibility to maintain a healthy planet."
maziehirono,1252674887874985986,2020-04-21 19:05:41,"We have a president that takes ‚Äúno responsibility‚Äù for his failures on #COVID19. Now he‚Äôs trying to distract us from his incompetence with yet another attack on immigrants.

We don't need another ""executive order.‚Äù We need executive leadership @realDonaldTrump refuses to provide."
maziehirono,1252315780735217671,2020-04-20 19:18:43,"RT @SenKamalaHarris: This virus impacts everyone‚Äîit doesn't care about race, ethnicity, or immigration status. And that means vital COVID-1‚Ä¶"
maziehirono,1252311141004476416,2020-04-20 19:00:17,"RT @Ilhan: Nearly 1.7 million immigrants are healthcare workers and millions more are essential workers. 

They too are risking their lives‚Ä¶"
maziehirono,1252310634974392321,2020-04-20 18:58:16,"RT @NILC: What does the Coronavirus Immigrant Families Protection Act do?
1Ô∏è‚É£ Ensures access to testing, treatment, and relief benefits
2Ô∏è‚É£‚Ä¶"
maziehirono,1252309846441025541,2020-04-20 18:55:08,"RT @civilrightsorg: We support the Coronavirus Immigrant Families Protection Act led by @maziehirono, @SenKamalaHarris, @RepJudyChu, @RepRa‚Ä¶"
maziehirono,1252309814895656961,2020-04-20 18:55:01,RT @SenWarren: Immigration status shouldn't be a barrier to getting COVID-19 testing &amp; treatment. And nobody should be afraid that seeking‚Ä¶
maziehirono,1252309798072311814,2020-04-20 18:54:57,RT @SenatorDurbin: #COVID19 does not discriminate based on immigration status. Undocumented immigrants ‚Äì many of them essential workers on‚Ä¶
maziehirono,1252308621226053632,2020-04-20 18:50:16,RT @SenJackyRosen: La @SenCortezMasto y yo estamos orgullosas de copatrocinar el proyecto de ley Protecci√≥n Ante el Coronavirus para Famili‚Ä¶
maziehirono,1252288513913040900,2020-04-20 17:30:22,"COVID-19 doesn't discriminate on immigration status, socioeconomic status, or English-language proficiency. Programs established to help people suffering during the pandemic must include everyone.

This is a #NationofImmigrants where #DiversityIsOurStrength. Support the CIFPA. https://t.co/dBhVc5mHnS"
maziehirono,1251162963064442887,2020-04-17 14:57:50,"It‚Äôs been more than a year since @DHSGov said they were monitoring the conditions in Venezuela while 200,000 Venezuelans in America waited. Forcing them back to a human rights crisis amid a pandemic could be catastrophic. 
 
It‚Äôs time for the Senate to extend #VenezuelaTPSNow."
maziehirono,1250855566395748360,2020-04-16 18:36:21,"I opposed Andrew Wheeler as EPA Administrator because he cared more about the fossil fuel industry than public health.

Today the EPA issued an outrageous rule to weaken limits on mercury emissions from power plants, harming child development and making the air dirtier. https://t.co/9C0PQQ0Jcn"
maziehirono,1250491659713802240,2020-04-15 18:30:19,"We all need some good news these days with the coronavirus pandemic.
 
Here‚Äôs a story from Hawaii about an Eagle Scout candidate and his dad finishing the Makiki Community Garden toolshed.
 
A perfect way to help out the community. Thank you Kai and John. https://t.co/J648QWhwhQ"
maziehirono,1250159629667008517,2020-04-14 20:30:57,"RT @StarAdvertiser: UPCOMING LIVESTREAM 

Join us at 10:30 a.m. for a livestream with @maziehirono who will take your questions on COVID-19‚Ä¶"
maziehirono,1248329944251412482,2020-04-09 19:20:26,"A special enrollment period would empower millions to get covered not only to protect themselves, but their families and our communities during this pandemic.

The President needs to stop playing politics, and start saving lives. @SenateDems are calling to open enrollment - now. https://t.co/rfg7P53e34"
maziehirono,1247551835012988928,2020-04-07 15:48:30,"RT @WHO: It's #WorldHealthDay!  

All over the world nurses, midwives and all health workers are fighting day and night to keep us safe fro‚Ä¶"
maziehirono,1247309763169398784,2020-04-06 23:46:36,I can see why @realDonaldTrump likes Peter Navarro so much. Both spread dangerous misinformation not based on fact and science during a pandemic. Birds of a feather flock together.
maziehirono,1247196594522464256,2020-04-06 16:16:54,".@realDonaldTrump shook-down a foreign leader, stonewalled Congress and bullied whistleblowers. In the midst of a pandemic, he's abusing his power to take revenge on the IG who did his job to inform Congress of whistleblower's complaint.

We need a President not a petty dictator. https://t.co/vgju9omrE4"
maziehirono,1246228805968179200,2020-04-04 00:11:15,"With the nominations of Justin Walker and Cory Wilson, @realDonaldtrump and @SenMajLdr are sending a clear message on what their priorities are.
 
They‚Äôre pushing anti-health care nominees at a time Americans are facing a public health crisis unlike anything we‚Äôve ever seen. https://t.co/J7Zb4khV6M"
maziehirono,1246115817613414414,2020-04-03 16:42:17,"The guidance from the IRS would have made our senior citizens face yet another burden during the #COVID19Pandemic.

I pushed @Treasury to ensure that our seniors would automatically be sent stimulus payments without having to file a tax return. Our seniors need help from us now. https://t.co/bcfKkYS1EC"
maziehirono,1245796618223435776,2020-04-02 19:33:54,"The racist rhetoric from the highest level of our government has contributed to a disturbing rise in hate-crimes targeting Asian Americans.

Calling the #COVID19Pandemic the ‚ÄòWuhan virus‚Äô, ‚ÄòKung flu‚Äô, or ‚ÄòChinese virus‚Äô isn‚Äôt clever or funny, it‚Äôs wrong and deeply harmful. https://t.co/IZCxUocBc2"
maziehirono,1245495686050824197,2020-04-01 23:38:06,"DHS must release low-risk, vulnerable detained persons now. The health and safety of those in ICE detention are at stake here.

There‚Äôs no time for the @DHSgov, @ICegov, and @CBP to waste while those who are stuck in detention are left as sitting ducks for the coronavirus. https://t.co/yrCWxKyNVw"
maziehirono,1245101738778124293,2020-03-31 21:32:42,"Under the cover of coronavirus, @realDonaldTrump is rolling back fuel economy standards, against the advice of scientists and even the auto industry.
 
We‚Äôre going through an economic crisis and yet this move would cost drivers at the pump to benefit the oil industry. https://t.co/kF68ASmmjD"
maziehirono,1245038751342120965,2020-03-31 17:22:24,"During a public health emergency when it‚Äôs clearer than ever that we all need health care, @realDonaldTrump is racing to put Cory Wilson ‚Äì an extremely partisan, anti-Affordable Care Act nominee ‚Äì on the federal circuit court where Trump is fighting to undermine the ACA. https://t.co/MfxJFIlswI"
maziehirono,1244740932693614592,2020-03-30 21:38:59,"Having to isolate at home during #COVID19 can mean being with an abuser for those who experience domestic violence.

The @dvachawaii now has live chat on their website: https://t.co/zvIRt6PbZg. You can also reach them at their new text line: 605-956-5680.

You are not alone. https://t.co/AafJmB6NXn"
maziehirono,1243648415176822788,2020-03-27 21:17:42,"RT @HispanicCaucus: During this COVID19 crisis, we thank the 27K #Dreamers on the frontlines.
We must protect #DACA so that 700k #Dreamers,‚Ä¶"
maziehirono,1243626386247618562,2020-03-27 19:50:10,"Thank you to the doctors, nurses, firefighters, and other first responders who are on the front lines of this pandemic. 

While they do their jobs at great personal risk, @realDonaldTrump refuses to do his. We can‚Äôt change him, but the rest of us can do the right thing. https://t.co/GWt7v6723C"
maziehirono,1243584158640885762,2020-03-27 17:02:22,"At a time like this, the @US_FDA still enforces their discriminatory ban that healthy gay and bisexual men cannot donate blood. This policy was never grounded in science and continues to uphold stigmas that must end now.

To change this policy now would help save countless lives. https://t.co/szxgilPZg2"
maziehirono,1243352138836840448,2020-03-27 01:40:24,"If you're healthy and able to do so, please consider donating blood to help meet the need during the coronavirus pandemic.

Due to blood drive cancellations, @BloodBankHawaii needs Hawaii residents to #donateblood. You can still make an appointment even under stay-at-home orders. https://t.co/siRDGXfECH"
maziehirono,1243294300055785472,2020-03-26 21:50:35,"ATTENTION: If you‚Äôre a small business owner, help is on the way during the COVID-19 pandemic. Provisions I introduced would cover your payments to @SBAgov.
 
This loan covers expenses up to $10M per business so you don‚Äôt have to fire your workers and can pay your rent/utilities."
maziehirono,1243269325995343873,2020-03-26 20:11:20,RT @crookedmedia: New #Hysteria: @morninggloria &amp; @AlyssaMastro44 go in on GOP fuckery and the Senate‚Äôs new COVID-19 aid package with Senat‚Ä¶
maziehirono,1243025493835776007,2020-03-26 04:02:26,"decisions that are changing our way of life and impacting HI‚Äôs economy deeply. This legislation, while not perfect, is an ambitious effort to bolster our health care system, provide much needed relief to workers and families across the country, and support small businesses."
maziehirono,1243025491319296000,2020-03-26 04:02:26,"The coronavirus pandemic is a challenge that will require not just a whole of government, but a whole of society effort to overcome. Governors and Mayors in HI and across the country have had to make difficult but necessary decisions to protect public health -"
maziehirono,1242553334231437313,2020-03-24 20:46:15,"If you or someone you know is a domestic violence victim or survivor, the @NDVH hotline is an essential resource. If you need help, call 1-800-799-7233.

I am urging @HHSGov to ensure access to vital domestic violence services during the coronavirus pandemic.

You are not alone. https://t.co/bkra9kgHDn"
maziehirono,1242471026375737344,2020-03-24 15:19:11,"Hawaii‚Äôs farmers, producers, and food supply chain businesses are working tirelessly to meet the unprecedented national demand driven by the coronavirus pandemic.

Join me in thanking them for their hard work during these uncertain times this #NationalAgDay."
maziehirono,1241870121867542528,2020-03-22 23:31:24,"Mitch McConnell‚Äôs bill demonstrates that Senate Republicans are not taking this pandemic seriously. It‚Äôs past time for them to get serious about passing a bill that does much more for American workers, families, and the most vulnerable."
maziehirono,1241094442448232450,2020-03-20 20:09:08,RT @JAIncarceration: Trump has chosen to use divisive and racist rhetoric on #COVID19 to distract from his failures as commander-in-chief.‚Ä¶
maziehirono,1240671336709701638,2020-03-19 16:07:51,"Homeless service providers across the country are echoing what I‚Äôm hearing from organizations on the front lines in Hawaii dealing with coronavirus.
 
We need protective equipment, medical supplies, emergency food supplies ‚Äì and we need them quickly. https://t.co/4jn5K9dxVd"
maziehirono,1240003502249820168,2020-03-17 19:54:07,"Congress needs to take extraordinary action right now to help those who may lose their jobs, who may lose childcare services, and the myriad of problems people may face due to coronavirus.
 
Families and communities need our help right now. https://t.co/TNHB8oF531"
maziehirono,1239698771497365504,2020-03-16 23:43:14,"Here are some quick tips on how to stay safe and stop the spread of coronavirus in our communities.

Above all else, let‚Äôs remember we‚Äôre all in this together. Be kind to yourself and your family. Take care of each other. Lend a helping hand. https://t.co/VcBRoozcRb"
maziehirono,1238222966917390338,2020-03-12 21:58:55,#Covid_19 has illuminated the huge gaps in health care coverage in our country and how it's a risk for all of us. States like Hawaii that are dependent on tourism are seeing the impacts where people don't have paid sick leave. We have to help these workers and their families. https://t.co/388FFPRddc
maziehirono,1238104697128521729,2020-03-12 14:08:57,"Congress needs to pass
‚úì a paid leave bill
‚úì an unemployment compensation bill
‚úì and ensure everyone has health care
 
We need to pass emergency bills to help the American people dealing with coronavirus. Why won‚Äôt Republicans realize what families are facing in our country? https://t.co/rML4C1Kdij"
maziehirono,1237931093170454528,2020-03-12 02:39:06,"The coronavirus is already in the United States. Mr. President, where are the test kits? Still no straight talk from @realDonaldTrump. Auwe!"
maziehirono,1237862832684728329,2020-03-11 22:07:52,"No handshakes, no problem.

In order to help stop the spread of coronavirus otherwise known as #COVID19, I'll be following a 'no handshake' policy. https://t.co/8L6nqzQwnq"
maziehirono,1237137891395915776,2020-03-09 22:07:12,"What‚Äôs one of the best ways to stop the spread of coronavirus? By washing your hands, not perpetuating racist stereotypes.

We must stop the spread of conspiracy theories and misinformation that do nothing but create fear, incite violence, and further endanger our public health. https://t.co/1ruUgynY1D"
maziehirono,1236115670242390021,2020-03-07 02:25:16,I‚Äôm closely monitoring the newly announced case of COVID-19 in Hawaii and will continue to work to ensure our federal partners are doing everything they can to assist state and county officials to keep Hawaii residents safe. https://t.co/YnO8rMYlKj
maziehirono,1234953479443165184,2020-03-03 21:27:08,"After hearing from @VP and his team on #COVID_19, one thing is clear: this administration needs to be particularly precise, transparent, and accurate in how they communicate to the public given their self-inflicted credibility problem. This is not a time for empty reassurances."
maziehirono,1232795338047676418,2020-02-26 22:31:27,.@realDonaldTrump is only thinking about what he can do to protect himself. I‚Äôm certainly not going to take the lead from the President on coronavirus. I‚Äôm going to listen to the professionals in the CDC and public health experts who have experience with infectious diseases. https://t.co/EmCT0QynIH
maziehirono,1232454995678769154,2020-02-25 23:59:03,".@realDonaldTrump is engaging in wishful thinking if he thinks the coronavirus has been contained. The President should care about the health of his own citizens, but instead he‚Äôs more concerned about the stock market and any negative effect this will have on his re-election. https://t.co/KfgZOKVhll"
maziehirono,1227719690908241920,2020-02-12 22:22:38,"The Women‚Äôs Health Protection Act would
 
‚úì Guarantee a woman‚Äôs right to abortion nationwide
‚úì Keep politicians‚Äô hands off a woman's body
‚úì Ensure every woman is able to make her own health care decisions
 
It‚Äôs time to pass the #WHPA and #ActForWomen. https://t.co/pvyzUfaM7H"
maziehirono,1227035035498426369,2020-02-11 01:02:04,"Are you a woman, a person who needs health care, a senior on Medicare, a new mom receiving SNAP benefits, an American living with a disability, or a student struggling to afford college? Chances are, @realDonaldTrump‚Äôs budget would screw you over. Join me in fighting back."
maziehirono,1224868027461783552,2020-02-05 01:31:09,"The current #StateofHealthCare is under attack. @realDonaldTrump has used all three branches of government to sabotage our health care system and threaten coverage for vulnerable Americans.

Health care is a right, not a privilege for the wealthy."
maziehirono,1222928918329675776,2020-01-30 17:05:49,We are witnessing the coronation of @realDonaldTrump with Mitch McConnell holding the crown and Republicans holding his train. https://t.co/AI8rR0qK9p
maziehirono,1222664109776392194,2020-01-29 23:33:34,".@realDonaldTrump is attacking the ACA right now ‚Äî injecting the market w/ chaos and hurting those with pre-existing conditions.

Since he's pushed the Supreme Court to delay the case, millions of Americans are left in fear of losing healthcare coverage. https://t.co/IbgFLEUPFK"
maziehirono,1215378608107261962,2020-01-09 21:03:35,"One of the few things that the American people can count on from the reckless Trump administration is prioritizing corporations above all else. Today‚Äôs weakening of #NEPA is yet another handout to special interests at the expense of our environment, public health and communities. https://t.co/37VEPjiUcv"
maziehirono,1208164953636646912,2019-12-20 23:19:06,.@realDonaldTrump has yet again attacked access to reproductive health care by putting arbitrary requirements on health plans that cover abortion. The bottom line is this administration continues to restrict women's access to their constitutionally protected right to abortion. https://t.co/WTwTVcREHZ
maziehirono,1207486075159109633,2019-12-19 02:21:28,You don‚Äôt have to read all 98 pages of the decision to know that this is part of Republicans‚Äô continuing attack on the health care of tens of millions of Americans including people like you and me living with pre-existing conditions. https://t.co/o3ZPOyjgrS
maziehirono,1206364001803915264,2019-12-16 00:02:45,üö® https://t.co/P4aiQeRBV6 is having sporadic tech issues on the final day of #ACA Open Enrollment. Hawaii only has until 10 PM to sign up. @CMSGov needs to extend the deadline so that those who need healthcare can get covered. Call 1-800-318-2596 if you need assistance ASAP. https://t.co/aOVreTv5gB
maziehirono,1202409375714947072,2019-12-05 02:08:29,RT @HawaiiNewsNow: #UPDATE: The lockdown at Pearl Harbor Naval Shipyard has been lifted and people are being let on base following the shoo‚Ä¶
maziehirono,1201988949440450567,2019-12-03 22:17:52,"The wellbeing of our servicemembers and their families should be our top priority. Today, I pressed the Service Secretaries and Chiefs to improve military housing conditions so our troops and their families can live in safe and healthy environments. https://t.co/eiHw44WNI4"
maziehirono,1195066857679659008,2019-11-14 19:51:56,"Millions of Americans depend on Title X to access essential health care. When a patient sees a provider, they should be able to receive all the relevant medical info. To put it plainly, a woman should be able to talk to her doctor about abortion. Without restrictions. Period. https://t.co/hscSovdCdf"
maziehirono,1187845164984868864,2019-10-25 21:35:31,"Sarah Pitlyk has never tried a case and was rated ‚Äúnot qualified‚Äù by the ABA. Pitlyk has dedicated her career to restricting reproductive freedom and access to women‚Äôs health care. If our #CourtsMatter, we must reject her nomination. https://t.co/gfl56dxjtU"
maziehirono,1179864740295774208,2019-10-03 21:04:09,"PMRF is a crucial testing and research facility at the forefront of protecting Hawaii and the country from ballistic missile threats. Yesterday, I also learned more about how they protect the local environment and honor Hawaiian cultural practices while working to keep us safe. https://t.co/qMQeLhPbVm"
maziehirono,1178703642913902594,2019-09-30 16:10:22,"Every time @realDonaldTrump opens his mouth, the urgency of the impeachment inquiry becomes clearer.

- hurling false accusations of treason
- amplifying conspiracy theories
- intimidating a whistleblower

The President is so out of bounds, mere words of criticism don't suffice."
maziehirono,1174135530734403585,2019-09-18 01:38:19,"There's one step we can take right now to confront the gun violence epidemic facing our country ‚Äì passing H.R. 8. The American people know a sensible gun safety bill when they see one, even if Congress remains blind. Our country demands we take action to confront this crisis. https://t.co/KahxgwYMZu"
maziehirono,1172989722236456961,2019-09-14 21:45:17,"Last month, I joined @PPVNH to hear first-person stories of care received at Planned Parenthood. Without Title X, patients like those I met will have to delay or even go without the health care they need. Congress has the power to stop this and #ProtectX. #IStandWithPP https://t.co/zQRDm5ehb1"
maziehirono,1171509752406216707,2019-09-10 19:44:25,"Like a virus, @realDonaldTrump‚Äôs gag rule spreads to Senate Republicans. #SaveTitleX https://t.co/fEbe5T7Rew"
maziehirono,1157037381272461313,2019-08-01 21:16:23,"Every woman, no matter her zip code, should have access to safe, legal abortion. Too many states are imposing medically-unnecessary and dangerous restrictions that limit women‚Äôs access to care. Congress must #ActforWomen by passing the Women‚Äôs Health Protection Act."
maziehirono,1151189060779675649,2019-07-16 17:57:14,".@realDonaldTrump‚Äôs gag rule is an attack on Americans in low income, underserved communities who rely on Title X for care. Patients deserve medically accurate, complete information about their reproductive health, including abortion. We need to fight back and #ProtectX."
maziehirono,1148697305777876993,2019-07-09 20:55:54,The Affordable Care Act is back in court today and at risk because of the Republican Party. @realDonaldTrump wants to take away health care for the over 100 million Americans with pre-existing conditions. They must be held responsible. https://t.co/wGpyC1aNXm
maziehirono,1144274341661741056,2019-06-27 16:00:37,"The gerrymandering and census cases in the Supreme Court show conservative justices helping a desperate GOP hold onto their Republican minority rule. This is why McConnell and the GOP pack the courts, and why dark money paid so much to put Kavanaugh and Gorsuch on SCOTUS."
maziehirono,1143277501801795584,2019-06-24 21:59:32,RT @SenateDems: President @realDonaldTrump's administration is continuing its health care sabotage by fighting in court to repeal our healt‚Ä¶
maziehirono,1133522143940157440,2019-05-28 23:55:13,"It was great to be back today at Kokua Kalihi Valley CHC where I visited seniors during chair-aerobics at their Elder Care Center. From primary to dental and vision care, seniors can access the full range of health care services at KKV. https://t.co/lNQLd8Adgr"
maziehirono,1129459875547897856,2019-05-17 18:53:13,I wanted to get something off my chest this week with what‚Äôs happening in our country surrounding the attacks on women‚Äôs health care and reproductive rights. https://t.co/SOutVHAgOj
maziehirono,1125750475024949249,2019-05-07 13:13:23,"Attorney General Barr must not interfere with the 14 cases Mueller referred to other prosecutors, but he won‚Äôt say if he already has. So my colleagues and I asked the DOJ Inspector General to make sure he‚Äôs following the rules. https://t.co/JEmswQb323"
maziehirono,1116054357663997953,2019-04-10 19:04:28,"Health care is a right, not a privilege reserved only for those who can afford it. We must move toward universal coverage to ensure everyone can afford high-quality, comprehensive health care. Medicare for All is one way to get there, and I am proud to be a cosponsor."
maziehirono,1115696102962094081,2019-04-09 19:20:54,"Instead of attacking a woman‚Äôs right to abortion, Republicans who say they want to protect women and children should fight against Trump‚Äôs cuts to vital health and education programs like Medicaid, preschool development, after school programs, and teacher training. https://t.co/PJBJt95s8Z"
maziehirono,1113140674805813249,2019-04-02 18:06:32,"Republicans are trying to change the rules to help Trump and his enablers to pack the federal courts faster than ever. They want their ideologically-driven judges to take away health care, destroy unions, outlaw abortions, and more. That‚Äôs why I‚Äôm voting no on their rules change. https://t.co/lKMdYzYQXs"
maziehirono,1110310633378062337,2019-03-25 22:40:58,".@realDonaldTrump‚Äôs presidency has been a disaster for this country ‚Äì from the Muslim Ban to trying to take health care away from 30 million Americans, and his huge tax cuts for the rich. We need to keep fighting back. https://t.co/aCuAUWgs5I"
maziehirono,1108432556112965635,2019-03-20 18:18:09,"Patients expect to receive honest, ethical care at CHCs like Kokua Kalihi Valley. But, @realdonaldtrump‚Äôs new Title X gag rule would prevent giving medically accurate information on reproductive health. I‚Äôm fighting to protect the right of providers to care for their patients. https://t.co/T07jzmyWrb"
maziehirono,1104925135365160962,2019-03-11 02:00:55,"Had a great time talking with activists and entrepreneurs at ‚Å¶@theriveterco‚Å©, a great woman-founded co-working space in Austin, about resisting ‚Å¶@realDonaldTrump‚Å©, fighting for health care, and the supporting the #GreenNewDeal https://t.co/CdOULGRrXL"
maziehirono,1102964514398572545,2019-03-05 16:10:06,"RT @SenateDems: The man behind the curtain for the Trump admin's decision to side with GOP AGs suing to repeal our health care law?

Chad R‚Ä¶"
maziehirono,1101259738094948352,2019-02-28 23:15:56,"The hard truth is that the Republican Party hurts women. They demonize them for their medical needs, cut off crucial health care, and they create loopholes to allow businesses to exclude coverage. To make sure these efforts stick, they pack the courts. https://t.co/Lno1ikqojP"
maziehirono,1098800062510088192,2019-02-22 04:22:04,Hawaii continues to be at the forefront in the fight for a woman‚Äôs health and reproductive rights with the opening of the new Honolulu Center for @PPGNHI. We know that the battles we‚Äôve won for our hard-earned rights don‚Äôt stay won. Constant vigilance is key. https://t.co/BhKxGycEfz
maziehirono,1098691217544613888,2019-02-21 21:09:33,"I spent yesterday on Maui, where I had the honor of addressing the Healthy Communities Initiative ‚Äì a project that fosters collaboration between the health and community development sectors to secure a healthier future for all residents of Maui. https://t.co/lTqoN8s9Ug"
maziehirono,1098082243736674305,2019-02-20 04:49:42,"Today, I visited my alma mater, Kaimuki High School, to hear from students in the Hospitality Academy on their experiences in the culinary and hotel pathways. Go Bulldogs! https://t.co/cnN4JDg4eg"
maziehirono,1093943363735355392,2019-02-08 18:43:17,"It was a privilege to serve with @JohnDingell for 6 of his 59 years in the House. He was a champion for so many important causes, from civil rights, to the environment and affordable health care. We will miss his tweets, humor, sharp wit, and dedication to public service. https://t.co/YS1E8KI6Zo"
maziehirono,1093655701283573762,2019-02-07 23:40:12,"Confronting the challenge of climate change requires a comprehensive approach to transforming our country in a way that prioritizes environmental health and wellness, while also expanding opportunity and creating good-paying jobs as we transition to a low carbon economy."
