RepBradWenstrup,1321801378994466817,2020-10-29 13:09:41,"ğŸš¨Never bet against the American people!

Our resilient nation continues to beat expectations as we recover from the pandemic. https://t.co/1JfUdlqZrD"
RepBradWenstrup,1321534740793614336,2020-10-28 19:30:09,"""The chief operating officer of #OperationWarpSpeed, the federal governmentâ€™s project to develop a COVID-19 vaccine, said Tuesday he thinks about his own family in giving his assurances that any such vaccine will be safe. ""

https://t.co/f1LyMnBupp"
RepBradWenstrup,1321533071087276033,2020-10-28 19:23:31,".@CBSNews: U.S. official leading COVID-19 vaccine distribution says ""no shortcuts"" are being taken on safety

#OperationWarpSpeed 

https://t.co/gA3AWZQNMq"
RepBradWenstrup,1321526326529052672,2020-10-28 18:56:43,"""Trust means everything. Trust in vaccines facilitated the incredible positive impact that vaccination had on public health in reducing illness and death over the past century. ""

#OperationWarpSpeed 

https://t.co/KF3lG25hK9"
RepBradWenstrup,1321179200150228992,2020-10-27 19:57:22,Proud to lead this effort with my colleagues @MikeKellyPA &amp; @RepLaHood to help parents who are working to overcome challenges during the COVID-19 outbreak. https://t.co/wI4qSLZd2s
RepBradWenstrup,1321168172234559488,2020-10-27 19:13:33,RT @michaelcburgess: The @realDonaldTrump Administration has a plan to get a #COVID19 vaccine to Americans. @SecAzar explains how #Operatioâ€¦
RepBradWenstrup,1321076389521612800,2020-10-27 13:08:50,"â€œThe Trump administration this week will announce a plan to cover the out-of-pocket costs of Covid-19 vaccines for millions of Americans who receive Medicare or Medicaid, said four people with knowledge of the pending announcement.â€

#OperationWarpSpeed 

https://t.co/mOT6McWttq"
RepBradWenstrup,1320829271422750722,2020-10-26 20:46:52,"Praying for all our men and women in uniform who are overseas on this #NationalDayoftheDeployed. 

Here's a throwback to 2006 when I served in Iraq as part of the US Armyâ€™s 344th Combat Support Hospital, Task Force 344. https://t.co/lqcpDurqOs"
RepBradWenstrup,1320747553701400577,2020-10-26 15:22:09,RT @RepBuddyCarter: I have signed up for a COVID-19 vaccine trial because I am confident that any vaccine will be both SAFE and EFFECTIVE.â€¦
RepBradWenstrup,1320383493881384965,2020-10-25 15:15:31,RT @RepBrianBabin: The Left is circulating false information about the #COVID19 vaccine. Here is the TRUTH about #OperationWarpSpeed. httpsâ€¦
RepBradWenstrup,1320381171981799426,2020-10-25 15:06:17,RT @SecAzar: More good news: The @US_FDA authorized the resumption of the AstraZeneca Phase 3 COVID-19 vaccine clinical trial after reviewiâ€¦
RepBradWenstrup,1319735441621397513,2020-10-23 20:20:23,"â€œâ€¦it is now highly credible that OWS will have produced up to 100 million doses of safe and effective COVID-19 vaccine doses, made in America, by the end of 2020...""

Great op-ed by @SecAzar on #OperationWarpSpeed
 
https://t.co/H2ltZUTZVp"
RepBradWenstrup,1319006969978642438,2020-10-21 20:05:42,"RT @SteveScalise: ğŸš¨ğŸš¨ Today Chuck Schumer and Senate Dems once again BLOCKED a clean COVID relief bill.

Don't let them blame @realDonaldTruâ€¦"
RepBradWenstrup,1318996733611954178,2020-10-21 19:25:01,"RT @SenateGOP: Senate Democrats just BLOCKED a clean covid relief bill. 

(again)

RT so America knows the truth. https://t.co/YnEVySTVOh"
RepBradWenstrup,1318939857658515457,2020-10-21 15:39:01,"BIG PICTURE: #OperationWarpSpeed is working! 

We've developed effective therapeutics to treat many COVID-19 patients, and continue making progress on new treatment options.

However, it's important that we continue physical distancing and wearing masks when necessary. https://t.co/hyyeHQHdor"
RepBradWenstrup,1318938292377837574,2020-10-21 15:32:48,RT @HHSGov: The goal of #OperationWarpSpeed is to produce safe and effective #COVID19 vaccines with initial doses ready by the end of 2020.â€¦
RepBradWenstrup,1318936091018354688,2020-10-21 15:24:03,"â€œThe progress has been pretty amazing,â€ said Deborah Fuller, a microbiologist at the University of Washington who is working on second generation vaccines for the novel coronavirus.

#OperationWarpSpeed

https://t.co/AXFWw38R5B"
RepBradWenstrup,1318666121835405320,2020-10-20 21:31:17,RT @michaelcburgess: I have full trust in the pledges from vaccine manufacturers and @US_FDA and @CDCgov that they will honor their commitmâ€¦
RepBradWenstrup,1318352641894850560,2020-10-20 00:45:38,"RT @SteveScalise: ğŸš¨ Add Cuomo to the list of anti-vaxxer Dems.

He's now telling Americans to be skeptical of a CDC/FDA approved COVID vaccâ€¦"
RepBradWenstrup,1318350991943782405,2020-10-20 00:39:04,RT @RepSmucker: Thankful that residents &amp; employees of long-term care facilities will have dedicated access to the safe &amp; effective COVID-1â€¦
RepBradWenstrup,1318347410259718144,2020-10-20 00:24:50,The @gopdoccaucus condemns Governor Andrew Cuomo's anti-COVID vaccine statements in his interview with @ABC: https://t.co/inG3KNZhWn
RepBradWenstrup,1317198436534505472,2020-10-16 20:19:14,"Trump Admin Partners with CVS, Walgreens to Provide COVID-19 Vaccine in Long-Term Care Facilities

#OperationWarpSpeed

https://t.co/ZHTcjPmnve"
RepBradWenstrup,1317142159569653764,2020-10-16 16:35:36,"Here is a very helpful update from the @CDCgov on #OperationWarpSpeed:
https://t.co/VIojZKJveI"
RepBradWenstrup,1316835754925076486,2020-10-15 20:18:04,"RT @SteveFDA: Our Center for Devices and Radiological Health has, as of last month, authorized 525+ medical products under Emergency Use Auâ€¦"
RepBradWenstrup,1316835339894493186,2020-10-15 20:16:25,RT @SecAzar: Today the @WhiteHouse Coronavirus Task Force provided our nationâ€™s governors an update on #OperationWarpSpeedâ€™s overall effortâ€¦
RepBradWenstrup,1316417310664675335,2020-10-14 16:35:19,"RT @michaelcburgess: Vaccine manufacturers have pledged to maintain the highest standards for their COVID-19 vaccine candidates. Likewise,â€¦"
RepBradWenstrup,1316415992881442816,2020-10-14 16:30:05,"MUST READ: ""Moncef Slaoui explains how a public-private partnership is overcoming technical and bureaucratic obstacles to find a way of inoculating against Covid.""

#OperationWarpSpeed

https://t.co/g0jm2d6gAt"
RepBradWenstrup,1314604278770790402,2020-10-09 16:30:58,"âŒMYTH: The COVID-19 vaccine may be distributed without FDA approval

âœ…FACT: The vaccine will only be distributed after undergoing every stage of research and trials that every other vaccine has gone through https://t.co/lQODQDfoIP"
RepBradWenstrup,1314243922663821312,2020-10-08 16:39:03,"âŒMYTH: The federal government will force you to take the COVID-19 vaccine

âœ…FACT: The government does not have federally mandatory vaccinations, and this one will be no different https://t.co/QS6YRA9v44"
RepBradWenstrup,1313878610055495682,2020-10-07 16:27:25,"RT @MikeKellyPA: MYTH: @POTUS @realDonaldTrump's #OperationWarpSpeed COVID-19 vaccine has been rushed and will be unsafe.

FACT: FDA approvâ€¦"
RepBradWenstrup,1313877653745696769,2020-10-07 16:23:37,"RT @SecAzar: #VaccinesSaveLives. #Vaccines are safe, effective, and vital to public health. There is an unprecedented effort underway to deâ€¦"
RepBradWenstrup,1313851835950731266,2020-10-07 14:41:02,RT @XavierVets: The SVC had a great visit with Rep. Brad Wenstrup earlier this week. We were able to discuss the impact COVID-19 has had onâ€¦
RepBradWenstrup,1313829754198544384,2020-10-07 13:13:17,"""The company said last month the drug reduced the rate of hospitalization compared with a placebo in a study.""

#OperationWarpSpeed 

https://t.co/lkTucpUyFT"
RepBradWenstrup,1312031966074679300,2020-10-02 14:09:31,Monica and I are praying for @realDonaldTrump &amp; @FLOTUS. May God grant them and all those affected by this coronavirus strength and a quick recovery. https://t.co/TLQQITQAfl
RepBradWenstrup,1311402897150799872,2020-09-30 20:29:50,"""Biotech company Moderna announced on Tuesday that its coronavirus vaccine candidate elicited immune responses in older adults from a Phase 1 study in levels comparable to those seen in younger adults."" 

#OperationWarpSpeed

https://t.co/dGuUL1Ak2Z"
RepBradWenstrup,1310971851607281671,2020-09-29 15:57:00,"Glad to see @RodneyDavis leading by example! Convalescent plasma donations are still very important. If you've recovered from #COVID19, you can help save lives.

More info: https://t.co/VPq4YGYd4g https://t.co/UKT4ncK34A"
RepBradWenstrup,1310955615364222979,2020-09-29 14:52:29,RT @CongressmanGT: Restoring our way of life includes defeating this virus and keeping America healthy. Thanks to President @realDonaldTrumâ€¦
RepBradWenstrup,1309501289194192897,2020-09-25 14:33:31,"Proud that @uchealth is playing such an important role in #OperationWarpSpeed vaccine clinical trials!

https://t.co/l4GvV1Rx24 https://t.co/edA9tqpGbm"
RepBradWenstrup,1309495741430325249,2020-09-25 14:11:28,"Joined my @HouseGOP colleagues on a virtual tour of @NIH for an update on #OperationWarpSpeed this morning.
 
The ğ—¸ğ—²ğ˜† ğ˜ğ—¼ ğ—¿ğ—²ğ˜€ğ˜ğ—¼ğ—¿ğ—¶ğ—»ğ—´ ğ—¼ğ˜‚ğ—¿ ğ˜„ğ—®ğ˜† ğ—¼ğ—³ ğ—¹ğ—¶ğ—³ğ—² is producing safe and effective vaccines and treatments for COVID-19. #CommitmentToAmerica https://t.co/0ucxMd4TeC"
RepBradWenstrup,1309254974975533056,2020-09-24 22:14:45,"""The Gaithersburg, Md., company said the pivotal Phase 3 trial in the U.K. would track whether adults receiving its two-dose vaccine experience a lower rate of symptomatic Covid-19 compared with study subjects who get a placebo.""

#OperationWarpSpeed 

https://t.co/JInEn7CRGa"
RepBradWenstrup,1309163502628634626,2020-09-24 16:11:16,RT @SteveFDA: Today FDA issued an EUA for the first #COVID19 serology point-of-care test. This test will enable more timely &amp; convenient reâ€¦
RepBradWenstrup,1308849988500324352,2020-09-23 19:25:29,"""The study, launching Wednesday, will be one of the world's largest coronavirus vaccine studies so far, involving 60,000 volunteers in the U.S., South Africa, Argentina, Brazil, Chile, Colombia, Mexico and Peru.""

#OperationWarpSpeed 

https://t.co/DMsgSY3DPG"
RepBradWenstrup,1308790258071461889,2020-09-23 15:28:08,"RT @IvankaTrump: Johnson &amp; Johnson Begins Final-Stage Testing of single shot Covid-19 Vaccine.

This is the 4th Phase III trial for a Covidâ€¦"
RepBradWenstrup,1308789258862366720,2020-09-23 15:24:10,"RT @CongressmanGT: We WILL defeat this virus, and we will restore our way of life. Thanks to Operation Warp Speed, our progress on a vaccinâ€¦"
RepBradWenstrup,1308488014893547520,2020-09-22 19:27:07,RT @HHSGov: #OperationWarpSpeed is working to accelerate the timeline for producing a safe and effective #COVID19 vaccine while adhering toâ€¦
RepBradWenstrup,1308449598567059456,2020-09-22 16:54:28,"Small businesses support tens of millions of American jobs &amp; have a huge impact on our nationâ€™s economy. I proudly voted for the #paycheckprotectionprogram to help small businesses remain open through COVID-19 shutdowns, &amp; Iâ€™m proud to celebrate them this Small Business Week! https://t.co/AlgWac546M"
RepBradWenstrup,1308167273115537410,2020-09-21 22:12:37,"RT @RepAndyBarr: To restore our way of life, we must first defeat the COVID-19 virus. Operation Warp Speed #OperationWarpSpeed created by tâ€¦"
RepBradWenstrup,1308139015221243904,2020-09-21 20:20:19,RT @RepDavid: Our #CommitmentToAmerica includes creating a safe and effective #COVID19 vaccine for the American people. Itâ€™s clear that vacâ€¦
RepBradWenstrup,1308108538087174144,2020-09-21 18:19:13,RT @DrNealDunnFL2: #OperationWarpSpeed is not only an effort to find a #COVID19 COVID19 vaccine; it's an effort to find safe &amp; effective thâ€¦
RepBradWenstrup,1308061474754093056,2020-09-21 15:12:12,"RT @RepJohnRose: America needs strong leaders who analyze scientific data AND balance risk to develop an optimal COVID strategy, such as Prâ€¦"
RepBradWenstrup,1308061382999511042,2020-09-21 15:11:50,"""Though the timeline is accelerated, Operation Warp Speed is not eliminating any steps â€” it is simply allowing them to occur at the same time. All potential COVID-19 vaccines are undergoing the same rigorous testing just as any other vaccine[...]""

Great read from @RepRickAllenâ¬‡ï¸ https://t.co/2VfmVtU92p"
RepBradWenstrup,1308033804171382790,2020-09-21 13:22:15,"RT @GOPLeader: To restore our way of life, we must first defeat COVID-19 and keep Americans healthy. 
 
The Trump Administration and the prâ€¦"
RepBradWenstrup,1307445842345889792,2020-09-19 22:25:54,RT @RepDLesko: The @US_FDA and Dr. Fauci are committed to ensuring a safe and successful Coronavirus vaccine through Operation Warp Speed!â€¦
RepBradWenstrup,1307445806979571712,2020-09-19 22:25:46,"RT @RepJohnJoyce: In Pennsylvania and around the U.S., researchers are making incredible progress in their pursuit of a coronavirus vaccineâ€¦"
RepBradWenstrup,1307009715487072257,2020-09-18 17:32:53,"""'The goal of this vaccine â€” of all vaccines in this case â€” is to stop the pandemic we all want to get back to a normal life as best we can,' Hoge said.""

#OperationWarpSpeed 

https://t.co/6ckpfkBBkw"
RepBradWenstrup,1306992639724707843,2020-09-18 16:25:02,But getting a vaccine in record time won't matter if it's not safe. That's why ALL #OWS vaccines are undergoing the same rigorous clinical testing as any other vaccine. ğ€ğ§ğ² ğ¯ğšğœğœğ¢ğ§ğ ğ­ğ¡ğšğ­ ğ¢ğ¬ğ§'ğ­ ğ©ğ«ğ¨ğ¯ğğ§ ğ­ğ¨ ğ›ğ ğ¬ğšğŸğ ğ°ğ¢ğ¥ğ¥ ğ§ğ¨ğ­ ğ›ğ ğšğ©ğ©ğ«ğ¨ğ¯ğğ. https://t.co/8ZOZjJmszz
RepBradWenstrup,1306992635605913601,2020-09-18 16:25:01,We've lowered #COVID19 mortality rates significantly since this spring by using new therapeutics. Continuing to develop better treatments will ğ¡ğğ¥ğ© ğ©ğšğ­ğ¢ğğ§ğ­ğ¬ ğ ğğ­ ğ›ğğ­ğ­ğğ« ğ¬ğ¨ğ¨ğ§ğğ« and ğœğ¨ğ§ğ­ğ¢ğ§ğ®ğ ğ¬ğšğ¯ğ¢ğ§ğ  ğ¥ğ¢ğ¯ğğ¬. https://t.co/ynb9MrJ37R
RepBradWenstrup,1306992628634796032,2020-09-18 16:25:00,"Vaccines and treatments are the ğ¤ğğ²ğ¬ ğ­ğ¨ ğ«ğğ¬ğ­ğ¨ğ«ğ¢ğ§ğ  ğ¨ğ®ğ« ğ°ğšğ² ğ¨ğŸ ğ¥ğ¢ğŸğ. They will protect our health, allowing us to fully reopen businesses, get back to school, attend church, and gather in our communities. https://t.co/cSurnqOS4u"
RepBradWenstrup,1306992625153646592,2020-09-18 16:24:59,"THREAD: What is #OperationWarpSpeed?

An ğŸ‡ºğŸ‡¸ effort to defeat #COVID19 by our nation's best &amp; brightest who have been working around the clock to develop ğ¬ğšğŸğ ğšğ§ğ ğğŸğŸğğœğ­ğ¢ğ¯ğ:

âœ…Vaccines 
âœ…Treatments 
âœ…Tests https://t.co/zzKJ7tg5YP"
RepBradWenstrup,1306712394186588160,2020-09-17 21:51:26,"RT @chcradio: ICYMI: @CMSGov Administrator @SeemaCMS joined us yesterday to discuss telehealth expansion, #COVID19vaccine development &amp; morâ€¦"
RepBradWenstrup,1306683065473867777,2020-09-17 19:54:54,"""[...]Moderna hoped to see results by October but a recent dip in the average national cases created difficulty in hitting the amount of infections among trial participants needed in order to see whether the vaccine candidate outperforms the placebo."" 

https://t.co/qtFtR4VnCA"
RepBradWenstrup,1306616254392868865,2020-09-17 15:29:25,"RT @HouseGOP: Thanks to Operation Warp Speed, we are harnessing the full power of American ingenuity to defeat the coronavirus.
 
A must reâ€¦"
RepBradWenstrup,1306300321753436160,2020-09-16 18:34:01,"RT @RepLarryBucshon: We are physicians in Congress &amp; we believe a science-driven, safe &amp; effective vaccine to COVID19 will be available inâ€¦"
RepBradWenstrup,1306286961259352071,2020-09-16 17:40:55,RT @RepBrianBabin: #OperationWarpSpeed is working to deliver a safe and reliable #COVID19 vaccine to the American people in record time. Noâ€¦
RepBradWenstrup,1306269044119687169,2020-09-16 16:29:44,RT @RepMcKinley: #OperationWarpSpeed is working to deliver a safe and effective #Covid_19 vaccine to the American people in record time. htâ€¦
RepBradWenstrup,1306267832037109761,2020-09-16 16:24:55,RT @RepBuddyCarter: Operation Warp Speed is working to develop a SAFE and EFFECTIVE vaccine for COVID-19 as soon as possible. Learn more frâ€¦
RepBradWenstrup,1306265476742500360,2020-09-16 16:15:33,RT @RepDrewFerguson: Operation Warp Speed is accelerating the development of a COVID-19 vaccine by producing doses of the vaccine simultaneâ€¦
RepBradWenstrup,1306259524165292034,2020-09-16 15:51:54,"RT @HouseGOP: Under Operation Warp Speed, America is on track to produce a safe + effective COVID-19 vaccine in record time.
 
â€œAs doctors,â€¦"
RepBradWenstrup,1305987129051426817,2020-09-15 21:49:30,"#OperationWarpSpeed is the key to returning to a normal way of life. Safe and effective treatments and vaccines will not only protect the health and well-being of all Americans, but it will also help more businesses, health care facilities, churches, and more reopen. https://t.co/hHPxSiBlhf"
RepBradWenstrup,1305612452005138432,2020-09-14 21:00:40,"The @US_FDA will ensure that any Covid-19 vaccine is ğ¬ğšğŸğ ğšğ§ğ ğğŸğŸğğœğ­ğ¢ğ¯ğ.

â¬‡ï¸ THREAD â¬‡ï¸ https://t.co/zylu6oyO8H"
RepBradWenstrup,1305566058447806465,2020-09-14 17:56:19,RT @FLOTUS: Addiction &amp; opioid abuse has damaged generations of families. We are reminded during Prescription Opioid &amp; Heroin Epidemic Awarâ€¦
RepBradWenstrup,1305547020791357440,2020-09-14 16:40:40,"RT @HouseGOP: The Trump Administration is leading an all-hands-on-deck mission to develop a safe COVID-19 vaccine.

A safe and effective vaâ€¦"
RepBradWenstrup,1304079751150211073,2020-09-10 15:30:15,"""'This is an example of how the conduct of clinical trials is supposed to work,' said Anna P. Durbin, M.D., a vaccine researcher and Professor at John Hopkins Bloomberg School of Public Health.""

#OperationWarpSpeed 

https://t.co/kYWinZSIai"
RepBradWenstrup,1303488878863581184,2020-09-09 00:22:21,"""Temporary holds of large medical studies aren't unusual, and investigating any serious or unexpected reaction is a mandatory part of safety testing..."" https://t.co/gLqdwNQ80C"
RepBradWenstrup,1303414459491332103,2020-09-08 19:26:38,"RT @EsperDoD: Today, that base is vital to overcoming COVID, as the @DeptofDefense labors arm-in-arm with the private sector to deliver a vâ€¦"
RepBradWenstrup,1303382524895416321,2020-09-08 17:19:44,"RT @RepDavidKustoff: Through Operation Warp Speed, @realDonaldTrump and @HouseGOP are working hard to deliver a safe and effective COVID-19â€¦"
RepBradWenstrup,1303382234393702406,2020-09-08 17:18:35,RT @WaysandMeansGOP: The Paycheck Protection Program has been a crucial lifeline for small businesses and their employees during #coronavirâ€¦
RepBradWenstrup,1303366940686266371,2020-09-08 16:17:48,"RT @HouseGOP: .@RepWalberg âŸ¶ ""COVID-19 has highlighted the importance of reasserting Americaâ€™s global leadership in medical innovation andâ€¦"
RepBradWenstrup,1301929193492623360,2020-09-04 17:04:43,RT @dcexaminer: .@RepBradWenstrup urges @SpeakerPelosi to call House back to DC next week to debate coronavirus legislation and address rioâ€¦
RepBradWenstrup,1301878700561100806,2020-09-04 13:44:04,"Once again, monthly payroll increases surpass expectations and unemployment numbers fall as the U.S. economy continues to rebound toward pre-COVID shutdown numbers. https://t.co/DhabgMho5F"
RepBradWenstrup,1301641000016850944,2020-09-03 21:59:32,"We want states to be ready to distribute a COVID-19 vaccine as early as November.

However, we won't distribute any vaccine unless it is proven to be ğ¬ğšğŸğ ğšğ§ğ ğğŸğŸğğœğ­ğ¢ğ¯ğ. https://t.co/QBjfpXIett"
RepBradWenstrup,1301596994524282881,2020-09-03 19:04:40,"RT @rep_stevewomack: With #OperationWarpSpeed, the U.S. is leading the process to quickly develop a safe and effective coronavirus vaccine.â€¦"
RepBradWenstrup,1301526556876169219,2020-09-03 14:24:47,"""Sanofi and GlaxoSmithKline Plc, two of the worldâ€™s biggest vaccine makers, began testing their experimental Covid-19 shot in the first patients on Thursday and aim to start late-stage trials before year-end.""

#OperationWarpSpeed 

https://t.co/f0ZKZzADTW"
RepBradWenstrup,1301525734599667714,2020-09-03 14:21:30,"RT @HHSGov: As @SecAzar writes in @USATODAY, Operation Warp Speed is working towards a safe and effective #COVID19 vaccine while followingâ€¦"
RepBradWenstrup,1301525575576760320,2020-09-03 14:20:53,"RT @RepHartzler: Operation Warp Speed is in full effect to provide a safe and effective COVID-19 vaccine!

I agree with CDC Director Robertâ€¦"
RepBradWenstrup,1301518562083954693,2020-09-03 13:53:00,RT @NIHDirector: We need a distribution game plan ready once 1 or more #COVID19 vaccines are proven safe&amp;effective.  Public comments are beâ€¦
RepBradWenstrup,1301518462628564996,2020-09-03 13:52:37,RT @NIHDirector: Surprised by media uproar on Treatment Guidelines on convalescent plasma for #COVID19. Guidelines mirror EUA: possible benâ€¦
RepBradWenstrup,1301329785726087173,2020-09-03 01:22:53,"ğŸš¨""Novavax coronavirus vaccine is safe, published results show""
https://t.co/HvNxWn6epV"
RepBradWenstrup,1301212584700506112,2020-09-02 17:37:10,RT @RepDanCrenshaw: Joe Biden and Democrats like to say â€œno miracle is comingâ€ on COVID-19. They want you to stay scared and stay locked doâ€¦
RepBradWenstrup,1301199853624725505,2020-09-02 16:46:34,"Hereâ€™s a great breakdown of Operation Warp Speed, which is working on getting a safe and effective COVID-19 vaccine to the American peopleâ€”simple as that: https://t.co/w9zoq9IZfp"
RepBradWenstrup,1301199720925327361,2020-09-02 16:46:03,"Another #OperationWarpSpeed update ICYMI:

""AstraZeneca announced Monday its vaccine candidate has entered the final testing stage in the U.S.""

https://t.co/ODSFlPXDuK"
RepBradWenstrup,1301199125007003650,2020-09-02 16:43:41,"More positive news: ""Large antibody study offers hope for virus vaccine efforts"" via @foxnews

https://t.co/yg9vpdfeWa"
RepBradWenstrup,1301198036845068296,2020-09-02 16:39:21,"Headline: ""Federal health advisors assume four coronavirus vaccine trials backed by U.S. will likely fail""

Next sentence in quote: ""THREE OF THE TRIALS WILL SUCCEED...""

Come on, @CNBC. Do better.

#OperationWarpSpeed  

https://t.co/MYKFJoIVV4"
RepBradWenstrup,1301172042977415168,2020-09-02 14:56:04,"RT @RepChrisStewart: 35% decrease in # of patients currently hospitalized with COVID-19 (from July 24 peak)

21% decrease in the daily averâ€¦"
RepBradWenstrup,1300884506216402950,2020-09-01 19:53:30,RT @NIHDirector: Yesterday #NIH @NIAIDNews &amp; @AstraZeneca announced the launch of a Phase 3 #clinicaltrial for #COVID19 vaccine candidate Aâ€¦
RepBradWenstrup,1300806272078491648,2020-09-01 14:42:37,"RT @SecAzar: BREAKING: With Phase 3 clinical testing of the AstraZeneca COVID-19 vaccine candidate beginning in the U.S., Operation #WarpSpâ€¦"
RepBradWenstrup,1300521113370361861,2020-08-31 19:49:30,"ICYMI: Perspective in the @NEJM: 

""Developing Safe and Effective Covid Vaccines â€” Operation Warp Speedâ€™s Strategy and Approach""

https://t.co/I3hQkQfcf8"
RepBradWenstrup,1300480999432900609,2020-08-31 17:10:06,"""The United States expects to have four coronavirus candidate vaccines in large-scale clinical trials by the middle of September, a remarkable timeline considering the SARS-CoV-2 virus was only discovered in December.""

#OperationWarpSpeed

https://t.co/Yln3iJBKP8"
RepBradWenstrup,1299001715023400960,2020-08-27 15:11:57,"""The pilot program aims to address the health and economic impacts of widespread substance and opioid misuse, addiction and overdose by providing retraining and other services to workers in communities significantly impacted by the opioid crisis.""

https://t.co/UbgHTprqFp"
RepBradWenstrup,1298996026234167303,2020-08-27 14:49:21,"""The test -- which is said to be the size of a credit card -- is the first antigen test where results can be read directly from the testing card, according to the FDA's Wednesday announcement.""  
https://t.co/5xPs8RHdDC"
RepBradWenstrup,1298698740782563328,2020-08-26 19:08:03,RT @HQ_AFMC: We're still in the #COVID19 fight!  #OperationWarpSpeed is a public-private partnership with the goal to deliver 300 hundred mâ€¦
RepBradWenstrup,1298695012721598466,2020-08-26 18:53:14,"Thank you, @SecGeneScalia, for visiting Piketon &amp; for your work supporting our efforts to combat the opioid crisis. 

Today, @USDOL announced nearly $20m in funding for a pilot program in 4 states to help individuals with the health and economic impacts of opioid addiction. https://t.co/jkBk1peeKq"
RepBradWenstrup,1298264772484272128,2020-08-25 14:23:37,"RT @RepSteveChabot: UPDATE: #COVID19 testing in Cincinnati, TODAY until 1PM.  #InThisTogetherOhio https://t.co/RBIWIQNB7B"
RepBradWenstrup,1298251604601315329,2020-08-25 13:31:17,"RT @RepRossSpano: Operation Warp Speed is moving full-steam ahead &amp; will deliver a tested and safe #COVID19 vaccine to the American people,â€¦"
RepBradWenstrup,1297934723692597248,2020-08-24 16:32:07,"RT @RepArmstrongND: If you have recovered from COVID-19, please consider donating plasma to support this treatment for current patients witâ€¦"
RepBradWenstrup,1297667460603281408,2020-08-23 22:50:06,"RT @WhiteHouse: Experts at @US_FDA who have reviewed the totality of data ""have concluded that COVID-19 convalescent plasma is safe and shoâ€¦"
RepBradWenstrup,1297667441452089345,2020-08-23 22:50:02,"RT @WhiteHouse: ""Convalescent plasma is one new tool that we've added to our arsenal against COVID-19."" â€” @SecAzar https://t.co/TiL0EkrsG1"
RepBradWenstrup,1297651813471203333,2020-08-23 21:47:56,RT @SteveFDA: I am committed to releasing safe and potentially helpful treatments for #COVID19 as quickly as possible in order to save liveâ€¦
RepBradWenstrup,1297651165849624576,2020-08-23 21:45:21,"RT @US_FDA: Today, we issued an emergency use authorization (EUA) for investigational convalescent plasma for the treatment of hospitalizedâ€¦"
RepBradWenstrup,1297650200648060928,2020-08-23 21:41:31,RT @thehill: JUST IN: President Trump announces FDA's authorization of COVID-19 plasma treatment https://t.co/unOyNteLA5 https://t.co/hfqNHâ€¦
RepBradWenstrup,1297648788937609216,2020-08-23 21:35:55,"Our physicians and researchers need to have a large supply of plasma from recovered COVID patients. Please consider donating if you can, and help others: https://t.co/bYvvKbBerD"
RepBradWenstrup,1297542960549171200,2020-08-23 14:35:23,"RT @WaysandMeansGOP: Investments in advanced manufacturing are critical to our coronavirus recovery. 

@RepBradWenstrup's Domestic Medicalâ€¦"
RepBradWenstrup,1296885205526106113,2020-08-21 19:01:42,"Click to read my op-ed about our nationâ€™s battle with COVID-19 and our path forward as we combat this disease.

https://t.co/qWtB6vE1P5"
RepBradWenstrup,1296853940068392967,2020-08-21 16:57:28,"RT @VAResearch: #ICYMI Operation Warp Speed, an unprecedented public-private partnership with @DeptVetAffairs @HHSGov @DeptofDefense @CDCgoâ€¦"
RepBradWenstrup,1296539796278517765,2020-08-20 20:09:10,"If you've recovered from #COVID19, please consider donating your plasma. It's critical for researchers to have an adequate supply of convalescence plasma to continue researching life saving treatments! https://t.co/JBm6T2XZKm"
RepBradWenstrup,1296462348732051460,2020-08-20 15:01:25,"RT @CDCDirector: Operation Warp Speed is a purposeful, definitive, laser-focused program. I want to make it clear that we are not jeopardizâ€¦"
RepBradWenstrup,1296084967458471936,2020-08-19 14:01:50,"RT @michaelcburgess: Operation Warp Speed isnâ€™t skipping any steps to bring the USA a safe #COVID19 vaccine. Instead, the government is focâ€¦"
RepBradWenstrup,1294022509357039623,2020-08-13 21:26:22,"RT @HHSGov: If you have recovered from #COVID19, confirmed by a positive test, youâ€™re in a special position to help us fight the virus. Donâ€¦"
RepBradWenstrup,1293650238759145473,2020-08-12 20:47:06,"These Shawnee State students are an inspiring example of our communityâ€™s efforts to combat COVID-19. Their voluntary work in building face shields is helping protect those on the frontlines of the pandemic. Such selfless work!
https://t.co/hmaA0T72Bj"
RepBradWenstrup,1293643874720796680,2020-08-12 20:21:49,"RT @HHSGov: If you have recovered from #COVID19, confirmed by a positive test, please donate plasma now. You can literally help save lives.â€¦"
RepBradWenstrup,1293557999009701894,2020-08-12 14:40:34,"RT @GovMikeDeWine: With the help of increased testing, Hamilton Co. has been reducing the spread of #COVID19. Free pop-up testing is happenâ€¦"
RepBradWenstrup,1293249780768964609,2020-08-11 18:15:49,"RT @ClermontSun: â€œItâ€™s crucial that we raise awareness on how the simple act of donating your plasma can help us save lives, beat the virusâ€¦"
RepBradWenstrup,1290768214960623617,2020-08-04 21:54:58,"@US_FDA officials have declared that advanced medical manufacturing, central to a recent proposal by @WaysandMeansGOP, is key to supporting public health and preventing future pandemics.
https://t.co/Q7OMXWpdQc"
RepBradWenstrup,1290419053706842113,2020-08-03 22:47:31,"""President Trump last week called on those who have recovered from covid-19 to donate their blood plasma as a potential treatment for help stem the pandemic... it could help millions of patients with the novel coronavirus both here and abroad.""
https://t.co/0FagvWNo7D"
RepBradWenstrup,1290260264047144961,2020-08-03 12:16:33,"RT @WhiteHouse: Your plasma could help other Americans who are fighting the Coronavirus!

President @realDonaldTrump is asking all Americanâ€¦"
RepBradWenstrup,1289274707137585152,2020-07-31 19:00:18,"RT @WaysandMeansGOP: Investments in advanced manufacturing are critical to our #coronavirus recovery. 

@RepBradWenstrup's Domestic Medicalâ€¦"
RepBradWenstrup,1289259127235940352,2020-07-31 17:58:23,"Plasma donation â¡ï¸ developing treatments for COVID-19.

The Trump administration is calling attention to the importance of plasma donation. 

COVID-19 survivors, learn more about how you can save lives â¬‡ï¸â¬‡ï¸â¬‡ï¸

https://t.co/OLdkmzQO07"
RepBradWenstrup,1289252915262050304,2020-07-31 17:33:42,"RT @AMVETSHQ: Today, Representatives Kind and Wenstrup wrote the leaders of the House and Senate calling on the next COVID-19 relief packagâ€¦"
RepBradWenstrup,1289239057768288256,2020-07-31 16:38:38,"RT @RepChuck: If you have recovered from Coronavirus you can donate your plasma to help save lives.

Check out https://t.co/t9ximCHtjw to lâ€¦"
RepBradWenstrup,1288921928137347072,2020-07-30 19:38:29,"If youâ€™re interested in learning more about convalescent plasma donation and how it can be used to treat COVID-19, you can visit https://t.co/mlObJPSuUn"
RepBradWenstrup,1288920722073583621,2020-07-30 19:33:41,"Gathering plasma is becoming increasingly critical to further developing therapeutics to treat COVID-19. If you or someone you know has recovered from the virus, please consider donating! https://t.co/WZjb21kxG9"
RepBradWenstrup,1288919896785661955,2020-07-30 19:30:25,"Last week, I introduced legislation with @RepScottPeters to create a public awareness campaign encouraging patients whoâ€™ve recovered from COVID-19 to donate their plasma and help save lives! https://t.co/BUDdtdj4H3"
RepBradWenstrup,1288915502941851649,2020-07-30 19:12:57,Thank you @realDonaldTrump for spreading awareness about the importance of plasma donation in developing treatments for COVID-19. https://t.co/klnJFUNVZt
RepBradWenstrup,1287774135159074816,2020-07-27 15:37:34,ğŸš¨ Pop-up testing locationsâ¬‡ï¸ https://t.co/UvNrTSAMVl
RepBradWenstrup,1287161676115124227,2020-07-25 23:03:52,"RT @WaysandMeansGOP: Investments in advanced manufacturing are critical to our #coronavirus recovery. 

@RepBradWenstrup's Domestic Medicalâ€¦"
RepBradWenstrup,1285300833803014145,2020-07-20 19:49:33,"RT @WaysandMeansGOP: We can grow the economy, return to work, and innovate our health care system safely and responsibly.

Republicans on tâ€¦"
RepBradWenstrup,1285194279451795458,2020-07-20 12:46:08,RT @OHdeptofhealth: Looking for a map with #COVID19 testing sites in Ohio? Find our interactive map here: https://t.co/bqBb0ho1MV #InThisToâ€¦
RepBradWenstrup,1284147171919630342,2020-07-17 15:25:18,"Have you tested positive for COVID-19? 

You should talk to your doctor about using a pulse oximeter to track your lung health.

Yesterday, I spoke with @JohnLondonWLWT about why we need to raise awareness of these important devices:  https://t.co/JDghLIGya1 https://t.co/mQ3jrYExt7"
RepBradWenstrup,1283422297571889154,2020-07-15 15:24:55,REMINDER: Today is #TaxDay2020! The IRS extended tax day to help relieve fiscal pressure through COVID-19. Make sure to file your 2019 taxes before the day's end if you havenâ€™t already. https://t.co/y2rIxb9KKR
RepBradWenstrup,1283128726079799296,2020-07-14 19:58:22,"Americans across the country are being treated for COVID-19 with convalescent plasma. If you have recovered from coronavirus, I encourage you to consider donating plasma. For more info on how plasma donation can help current COVID-19 patients, visit https://t.co/wndC8GzXk5"
RepBradWenstrup,1282744837587050497,2020-07-13 18:32:56,"The Paycheck Protection Program (PPP) application has been extended through August 8th. So far, PPP has already supported over 50 million jobs across America, and this extension will continue to help keep businesses open and employees on the payroll through COVID-19. https://t.co/KzdNUYyzMK"
RepBradWenstrup,1280977459672952832,2020-07-08 21:30:00,For more information on free COVID-19 tests visit @OHdeptofhealth's website: https://t.co/VZlIDDDVSe https://t.co/vZ5OLUK66C
RepBradWenstrup,1277589546482503685,2020-06-29 13:07:39,RT @OHdeptofhealth: TODAY: pop-up testing in Cincinnati. Find our interactive map with testing sites across the state here: https://t.co/bqâ€¦
RepBradWenstrup,1276571274618249221,2020-06-26 17:41:24,"Great work from our law enforcement officers! We must remain vigilant, as the battle against the opioid epidemic continues.

If you, or someone you know, is struggling with substance addiction, please know that help is available. Call 1-800-662-4357.
https://t.co/CqhLduRIrA"
RepBradWenstrup,1275823912492896256,2020-06-24 16:11:39,"Great opportunity to help:

""Blood drive at Great American Ball Park, donations also tested for COVID-19 antibodies"" via @FOX19  
 https://t.co/eJZ39Xe1Jy"
RepBradWenstrup,1274089251521679362,2020-06-19 21:18:43,"Your plasma donation could save lives!

""In a new study of convalescent plasma transfusions in 20,000 coronavirus patients, authors say the data offers â€œrobust evidenceâ€ the treatment is safe and associated with improved survival."" via @FoxNews https://t.co/q9k2bS3cVC https://t.co/YoW5vUG7sE"
RepBradWenstrup,1272925408925814784,2020-06-16 16:14:01,RT @SBAgov: Need #COVID19 relief for your small business? Apply for a #PaycheckProtectionProgram loan! The loan will be fully forgiven if aâ€¦
RepBradWenstrup,1272907105129955329,2020-06-16 15:01:17,UPDATE: You can get free COVID-19 tests at select locations in Southwest Ohio. https://t.co/NWPbe7c2jg
RepBradWenstrup,1272546201875951616,2020-06-15 15:07:11,"Your plasma donation can save lives! If youâ€™ve recovered from COVID-19, please consider donating your plasma to patients currently fighting the disease. https://t.co/u67y1IzZPK"
RepBradWenstrup,1271156472420982785,2020-06-11 19:04:54,IMPORTANT: @GovMikeDeWine has just announced that everyone in Ohio can now access a COVID-19 test by contacting their doctor. This would not be possible without the CARES Act funding. https://t.co/589diagKy1
RepBradWenstrup,1271104002147651585,2020-06-11 15:36:24,RT @RepDaveJoyce: Yesterday the OH congressional delegation met virtually w @OhioChildHosp to learn how the pandemic impacted its hospitalsâ€¦
RepBradWenstrup,1270460879117717505,2020-06-09 21:00:52,"We need to empower Americans by giving them greater flexibility to use the pre-tax money they've saved for health care and child care.

Thank you @Tim_Andrews and @Protectaxpayers for hosting this conversation on my bipartisan Family Savings Flexibility Act. https://t.co/qVrGx8h6oH"
RepBradWenstrup,1268857165412020225,2020-06-05 10:48:17,"RT @MariaBartiromo: This am we are talking abt #jobs of the future.Wherearethey? #AI, #healthcare @MorningsMaria @FoxBusiness @dagenmcdowelâ€¦"
RepBradWenstrup,1266401191132565504,2020-05-29 16:09:07,"If youâ€™ve recovered from COVID-19, please consider donating your plasma. It can help save lives.
 
Here is another great tool to find plasma donation sites near you: https://t.co/0xo8ErgXrM"
RepBradWenstrup,1266115523168866304,2020-05-28 21:13:58,#COVID19 testing update: CVS will open 34 testing sites across Ohioâ€”including 4 in the Cincinnati area. Read more â¬‡ï¸ https://t.co/4WKisjVjfI
RepBradWenstrup,1266080528056360967,2020-05-28 18:54:55,"Great news! @TriHealth will receive $537,471 in @FCC funding to help treat patients through telehealth services. https://t.co/EwZlNbb25m https://t.co/DD848WRF1M https://t.co/36V29R0u0C"
RepBradWenstrup,1266064937375469568,2020-05-28 17:52:58,"Grateful to have @NTU's support for my bipartisan Family Savings Flexibility Act. It would allow employees to:

â˜‘ï¸roll over their health FSA &amp; DCFSA ğŸ’² to 2021
â¬†ï¸contribution limit for HSAs
â¬†ï¸their DCFSA contribution limit from $5,000 to $10,000.
https://t.co/AJvUCPCrk0"
RepBradWenstrup,1265636853383860226,2020-05-27 13:31:54,"Thanks @bhweingarten for having me on your podcast to discuss:

- Chinaâ€™s misinformation regarding the COVID-19 outbreak
- FISA court system
- Politicization of the IC
- And more

https://t.co/FNN64cEtj2"
RepBradWenstrup,1265304664922357767,2020-05-26 15:31:54,"We canâ€™t expect grocery store workers, firefighters, police officers, and healthcare workers to go to work but then not do so ourselves. Iâ€™ll be in DC this week to give my constituents a voice. https://t.co/xI7qTQ2Kx5"
RepBradWenstrup,1264998022569758722,2020-05-25 19:13:25,RT @Kevaldrid: Sad and touching column by @RepBradWenstrup that reminds us of the battles some injured vets are dealing with during COVID-1â€¦
RepBradWenstrup,1263872288224686082,2020-05-22 16:40:09,"I'm pleased to announce that, following a letter I sent to the administration, @HHSGov has announced they will release $4.9 billion in relief funds to skilled nursing facilities. This is a huge win, as senior citizens have been heavily affected by COVID19. https://t.co/m3p9Q3K7l6"
RepBradWenstrup,1263502975592521730,2020-05-21 16:12:38,"Convalescent plasma donation continues to successfully treat COVID-19! If youâ€™ve recovered from COVID-19, I encourage you to:
 
- Talk with your doctor about plasma donation
- Consider donating your own plasma
- Help save lives!
 
https://t.co/iGTXEs4LFP"
RepBradWenstrup,1263161074486071302,2020-05-20 17:34:03,ğŸš¨ğŸš¨ Over $2 million dollars are going to Rural Health Clinics across Ohio to support and expand COVID-19 testing efforts for those in rural areas. https://t.co/AjhexbKdGu ğŸš¨ğŸš¨
RepBradWenstrup,1262768506044628993,2020-05-19 15:34:07,"Iâ€™m also pleased to report that, in addition to these efforts, the Department of Health and Human Services released an additional $11 billion to support testing, bringing our stateâ€™s total funding to over $278 million. You can find more information here: https://t.co/FNgEeNyUq6"
RepBradWenstrup,1262403431635042309,2020-05-18 15:23:27,"If grocery store workers, firefighters, police officers, and healthcare workers can go to work, then Congress should too. The House Democrats' proxy voting system sends the wrong message and will hinder our ability to serve the American people. https://t.co/8JIhjsk8ax"
RepBradWenstrup,1262402646297784320,2020-05-18 15:20:19,RT @ConvosTCA: What is Congress doing in light of the coronavirus and China? @RedBradWenstrup explains and talks about the WHO's involvemenâ€¦
RepBradWenstrup,1261012653012594691,2020-05-14 19:16:59,"Cincinnati hospitals are beginning to resume non-emergent procedures, and @hcollaborative is hosting a live webinar that is open to the public to provide information on how to safely reopen health care services.

You can access the webinar here: https://t.co/kBuz93k4oC https://t.co/0ioLdRnCBn"
RepBradWenstrup,1260979584046170112,2020-05-14 17:05:35,"â€œVolunteers are assigned someone who is 60 years or older or who has health problems that make it particularly dangerous to risk exposure by leaving home. The volunteers do grocery shopping, pick up prescriptions or perform other errands â€” or just send cards and check in.â€"
RepBradWenstrup,1260944854856749066,2020-05-14 14:47:35,"For more information on convalescent plasma donation for recovered COVID-19 patients, visit: https://t.co/VPq4YGYd4g"
RepBradWenstrup,1260944854030462976,2020-05-14 14:47:35,"Convalescent plasma infusions are saving lives right here in our community. Ted Richardson was one of the first Americans to receive plasma donation as a treatment for COVID-19 thanks to the work at @ChristHospital and @HoxworthUC. 

https://t.co/1ZNPMoF6rE"
RepBradWenstrup,1260925325082492929,2020-05-14 13:29:59,"Thank you, @MikeKellyPA! Plasma donation from recovered COVID-19 patients is so important because it can help save the lives of patients currently experiencing symptoms. Find more information on plasma donation here: https://t.co/VPq4YGYd4g https://t.co/BKk3tDvRsT"
RepBradWenstrup,1260747917830377472,2020-05-14 01:45:01,"This is great news! The @FCCâ€™s $719,098 grant to @CincyChildrens for telehealth services will help high-risk pediatric patients get access to care &amp; avoid potential exposure to COVID-19. https://t.co/mc3000Pxxh"
RepBradWenstrup,1260656855530921984,2020-05-13 19:43:10,"With all of the interruptions that the COVID-19 outbreak caused, I recently sent a bipartisan letter with @RepLaHood and @RepTomSuozzi to the administration, asking them to provide more flexibility to individuals with FSAs and DCFSAs."
RepBradWenstrup,1260655861099184128,2020-05-13 19:39:13,RT @ChuckGrassley: Thx again to Acting Intel Dir Grenell for responding to my request for list of Lt Gen Flynn unmasking names Prominent Obâ€¦
RepBradWenstrup,1259918984406872065,2020-05-11 18:51:08,"The COVID-19 pandemic has thrown a wrench in many of our plans. Americans need added flexibility with their FSAs and DCFSAs, and I'm proud to lead the effort to get this done.

https://t.co/xfE9gL3tS2 https://t.co/dDf9zNyor0"
RepBradWenstrup,1258489669819551748,2020-05-07 20:11:33,Telehealth is becoming an increasingly important tool for our health care system. Great to see federal funding helping our community expand these capabilities! https://t.co/KN36wiSd3d
RepBradWenstrup,1258472597815246850,2020-05-07 19:03:43,BIG: HHS just announced that 10 health centers across Ohioâ€™s 2nd Congressional District will receive $4.9 million in funding for testing. It is important that we continue to beef up testing capacities as our state starts to reopen. https://t.co/tUgJDeMz1D
RepBradWenstrup,1258398248064241665,2020-05-07 14:08:16,"If you believe, please join me in praying for the health, wellbeing, and strength of our nation as we continue to face unprecedented challenges. May God bless us all and God bless America. https://t.co/hxOeXjhDGz"
RepBradWenstrup,1258136758061092864,2020-05-06 20:49:12,"Testing is critical to beating this coronavirus, and I'm pleased to see that the United States has made a lot of progress with testing. We need to continue the good work to make tests fast, accessible, and widely available. https://t.co/0jPqZ1xh3Y"
RepBradWenstrup,1258070691326431233,2020-05-06 16:26:41,"Now more than ever, we need to show appreciation and thank our nationâ€™s nurses for their tireless fight to keep our loved ones safe and healthy. They are heroes in this battle. Please join me in celebrating #NationalNursesWeek and honoring their work. https://t.co/C5ijNGWUMs"
RepBradWenstrup,1256288152890859528,2020-05-01 18:23:31,"If youâ€™ve recovered from COVID-19, please consider donating your plasma to help treat current coronavirus patients. Last night, I spoke with @WLWT about the progress weâ€™ve seen with plasma treatments.  https://t.co/0zcHgHtSlU"
RepBradWenstrup,1256025891219668992,2020-05-01 01:01:22,RT @DanGriffinWLWT: #LATEST at 11PM: U.S. Rep. Brad Wenstrup is asking recovered COVID-19 patients to consider donating convalescent plasmaâ€¦
RepBradWenstrup,1255957107263799307,2020-04-30 20:28:03,"ğŸ“ºICYMI: I gave an update on a variety of #COVID__19-related issues to @Local12: 
https://t.co/LQ5Yf9M5o3"
RepBradWenstrup,1255929104165212161,2020-04-30 18:36:47,"Thank you, @MarioDB! 

If you've recovered from #COVID__19, please consider donating your plasma. It could help save lives.

More infoâ¡ï¸ https://t.co/VPq4YGYd4g https://t.co/dZVuXXw5v3"
RepBradWenstrup,1255927854174482439,2020-04-30 18:31:49,RT @thehill: First member of Congress diagnosed with COVID-19 donating blood to be used in experimental treatment https://t.co/5BBEf6prHp hâ€¦
RepBradWenstrup,1255570567345967105,2020-04-29 18:52:05,RT @HouseGOP: Millions of Americans have already received their Economic Impact Payment to help cover immediate expenses during COVID-19.â€¦
RepBradWenstrup,1255525277381394435,2020-04-29 15:52:07,"If you've recovered from COVID-19, your plasma donation could help save a life. You can find more information about who qualifies and where you can donate at: https://t.co/VPq4YGYd4g"
RepBradWenstrup,1253731802226790405,2020-04-24 17:05:29,"RT @HouseGOP: ğŸš¨ President Trump just signed the Paycheck Protection Program and Health Care Enhancement Act to empower American families, wâ€¦"
RepBradWenstrup,1253435279731380226,2020-04-23 21:27:13,"College, high school STEM teachers team up to 3D print face shields for healthcare workers @WCPO https://t.co/2A9Mewa9he"
RepBradWenstrup,1253343784844304387,2020-04-23 15:23:38,"Before the funding ran out last week, roughly 60,000 Ohio businesses had received a total of $14 billion from the PPP to keep their doors open and their employees on the payroll as we battle COVID-19."
RepBradWenstrup,1252743416716431366,2020-04-21 23:38:00,"Thank you, @realDonaldTrump, for bringing attention to #ConvalescentPlasma donations!

Find out how you can make a lifesaving donation: 

OH-02: https://t.co/VPq4YGYd4g 
USAğŸ‡ºğŸ‡¸: https://t.co/KWGXblWPxf

#COVIDãƒ¼19 @WhiteHouse @US_FDA https://t.co/WbZAfAhLd7"
RepBradWenstrup,1252350285395030027,2020-04-20 21:35:50,"Check out my latest with @SCClemons on the @WHO, rural hospitals, #convalescentplasma, and more â¬‡ï¸ https://t.co/LcBFyswYFw"
RepBradWenstrup,1252281269385379840,2020-04-20 17:01:35,"RT @WaysandMeansGOP: Our response to #coronavirus is getting support for workers, families, and small businesses. The #CARESAct includes ğŸ‘‡â€¦"
RepBradWenstrup,1252262774425694212,2020-04-20 15:48:05,"GOOD NEWS: Hoxworth Blood Center collected its first convalescent plasma donations last week, but we still need more volunteers to come forward &amp; help. If youâ€™ve recovered from COVID-19, your antibodies can help treat other patients.
More info on donation: https://t.co/VPq4YGYd4g https://t.co/ZrbjYYs0ZJ"
RepBradWenstrup,1251172961199030277,2020-04-17 15:37:34,Your plasma donation can help us treat COVID-19 patients and help save lives. Learn more at https://t.co/zXzMuLEAKT. We will get better together! https://t.co/8p1VaupVnj
RepBradWenstrup,1251166268046147584,2020-04-17 15:10:58,RT @ByronYork: Read Rep. (and Dr.) @RepBradWenstrup 'Why accountability at the WHO matters.' https://t.co/ZO0lCy4kMx
RepBradWenstrup,1251164921301291008,2020-04-17 15:05:37,"RT @dcexaminer: The @WHO must be held accountable for its actions during this crisis, writes @RepBradWenstrup.

Here's why:

https://t.co/4â€¦"
RepBradWenstrup,1251134922938597381,2020-04-17 13:06:25,"If you purchase an alarm system, does it help if it only goes off after the thief is long gone?

My latest in the @dcexaminer about the WHO and China's coverup of #COVIDãƒ¼19:
https://t.co/You7Urwf3Z"
RepBradWenstrup,1250908174506504198,2020-04-16 22:05:24,"If you or someone you know has recovered from COVID-19, I encourage you to consult your physician to discuss donating plasma to help current coronavirus patients. For more information on plasma donation, visit: https://t.co/jcM5YVFhzC https://t.co/EDybHq3Kx9"
RepBradWenstrup,1250811686380060674,2020-04-16 15:41:59,"If you've recovered from #COVID19, please consider making a plasma donation. 

For more information: https://t.co/mlObJPSuUn https://t.co/ZgX9JnmzOS"
RepBradWenstrup,1250432782397878274,2020-04-15 14:36:21,"ICYMI: I joined Brian Thomas on @55KRC this morning to talk about the latest updates regarding plasma donation, the World Health Organization, potential phase four legislation, and more.
 
https://t.co/PGTXezCVx8"
RepBradWenstrup,1250090269980217348,2020-04-14 15:55:20,"The @RedCross is seeking people who are fully recovered from the new coronavirus to sign up to donate plasma to help current COVID-19 patients.

For more information on plasma donation: https://t.co/mlObJPSuUn

For Red Cross information: https://t.co/P2CT0heeLX"
RepBradWenstrup,1250090269057351682,2020-04-14 15:55:20,"If you've recovered from COVID-19, your plasma donation could save lives. The FDA has established a protocol for the collection of convalescent serum from COVID-19 positive donors to help treat others fighting the disease."
RepBradWenstrup,1250089419433967622,2020-04-14 15:51:57,"""US HHS Awards Relief Aid To Adena Health System"" via @wcho_fm https://t.co/axjdgqb5SX"
RepBradWenstrup,1250084204572016640,2020-04-14 15:31:14,That's a lot of buddy cards: LaRosa's coronavirus team member fund gets a boost @Enquirer https://t.co/PlBtjfux24
RepBradWenstrup,1250084199459143682,2020-04-14 15:31:13,COVID-19: SON Ministries Food Pantry now offering drive-thru services @Enquirer https://t.co/pX6aR9iKt3
RepBradWenstrup,1250084198435651584,2020-04-14 15:31:13,"Charity, companies make medical masks for frontline workers @Local12 https://t.co/PjHn8keCMr"
RepBradWenstrup,1250084197374603267,2020-04-14 15:31:12,Coronavirus in Ohio: St. Xavier student creates website for grocery delivery during pandemic @Enquirer  https://t.co/6KdrKqk7JO
RepBradWenstrup,1250084196321841152,2020-04-14 15:31:12,THREAD: We will get better together. Here are a few of the many Ohioans who are stepping up to make a difference in our communities as we battle COVID-19. #GoodNewsOhio
RepBradWenstrup,1250062122903633920,2020-04-14 14:03:29,"Thank you to all of the Americans across the country who are doing their part in combatting this pandemic. If we keep up the good fight, I know we can get better together. https://t.co/y1MxRa9dXU"
RepBradWenstrup,1249732281905922048,2020-04-13 16:12:49,"The COVID-19 Telehealth Program, created by the CARES Act, will help providers across Ohio ensure they have the tools and resources necessary to continue aiding patients.

You can find the FCC COVID-19 Telehealth Program application here: https://t.co/dd4iCI1Dl1"
RepBradWenstrup,1249732281020944389,2020-04-13 16:12:49,"The FCC is now accepting applications for the COVID-19 Telehealth Program. The CDC recommends that providers and patients use telehealth during this pandemic to maintain proper social distancing measures, &amp; CMS has given providers additional flexibility to utilize these services."
RepBradWenstrup,1249059914527449088,2020-04-11 19:41:04,We desperately need plasma donation for patients who have recovered from COVID-19 right now. Iâ€™m working with local doctors to raise awareness and recruit eligible donors. You can find critical resources about plasma donation here: https://t.co/mlObJPSuUn https://t.co/yiCCV69vFh
RepBradWenstrup,1249041105246654469,2020-04-11 18:26:20,"Itâ€™s clear that the Chinese Communist regime withheld information that could've helped us respond to COVID-19 earlier. The World Health Organization owes us an explanation for why theyâ€™ve seemingly covered for Chinaâ€™s lies, &amp; the President is right to question their credibility. https://t.co/KXPs3aYOHO"
RepBradWenstrup,1248948872526868480,2020-04-11 12:19:50,ğŸ“ºTUNE IN: Iâ€™ll be joining @foxandfriends to discuss the latest on #COVIDãƒ¼19 and the need for those who have recovered to donate plasma. https://t.co/I793JtSlS6
RepBradWenstrup,1248730753434869765,2020-04-10 21:53:06,ğŸ“ºComing up in the top of the 6 o'clock hour on @FoxBusiness's @EveningEdit with @LizMacDonaldFOX to talk the latest on #COVIDãƒ¼19.
RepBradWenstrup,1248392771234226178,2020-04-09 23:30:05,"Rural hospitals and clinics are essential to supporting the health &amp; well-being of those in rural communities. 

We must ensure they have access to the financial support outlined in the CARES Act. â¬‡ï¸ https://t.co/hc8fq0eqbJ"
RepBradWenstrup,1248317113342844928,2020-04-09 18:29:27,"RT @RepSteveChabot: Just finished a call with President &amp; CEO of @uc_health, Dr. Lofgren, @WarrenDavidson &amp; @RepBradWenstrup about COVID19â€¦"
RepBradWenstrup,1248250151183015937,2020-04-09 14:03:22,Defeating this coronavirus will take an all-hands-on-deck effort.  #InThisTogetherOhio https://t.co/epAkomEHGw
RepBradWenstrup,1247947887482490880,2020-04-08 18:02:16,"ğŸš¨ @HHSGov has awarded more than $4.6 million in grants to Community Health Centers in #OH02 to address #COVIDãƒ¼19. 

Read more:
https://t.co/2tFD8z9Ejt"
RepBradWenstrup,1247926946673106945,2020-04-08 16:39:04,"Thank you to all the workers continuing to ship much-needed cargo across the country. Your efforts are helping deliver essentials like food, cleaning supplies, medical supplies, and more to individuals and families in need during this health crisis. https://t.co/2feDYiU5eP"
RepBradWenstrup,1247577802754461698,2020-04-07 17:31:41,"FYI: The Department of Homeland Security has extended the deadline for Americans to obtain a REAL ID to October 2021 in light of the coronavirus pandemic. For more information on how to upgrade your license to a REAL ID, visit https://t.co/t3GzEMprJJ."
RepBradWenstrup,1247266831146127360,2020-04-06 20:56:00,"Our national response to this #coronavirus has placed a premium on supporting the efforts of states and localities. To that end, Congress appropriated $150 billion in the CURES Act specifically to help state and local governments. 1/2"
RepBradWenstrup,1246480470180859905,2020-04-04 16:51:17,"Great work, Connor! This is another excellent example of Americans getting creative and using their talents to help us overcome this pandemic. #InThisTogetherOhio  via @ChilliGaz https://t.co/tcQ9EjJluy"
RepBradWenstrup,1246479095539654656,2020-04-04 16:45:49,"RT @OHdeptofhealth: Do this, not that! https://t.co/jU4ZAkm3Py #InThisTogetherOhio https://t.co/lwnuVsa04m"
RepBradWenstrup,1246197651965607936,2020-04-03 22:07:28,"Good work, @ShawneeState, for stepping up to help keep our doctors and nurses safe during the #COVIDãƒ¼19 pandemic! https://t.co/waT3TBZEGu"
RepBradWenstrup,1246125375459078149,2020-04-03 17:20:16,RT @SBAgov: #COVID19 UPDATE: Small businesses can now apply for the #PaycheckProtectionProgram. The program is designed to keep small businâ€¦
RepBradWenstrup,1245422179140976640,2020-04-01 18:46:00,"RT @HouseGOP: What should you do if you think you might have Coronavirus? ğ‚ğšğ¥ğ¥ ğ²ğ¨ğ®ğ« ğğ¨ğœğ­ğ¨ğ«.

ğŸ“º @Surgeon_General Jerome Adams explains â†´ httâ€¦"
RepBradWenstrup,1245380991436324870,2020-04-01 16:02:21,"Proud to see @ProcterGamble and many other companies stepping up to help! #InThisTogetherOhio #COVIDãƒ¼19   
https://t.co/9BnnCshcpy"
RepBradWenstrup,1244764955242647555,2020-03-30 23:14:26,"Thank you to all of the doctors and medical professionals out there on the frontlines of this battle against COVID-19. As a physician, I understand many of the challenges youâ€™re facing and know youâ€™re making a difference. We support you, and weâ€™re praying for you! https://t.co/nj1wC1jZD6"
RepBradWenstrup,1244708707377823744,2020-03-30 19:30:56,.@OHdeptofhealth offers extensive resources for Ohioans to keep track of this coronavirus in our home state. You can see the most recent data breakdown on the COVID-19 dashboard here: https://t.co/VhzQAcQ4Hd
RepBradWenstrup,1243946254041825281,2020-03-28 17:01:13,Glad to see the private sector stepping up to help! Portsmouth based shoelace manufacturer Sole Choice is making bands for these masks. #InThisTogether https://t.co/r3frvZWIW6
RepBradWenstrup,1243220822527029248,2020-03-26 16:58:36,"Here are a few simple ways, in addition to social distancing, that you can keep yourself and others from getting COVID-19. Stay safe and healthy, everyone! #InThisTogetherOhio https://t.co/L4iMGMLmvD"
RepBradWenstrup,1242880722664411136,2020-03-25 18:27:10,"During times of turmoil, it is critical that we unite, hold onto our humanity, and pull together â€“ not apart. My latest in the @Enquirer on COVID-19.   https://t.co/afr2Fr5oEE"
RepBradWenstrup,1242527995082035217,2020-03-24 19:05:33,"Farmers and ag workers are important pillars in our great state of Ohio. Today, on #NationalAgDay, we thank hard-working farmers for feeding our families and friends and for their contributions to our nationâ€™s robust food supply chain, especially during this coronavirus pandemic."
RepBradWenstrup,1242479890114502656,2020-03-24 15:54:24,We all have a part to play in stopping the spread of COVID-19 and itâ€™s critical we have accurate information. Stay up to date with the CDCâ€™s detailed resources and tips to keep ourselves and others safe from COVID-19. https://t.co/xpIYcPDya3
RepBradWenstrup,1242405580037410819,2020-03-24 10:59:07,RT @OHdeptofhealth: USE. TRUSTED. SOURCES. Verify info before trusting. Continue using our website as your trusted source for COVID-19 infoâ€¦
RepBradWenstrup,1242129479214018561,2020-03-23 16:42:00,You can find a list of government resources to help during this COVID-19 outbreak here: https://t.co/w4Lj0MEcRt
RepBradWenstrup,1242129478245122057,2020-03-23 16:41:59,"Agencies at the federal, state, and local levels are working to support individuals, families, and small businesses through challenges during this coronavirus epidemic. We are all #InThisTogether."
RepBradWenstrup,1241412055548166146,2020-03-21 17:11:13,Great news: â€œThe Food and Drug Administration approved the first coronavirus test that can be conducted entirely at the point of care for a patient â€” and deliver results in 45 minutes.â€ https://t.co/B7vxJu6ZI8
RepBradWenstrup,1241075816009797634,2020-03-20 18:55:07,"RT @GovMikeDeWine: A breakdown of #Ohio's current #COVID19 data: 

Confirmed Cases:  169
Illness onset date range:  02/07/20 â€“ 03/18/20
Ageâ€¦"
RepBradWenstrup,1241044503827566595,2020-03-20 16:50:41,"RT @RepKevinBrady: If you have questions on how the government is responding to #COVID-19, check out the @WaysandMeansGOPâ€™s comprehensive Fâ€¦"
RepBradWenstrup,1240744595132166158,2020-03-19 20:58:58,The ugliest of times bring out the best in Americans. Thank you to everyone who is working around the clock to keep us safe and healthy. #InThisTogether https://t.co/NewKdfaNgF
RepBradWenstrup,1240734042049388544,2020-03-19 20:17:02,"RT @WhiteHouse: We're ALL at risk of transmitting Coronavirus. 

Help protect the most vulnerableâ€”do your part, slow the spread. 

Learn moâ€¦"
RepBradWenstrup,1240709454947061760,2020-03-19 18:39:19,RT @cspan: Ohio Governor Mike DeWine (@GovMikeDeWine) Coronavirus Briefing - LIVE on C-SPAN https://t.co/iJpv3tgMAx https://t.co/EknXMEIAyS
RepBradWenstrup,1240687510621057024,2020-03-19 17:12:08,"RT @CDCgov: Practice social distancing by putting space between yourself and others. Continue to practice healthy habits, like washing yourâ€¦"
RepBradWenstrup,1240683277947506688,2020-03-19 16:55:18,"RT @Surgeon_General: If you're a healthy individual, donating blood is an important thing you can do right now. Having an adequate blood suâ€¦"
RepBradWenstrup,1240668326881361922,2020-03-19 15:55:54,"RT @WaysandMeansGOP: In the Phase Three package to secure our economy as we fight against #coronavirus, @USTreasury Secretary @stevenmnuchiâ€¦"
RepBradWenstrup,1240442942180990981,2020-03-19 01:00:18,"RT @senrobportman: President @realDonaldTrump just signed the Families First Coronavirus Response Act to provide free #coronavirus testing,â€¦"
RepBradWenstrup,1240370697504985089,2020-03-18 20:13:13,"RT @SenateGOP: âœ“ PASSED: The Families First Coronavirus Response Act

Here's what it includes â¤µï¸

+ Free coronavirus testing

+ Paid sick lâ€¦"
RepBradWenstrup,1240334363910377473,2020-03-18 17:48:51,RT @DeptofDefense: What are the facts about #COVID19 ? What do you need to know? The @CDCgov has the resources you need: https://t.co/eyrRYâ€¦
RepBradWenstrup,1240323057228615680,2020-03-18 17:03:55,"The administration has implemented travel restrictions for foreign nationals to help protect American citizens from coronavirus infection. For more information on the travel restrictions, you can visit, https://t.co/T5wMplqISw. https://t.co/As1osSGU4k"
RepBradWenstrup,1240295901073113089,2020-03-18 15:16:01,"RT @scottsloan: Brad Wenstrup and Scott
Brad Wenstrup lays out the Coronavirus Situation https://t.co/OWoVBCdKJK"
RepBradWenstrup,1240029295537467392,2020-03-17 21:36:37,"Glad to see @DeptofDefense stepping up to help in the #CoronavirusResponse: 

https://t.co/GTpjvQbLdw"
RepBradWenstrup,1240015577483264003,2020-03-17 20:42:06,"RT @ZekeJMiller: WASHINGTON (AP) â€” Pentagon says it will give 5 million respirators, 2,000 ventilators to Health and Human Services for virâ€¦"
RepBradWenstrup,1239986874833403906,2020-03-17 18:48:03,"RT @MikeKellyPA: Great news for America's seniors! @POTUS @realDonaldTrump is expanding access to telehealth services through Medicare.

Thâ€¦"
RepBradWenstrup,1239984444498468865,2020-03-17 18:38:24,"ğŸš¨Important Tax UpdateğŸš¨

Because of the financial strain that this coronavirus has put on many Americans, the Treasury Department will permit certain individuals and businesses to defer tax payments without interest or penalties.
https://t.co/hfVryecukt"
RepBradWenstrup,1239960674278748165,2020-03-17 17:03:56,"RT @SocialSecurity: #BREAKING Due to #COVID19 pandemic, we are closing #SocialSecurity field offices to the public for in-person services,â€¦"
RepBradWenstrup,1239931267799486466,2020-03-17 15:07:05,Read the latest from the @gopdoccaucus on this #CoronavirusOutbreak: https://t.co/ok6TCmEKvn
RepBradWenstrup,1239912248786792449,2020-03-17 13:51:31,Limiting your contact with large groups of people can help save lives down the line. We all have a part to play in limiting the spread of the #CoronavirusOutbreak. https://t.co/JDGNiYRATl
RepBradWenstrup,1239890774742970368,2020-03-17 12:26:11,RT @OHdeptofhealth: We can all help. #COVID19 #COVID19OhioReady https://t.co/7mRf2EnTlr
RepBradWenstrup,1239735556889808899,2020-03-17 02:09:24,"RT @WLWT: Rep. Brad Wenstrup discusses coronavirus test kit issues, importance of medical community collaboration https://t.co/5eXLxy8IN8"
RepBradWenstrup,1239653942751105027,2020-03-16 20:45:06,"Together, we can stop the spread of this #CoronavirusOutbreak. The administration and @CDCgov  released updated guidance on what we all can do. https://t.co/0V9bnuImo5"
RepBradWenstrup,1239642466665594880,2020-03-16 19:59:30,"This is great news! 

American innovation &amp; entrepreneurship are prime examples of why there's no country in the world I'd rather be during this pandemic than the ğŸ‡ºğŸ‡¸! https://t.co/lkkZWjq6Wb"
RepBradWenstrup,1239615015574962176,2020-03-16 18:10:25,Latest update on #COVID19 from @GovMikeDeWine â¬‡ï¸ https://t.co/wgDYIj5Pz8
RepBradWenstrup,1239568443797618690,2020-03-16 15:05:21,"RT @HouseGOP: Everyone can help stop the spread of #COVID19.
 
Call your doctor if you develop these symptoms, have been in close contact wâ€¦"
RepBradWenstrup,1239558678451273728,2020-03-16 14:26:33,"RT @PressSec: Out of an abundance of caution and in accordance with the National Emergency Declaration concerning the COVID-19, the Officeâ€¦"
RepBradWenstrup,1239553846151720962,2020-03-16 14:07:21,@RepJoshG and I agree that it's important that we come together as a nation to help flatten the curve of the COVID-19 outbreak. This isnâ€™t a partisan issue.
RepBradWenstrup,1239553660100714496,2020-03-16 14:06:37,"Our day-to-day lives may look different for a little while, but itâ€™s important that we all do our part to keep ourselves and each other healthy as this pandemic plays out. https://t.co/XbzynKCn82"
RepBradWenstrup,1239550153675210754,2020-03-16 13:52:41,â¬‡ï¸#COVID19OhioReady https://t.co/GV5zMVMACv
RepBradWenstrup,1239549111516516352,2020-03-16 13:48:32,RT @WHNSC: Text message rumors of a national #quarantine are FAKE. There is no national lockdown. @CDCgov has and will continue to post theâ€¦
RepBradWenstrup,1239544568795803649,2020-03-16 13:30:29,"RT @GovMikeDeWine: Know the symptoms: 
#COVID19 vs. a cold vs. the flu

Please call your doctor before going in. 

https://t.co/3lWx4J9t3Jâ€¦"
RepBradWenstrup,1239226911844433921,2020-03-15 16:28:14,Please join in asking God to provide healing to those infected by this coronavirus and wisdom for all on this #NationalDayOfPrayer https://t.co/AFTsUJpDKZ
RepBradWenstrup,1238511221336354817,2020-03-13 17:04:20,RT @CityOfCincy: The Ohio Department of Health strongly recommends that all Ohioans immediately take the following actions if they feel sicâ€¦
RepBradWenstrup,1238203177989783553,2020-03-12 20:40:16,"RT @SenateGOP: We're ALL in this together.

And we can ALL do our part to help stop the spread of coronavirus.

â¬‡ï¸ Here's how â¬‡ï¸ https://t.â€¦"
RepBradWenstrup,1238201848030547968,2020-03-12 20:34:59,"I encourage everyone to take precautions as if we were all carrying the virusâ€”wash our hands, cover our mouths when we cough or sneeze, and avoid large group gatherings whenever possible. These actions can help keep ourselves and others safe from infection."
RepBradWenstrup,1238201847191605248,2020-03-12 20:34:59,"As we continue addressing this new coronavirus, thereâ€™s no country Iâ€™d rather be in than in the US. We have lots of bright scientists and medical professionals at the CDC and other state and federal agencies who capable of handling this pandemic, and itâ€™s critical we stay calm."
RepBradWenstrup,1238201632782983168,2020-03-12 20:34:08,ICYMI: I joined Bill Hemmer on FOX News this afternoon to share tips for staying safe and discuss my perspective on COVID-19. https://t.co/fRYmQmHP1u
RepBradWenstrup,1238154220056035330,2020-03-12 17:25:44,"RT @SBAgov: #Coronavirus tips for small businesses: 
âœ”ï¸Encourage sick employees to stay home. 
âœ”ï¸Instruct employees to wash their hands oftâ€¦"
RepBradWenstrup,1238128875374346240,2020-03-12 15:45:01,RT @OHdeptofhealth: The potential for misinformation during times of high-profile global events and public health threats is high. Verify iâ€¦
RepBradWenstrup,1238109837168390146,2020-03-12 14:29:22,"The @CDCgov and @OHdeptofhealth continue to share up-to-date information regarding COVID-19, which you can find here:
https://t.co/BBUIqpcyIZ
https://t.co/yetFXGMyTq"
RepBradWenstrup,1238090625641254912,2020-03-12 13:13:02,RT @OHdeptofhealth: A call center to answer questions regarding #COVID19 is now open. The call center will be open 7 days a week from 9 a.mâ€¦
RepBradWenstrup,1237797985276264448,2020-03-11 17:50:11,"RT @HHSGov: NEWS: Today, @CDCgov is contacting State Health Officers to move forward with awarding over $560 million to states, localities,â€¦"
RepBradWenstrup,1237796064779878400,2020-03-11 17:42:33,RT @WaysandMeansGOP: ICYMI: Yesterday @WaysandMeansGOP Members visited the @HHSGov #coronavirus situation room to get briefed about ongoingâ€¦
RepBradWenstrup,1237778054816161795,2020-03-11 16:30:59,RT @CityOfCincy: Looking for more information about COVID-19 including real-time local updates? Text cincycovid19 to 77295 to opt-in to theâ€¦
RepBradWenstrup,1237766500452388864,2020-03-11 15:45:04,You can also find up-to-date information from the @OHdeptofhealth regarding this coronavirus here: https://t.co/RzgVIzN70f
RepBradWenstrup,1237766499231846401,2020-03-11 15:45:04,"It is important that we continue taking regular flu season precautions. If you do start experiencing symptoms associated with COVID-19, you can reach licensed nurses and infectious disease experts from 9:00am to 8:00pm daily at 1-833-4-ASK-ODH (1-833-427-5634)."
RepBradWenstrup,1237453324225523712,2020-03-10 19:00:37,"RT @GovMikeDeWine: Latest #COVID19 data: 
Three people confirmed.
15 under investigation.
14 tested negative. 

@OHdeptofhealth Director Amâ€¦"
RepBradWenstrup,1237417412905099264,2020-03-10 16:37:55,RT @WaysandMeansGOP: This morning @WaysandMeansGOP Members visited the @HHSGov #coronavirus situation room to get briefed about ongoing effâ€¦
RepBradWenstrup,1237384998816284678,2020-03-10 14:29:07,"Currently being briefed by @SecAzar in HHS's ""Coronavirus Command Center"" about ongoing efforts to combat the spread of the virus. https://t.co/OCRbNjIQgM"
RepBradWenstrup,1237124752071933953,2020-03-09 21:15:00,RT @OHdeptofhealth: Visit https://t.co/vg4tN6d7vM. #COVID19 https://t.co/KcRu0nmqpK
RepBradWenstrup,1237124718806863872,2020-03-09 21:14:52,RT @OHdeptofhealth: A call center to answer questions regarding #COVID19 is now open. The call center will be open 7 days a week from 9 a.mâ€¦
RepBradWenstrup,1237119991092215808,2020-03-09 20:56:05,"Congress passed, and the President signed, a bill providing an additional $8.3 billion to fight the spread of this coronavirus last week, and I am working to ensure that Ohio gets access to its share of those resources."
RepBradWenstrup,1237119990291193858,2020-03-09 20:56:04,"My statement regarding the three positive COVID-19 cases that were confirmed in Cuyahoga County today:

â€œProtecting Ohioans' health and safety remains my top priority. I will continue coordinating efforts with federal, state, and local officials."
RepBradWenstrup,1237089477023186945,2020-03-09 18:54:49,RT @HHSGov: Washing your hands is one of the best ways to help stop the spread of #COVID19. The @Surgeon_General explains the five key stepâ€¦
RepBradWenstrup,1237079259405004801,2020-03-09 18:14:13,"Please contact your doctor if youâ€™re experiencing these symptoms. For more information, call the Ohio Department of Healthâ€™s call center at 1-833-4-ASK-ODH (1-833-427-5634)."
RepBradWenstrup,1237079258218016774,2020-03-09 18:14:13,"While the risk of infection remains low in Ohio, Itâ€™s important to know what symptoms of COVID-19 to look for if youâ€™re feeling ill. Weâ€™re seeing that patients with COVID-19 experience fever, shortness of breath, or sever coughing. https://t.co/m3fECkN8jN"
RepBradWenstrup,1236039461722603526,2020-03-06 21:22:26,"As a reminder, while there have been no confirmed cases of COVID-19 in Ohio, I still encourage everyone to follow standard flu season protection protocol. You can find regular updates on this virus at https://t.co/RzgVIzN70f"
RepBradWenstrup,1236039461047328769,2020-03-06 21:22:26,PSA: The Ohio Department of Health (ODH) is operating a call center specifically to answer questions regarding this new coronavirus. You can reach licensed nurses and infectious disease experts from 9:00am to 8:00pm daily at 1-833-4-ASK-ODH (1-833-427-5634).
RepBradWenstrup,1235582400928911362,2020-03-05 15:06:15,You can find more information on this coronavirus at: https://t.co/HlcAY0D21b
RepBradWenstrup,1235582399544733698,2020-03-05 15:06:14,"COVID-19 is an emerging virus, and many Ohioans have questions about how to detect and treat it. Please help us educate the public by sharing these resources from the @CDCgov with your family and friends. https://t.co/QfSU1ic2jf"
RepBradWenstrup,1235325337409593344,2020-03-04 22:04:46,My statement on voting for the #coronavirus funding bill: https://t.co/bhJ9fsNaRP
RepBradWenstrup,1235281121492992000,2020-03-04 19:09:04,"RT @HHSGov: While the number of cases in the U.S. remains low, you can take simple actions to prevent the spread of #COVID19. Instead of usâ€¦"
RepBradWenstrup,1235251194253148162,2020-03-04 17:10:09,"America needs Congress to come together &amp; pass a CLEAN funding bill to stop the further spread of this coronavirus. We canâ€™t hold this up by attaching it to FISA reauthorization or partisan drug control measures. Speaker Pelosi, stop playing politics with our public safety! https://t.co/z1Z3wdOGyq"
RepBradWenstrup,1235247550883602433,2020-03-04 16:55:40,"RT @WaysandMeansGOP: Americans want a vaccine. Period. They want their health and safety protected. 

@SpeakerPelosi has said sheâ€™d ratherâ€¦"
RepBradWenstrup,1234515705749540864,2020-03-02 16:27:35,I have heard from many Ohioans who are concerned about this new COVID19 coronavirus and have lots of questions about how to stay safe. Here is a very helpful video from the Attending Physician of the United States Congress that answers some frequently asked questions.
RepBradWenstrup,1234491215049117696,2020-03-02 14:50:16,"RT @HouseGOP: House Republicans are working with the @WhiteHouse to aggressively respond to the #COVID19 threat.
 
We must put the health aâ€¦"
RepBradWenstrup,1233455424508178434,2020-02-28 18:14:24,"ICYMI: This morning, I joined Maria Bartiromo on Fox Business to discuss this coronavirus and FISA reform. https://t.co/z2Hi852nJa"
RepBradWenstrup,1233169716652449792,2020-02-27 23:19:06,ICYMI: I joined Fox Business this afternoon to discuss the latest updates with this coronavirus and why Americans need to remain cautious and shouldnâ€™t panic as we prevent further spread of the outbreak. https://t.co/fE17cUMHcG
RepBradWenstrup,1233152835740667905,2020-02-27 22:12:01,RT @BullsBearsFBN: The Trump Administration is trying to ease fears from the Coronavirus as HHS Secretary Alex Azar testified before the Hoâ€¦
RepBradWenstrup,1233150253437767680,2020-02-27 22:01:45,Coming up soon on @FoxBusiness with @DavidAsmanfox to talk #coronavirus https://t.co/VR5kHLqi6H
RepBradWenstrup,1233137657917714449,2020-02-27 21:11:42,"RT @CDCgov: CDC does not currently recommend the use of facemasks to help prevent novel #coronavirus. Take everyday preventive actions, likâ€¦"
RepBradWenstrup,1233045508790378497,2020-02-27 15:05:32,RT @WaysandMeansGOP: Health care should be about something more than partisan politics. This discussion should be about ensuring that Ameriâ€¦
RepBradWenstrup,1230596154800431114,2020-02-20 20:52:41,"As a physician, I believe we should focus on extending oneâ€™s health span rather than just oneâ€™s life span. I encourage everyone to learn more about the steps you can take to stay heart healthy. Here are some useful resources: https://t.co/BCdHg5luxc https://t.co/6etLUJ8B4w"
RepBradWenstrup,1227676752660647938,2020-02-12 19:32:01,"This morning, I spoke about the work weâ€™re doing on the task force to improve the access, quality, and cost of health care in our rural areas at @ruralhealth
31st Annual Rural Health Policy Institute Summit. I am grateful to accept the NRHAâ€™s 2020 Legislative Award. https://t.co/f2cBwJCk9s"
RepBradWenstrup,1227676742631993349,2020-02-12 19:31:59,"One of my biggest priorities is making sure rural and underserved communities have access to quality doctors. Yesterday, my colleagues and I on the bipartisan Ways and Means Rural and Underserved Task Force met to discuss solutions to address rural health issues."
RepBradWenstrup,1227238674175270912,2020-02-11 14:31:15,RT @SecAzar: .@SecPompeo and I in @USATODAY on addressing the #coronavirus: Weâ€™re undeterred in our vigilance to protect Americans. And weâ€™â€¦
RepBradWenstrup,1226197655925207041,2020-02-08 17:34:37,Here is another important update from Acting Homeland Security Deputy Secretary Cuccinelli on our nationâ€™s efforts to contain this new coronavirus outbreak: https://t.co/Wf6AlUJK2E
RepBradWenstrup,1224887702929145856,2020-02-05 02:49:20,"@POTUS: With unyielding commitment, we are curbing the opioid epidemic -- drug overdose deaths declined for the first time in nearly 30 years.  Among the States hardest hit, Ohio is down 22 percent. #SOTU"
RepBradWenstrup,1224887399341330432,2020-02-05 02:48:07,"Proud to have Hamilton County Heroin Task Force Commander, Tom Fallon, as my guest tonight. He is on the ground everyday helping fight the opioid epidemic! #SOTU https://t.co/hAmqOr0BbT"
RepBradWenstrup,1224886349834149888,2020-02-05 02:43:57,"@POTUS: ""We will never let socialism destroy American healthcare!"" #SOTU"
RepBradWenstrup,1224769078704902146,2020-02-04 18:57:58,"Tonight, President Trump will deliver his third State of the Union address. I expect him to highlight our booming economy, efforts in strengthening national security, successes in combatting the opioid epidemic, and more."
RepBradWenstrup,1222629184561975299,2020-01-29 21:14:47,"RT @RepSteveStivers: Thankfully there are no confirmed cases of coronavirus in Ohio, but it never hurts to take steps to prevent illnesses:â€¦"
RepBradWenstrup,1205513793431908353,2019-12-13 15:44:20,"Open burn pits are a potential health hazard for our nationâ€™s servicemembers. In order to best aid our servicemembers who have suffered service-related illnesses and injuries, itâ€™s vital that we have as much information as possible on these hazardous areas."
RepBradWenstrup,1202708821539532817,2019-12-05 21:58:22,"Veterans with limb loss and limb impairment have already sacrificed for our country, we must uphold our promise to give them access to health care options that are best for them. https://t.co/YIenq2rCDK"
RepBradWenstrup,1197555283905654789,2019-11-21 16:40:03,"@WaysandMeansGOP Today is National Rural Health Day. Many Americans in rural areas face challenges in accessing quality care. As co-chair of the Rural &amp; Underserved Health Task Force, Iâ€™m focused on ensuring Americans in rural areas can receive the care they need. #PowerofRural"
RepBradWenstrup,1197184176254078978,2019-11-20 16:05:24,@WaysandMeansGOP ICYMI: I encourage stakeholders in Ohioâ€™s rural and underserved areas to let me know how I can help improve health care access and outcomes. https://t.co/7pzIKlDCtM
RepBradWenstrup,1195465247328555008,2019-11-15 22:15:00,"As co-chair of the @WaysandMeansGOP Rural &amp; Underserved Health Task Force, I want to hear from stakeholders in rural and underserved areas about how they think we can improve health care access and outcomes. Share your thoughts here: https://t.co/0EAHlEWsIn"
RepBradWenstrup,1190002501556326400,2019-10-31 20:28:00,"Happy Halloween! If youâ€™re celebrating tonight, be sure to stay safe and healthy. Click below to read some trick-or-treating safety tips and other Halloween tips from the CDC. https://t.co/lstW9bXpB1"
