RepDeSaulnier,1321929761128652801,2020-10-29 21:39:49,"Mental illness is a condition, not a crime. Too often encounters between police &amp; someone with a mental illness result in fatality. Proud to support the Mental Health Justice Act, which would ensure mental health professionals are sent when 911 is called in a mental health crisis"
RepDeSaulnier,1321218790995169282,2020-10-27 22:34:41,".@RepMaloney &amp; I are releasing documents that show how the Sackler family, owners of Purdue Pharma, profited off the opioid epidemic. They need to be held accountable.
https://t.co/C3XNjIXY1D"
RepDeSaulnier,1321194015287595010,2020-10-27 20:56:14,"RT @HouseDemocrats: #COVID19 has made it CLEAR that reliable internet access is a NECESSITY!
 
Instead of voting to repeal net neutrality,…"
RepDeSaulnier,1321178090794528768,2020-10-27 19:52:57,"As @CCCounty allows for further reopening of our community, remember that it is more important than ever to continue to practice social distancing and to wear masks. More info on the County’s move into the next phase of reopening below.
https://t.co/81xEed7Ob4"
RepDeSaulnier,1320764083587731457,2020-10-26 16:27:50,"While Americans continue to make extraordinary sacrifices to fight the spread of #coronavirus, the White House admits it has given up on trying to control it. With 220,000+ dead &amp; infections surging nationwide, @POTUS has failed the American people.
https://t.co/7juX8sPtTP"
RepDeSaulnier,1319779294491648002,2020-10-23 23:14:38,"Tune in for my thoughts on this week’s events, including Senate Republicans’ push to confirm an extremely partisan Supreme Court nominee just days before the election, the Trump Administration’s cruel immigration policies &amp; the President’s continual mismanagement of the pandemic. https://t.co/vVuGrUstXB"
RepDeSaulnier,1319692579064119297,2020-10-23 17:30:04,"As coronavirus cases again rise across the country, @POTUS continues to falsely claim that we are turning a corner and a vaccine will be available in weeks, contrary to the claims of scientists. His dishonestly is costing American lives. 
https://t.co/dbIyOCpMJn"
RepDeSaulnier,1319664747927769088,2020-10-23 15:39:28,"RT @LeaderHoyer: The American people have been waiting ""weeks"" for Trump’s health care plan for the last 4 years, but he never had a plan –…"
RepDeSaulnier,1319395824716206080,2020-10-22 21:50:52,Another reminder that @POTUS is trying to take away your health care. https://t.co/IUUnOTqN3r
RepDeSaulnier,1319356685631225856,2020-10-22 19:15:20,"Senate Republicans are continuing to ram through an extremely partisan lifetime appointment to the Supreme Court just days before the election, giving Americans no say in decisions over their health care, reproductive rights, &amp; more. 
https://t.co/lSkfUh0II4"
RepDeSaulnier,1318966534597992448,2020-10-21 17:25:01,"As a pandemic rages and Americans need more help than ever, @POTUS is trying to cut coronavirus aid and funding for newborns in states that disagree with him politically. We will do everything possible to block him.
https://t.co/mT7Bpf3VhZ"
RepDeSaulnier,1318668238587310083,2020-10-20 21:39:42,"Since the start of the pandemic, the Trump Administration has been concealing the truth about how serious it is. This dishonestly has cost American lives. https://t.co/JUVo43diMv"
RepDeSaulnier,1317862174627430401,2020-10-18 16:16:41,".@CCCounty is working hard to make sure voting is safe during the pandemic. See below for tips to protect your health while exercising your right to vote.
https://t.co/U8qlIaSGKY"
RepDeSaulnier,1316106923918336000,2020-10-13 20:01:57,HAPPENING NOW: Join me for a Congressional update and get your questions answered. Check out the conversation ranging from everything from coronavirus to the economy to the upcoming election. https://t.co/UtRwTlenqb
RepDeSaulnier,1315332795502272512,2020-10-11 16:45:50,Please check out my @EastBayTimes op-ed on the importance of wearing a mask. https://t.co/Ehd8wswq4w
RepDeSaulnier,1315017655678427136,2020-10-10 19:53:35,It’s time to #EndTheStigma and speak up for accessible and affordable mental health care and treatment. #WorldMentalHealthDay https://t.co/tYJqOheGNU
RepDeSaulnier,1314251702367924224,2020-10-08 17:09:58,"Do you have questions about what’s going on in Congress? Wondering how to best return your ballot? Concerned about coronavirus and the economy? Submit any questions you have to be answered at our town hall on Tuesday, October 13th at 1 p.m. PT: https://t.co/EkE6QZ1MRP https://t.co/l1yWEpZSkX"
RepDeSaulnier,1314221674225717248,2020-10-08 15:10:38,"An internal government memo reveals the White House super spreader event led to more coronavirus infections than the Trump Administration has publicly revealed, underscoring both its reckless behavior &amp; lack of transparency with the American people.
https://t.co/c7iPiiNipK"
RepDeSaulnier,1313884693134274564,2020-10-07 16:51:36,"Important read from my friend and Bay Area colleague @RepBarbaraLee on @POTUS, @SenateMajLdr, &amp; Senate Republicans refusing to work with @HouseDemocrats to address the worst public health &amp; economic crises of our lifetime. @EastBayTimes 
https://t.co/L95Z252X7L"
RepDeSaulnier,1313607027575451650,2020-10-06 22:28:15,"In walking away from coronavirus relief talks, @POTUS is abandoning the American people. People need unemployment, health care support, and hope. The President has decided to give them nothing.
https://t.co/LzwJmFrSH3"
RepDeSaulnier,1313591155464892416,2020-10-06 21:25:11,"The fight to improve our health care system has long been a priority for @SenKamalaHarris. I am proud to have worked alongside then-AG Harris in that fight, particularly on an effort that more effectively identifies and curbs prescription drug abuse in CA. https://t.co/3hueE37kpp"
RepDeSaulnier,1313531968710086658,2020-10-06 17:30:00,"IMPORTANT UPDATE: If you have not yet received your coronavirus Economic Impact Payment, you must register by November 21st to receive it. If you are a Non-Filer you should register ASAP at https://t.co/mW8r3cN99t."
RepDeSaulnier,1313236254855553024,2020-10-05 21:54:56,"Tune in for an update on @HouseDemocrats’ efforts to provide additional coronavirus relief in the face of Republican obstruction and my thoughts on the President’s ongoing failure to take this pandemic seriously, which has endangered countless American lives. https://t.co/tFKMoLcF3m"
RepDeSaulnier,1313229089344499713,2020-10-05 21:26:28,"TODAY is the first day of early voting in California. With longer lines expected on Election Day due to the pandemic, don’t wait. Check out early voting hours here: https://t.co/NxfwMwKLCx"
RepDeSaulnier,1313157552679591936,2020-10-05 16:42:12,RT @Yamiche: Masked WH reporters often ask WH aides why they refuse to wear masks. We're regularly told it's bc they are tested often &amp; hav…
RepDeSaulnier,1312823156386783235,2020-10-04 18:33:26,"RT @CNN: CNN’s @jaketapper: “Sick and in isolation, Mr. President, you have become a symbol of your own failures. Failures of recklessness,…"
RepDeSaulnier,1312120166470365187,2020-10-02 20:00:00,"By spreading baseless conspiracy theories &amp; dangerous lies, QAnon promotes prejudice and violence. I was proud to cast my vote to condemn this hate group that poses a threat to our democracy.
https://t.co/yZIwljtpM9"
RepDeSaulnier,1312073167079387136,2020-10-02 16:53:14,"While we wish @POTUS &amp; @FLOTUS well, the President has mocked mask wearing, defied health experts, &amp; played fast and loose during a real and deadly pandemic. He must be fully transparent with the American people about his condition &amp; conduct an aggressive contact tracing effort."
RepDeSaulnier,1311823570469699584,2020-10-02 00:21:26,"BREAKING: @HouseDemocrats pass coronavirus relief to get resources to states, cities, towns, &amp; schools as they grapple with this pandemic. @senatemajldr &amp; Senate Republicans must immediately pass this bill to deliver critical aid to #FundtheFrontLines. https://t.co/k6KBCpfmmh"
RepDeSaulnier,1311784904540196869,2020-10-01 21:47:47,"Census Enumerators are going door to door to talk with anyone who hasn’t yet completed the #2020Census. They will
✅Have an official ID badge
✅Carry an official bag with the Census Bureau logo
✅Physically distance and wear a mask https://t.co/PAax9rcoOr"
RepDeSaulnier,1311727867689144327,2020-10-01 18:01:09,"New study from @Cornell’s @ScienceAlly confirms: President Trump is the #1 offender of purposefully spreading disinformation about coronavirus.
https://t.co/NcG2uHSRMS"
RepDeSaulnier,1309991137793384453,2020-09-26 23:00:00,"IMPORTANT REMINDER: If you haven’t received your coronavirus Economic Impact Payment, you must file your claim by October 15th, 2020. More info here: https://t.co/6rH7Gm04Zi"
RepDeSaulnier,1309885442339209216,2020-09-26 16:00:00,"In honor of National Public Lands Day, entrance to all national parks is free today. Take this opportunity to experience one of our beautiful parks, including the John Muir National Historic Site right here in Contra Costa County, but remember to wear a mask!"
RepDeSaulnier,1309228614605369344,2020-09-24 20:30:00,"Important update: @CAGovernor has extended authorization for local governments to halt evictions for commercial renters impacted by coronavirus. More information below.
https://t.co/RWaFqi3wLT"
RepDeSaulnier,1309213515022966785,2020-09-24 19:30:00,"ICYMI: The Pentagon used money meant to fight coronavirus to pad the pockets of defense contractors. Another example of the Trump Administration’s bungled response to the pandemic and the lack of oversight in our defense system.
https://t.co/zsHTDupX9F"
RepDeSaulnier,1308903979234086913,2020-09-23 23:00:01,"California continues to lead in fighting against climate change by beginning the transition to clean transportation. I will keep advocating in Congress to accelerate this transition for a brighter, healthier future for ourselves &amp; our environment. https://t.co/8K7wFOt4Bh"
RepDeSaulnier,1308567932910305282,2020-09-23 00:44:41,"This #SmallBusinessWeek I’m celebrating the Main Street businesses that are the backbone of America. As a former small business owner, I know how important it is that small businesses have the resources they need to keep their doors open, especially during this pandemic. https://t.co/O29OVAFN5p"
RepDeSaulnier,1308514200159956995,2020-09-22 21:11:10,"RT @COVIDOversight: More than 200,000 deaths.

Nearly 7M cases.

It didn't have to be this bad.

While the Administration has been downplay…"
RepDeSaulnier,1308450989507137537,2020-09-22 17:00:00,"200,000 Americans dead and a President who is still downplaying this crisis. We are thinking today of those whose lives were needlessly lost and their loved ones. We need true leadership to put an end to this pandemic. #FailthePeople https://t.co/sy3WtjCusm"
RepDeSaulnier,1308204063067000832,2020-09-22 00:38:48,RT @Laurie_Garrett: The @CDCgov reversed a reversal of a stupid guidance -- so it went reasonable-to-stupid-to-smart-back to stupid on whet…
RepDeSaulnier,1308102902221803521,2020-09-21 17:56:49,"In addition to being hypocritical and undemocratic for @SenateMajLdr and Senate Republicans to push through a Supreme Court nominee before the election, it also puts the health care of millions of Americans at risk in the middle of a pandemic. 
https://t.co/AY62vikhGW"
RepDeSaulnier,1307046519145664513,2020-09-18 19:59:08,RT @axios: NEW: The CDC has updated its coronavirus testing guidance again — reversing its previous guidance and now recommending asymptoma…
RepDeSaulnier,1307016537635729408,2020-09-18 18:00:00,"The health of millions of Americans was put in jeopardy when the Administration’s guidance reportedly followed the President’s personal agenda, not science &amp; experts.  
https://t.co/jdfAJHMbZu"
RepDeSaulnier,1306988854528802819,2020-09-18 16:10:00,".@HouseDemocrats have been working #ForthePeople, passing over 600 bills to, among other things, lower health care costs, address racial injustice, &amp; provide pandemic unemployment support. @SenateMajLdr is standing in the way of all of these benefiting the American people. https://t.co/r0hFoW3ni5"
RepDeSaulnier,1306744749567520769,2020-09-18 00:00:01,"There can be no economic recovery without the public transportation that millions of Americans rely on to get to work. As a member of @TransportDems, I am fighting to ensure the next round of coronavirus aid includes funding for these vital systems &amp; that we push to #SaveTransit. https://t.co/aRPR1TLPV1"
RepDeSaulnier,1306702183329603586,2020-09-17 21:10:52,Early in the pandemic PPE was hard to come by. Lives could have been saved had USPS been allowed to mail masks to every American. https://t.co/SjtCQaQh0s
RepDeSaulnier,1306662238418333700,2020-09-17 18:32:08,It’s unacceptable that anyone in America should have to choose between a healthy pregnancy and job security. I was proud to vote for the bipartisan Pregnant Workers Fairness Act to finally secure strong and clear protections for pregnant workers. #LongOverdue https://t.co/WD5q0IK1in
RepDeSaulnier,1306614867961540609,2020-09-17 15:23:54,"RT @SpeakerPelosi: As America approaches 200,000 lives lost to the coronavirus, it is clearer than ever that we desperately need the $75 bi…"
RepDeSaulnier,1306308119149109251,2020-09-16 19:05:00,"The pandemic has made recovery from addiction even more difficult. If you or a loved one is struggling with a mental health or substance use disorder, know you are not alone. Find support at https://t.co/Jb8PViqZOd #RecoveryMonth #EndtheStigma"
RepDeSaulnier,1306294028904923136,2020-09-16 18:09:00,New health advisory from @CocoHealth goes into effect today. More information below on guidelines for safely reopening our county. https://t.co/nf2XURUWP3
RepDeSaulnier,1306273217708019716,2020-09-16 16:46:19,"Rather than show true leadership by developing a national testing strategy &amp; implementing a nationwide mask mandate to protect Americans, @POTUS continues to advocate for herd immunity, which experts agree would result in an enormous death toll.
https://t.co/ty8xGQCmub"
RepDeSaulnier,1305997322183086080,2020-09-15 22:30:00,"Another example of how existing health and environmental inequities compound to negatively affect minority groups: A disproportionate number of deaths in young people from coronavirus are in communities of color.
https://t.co/skYKwc6aFE"
RepDeSaulnier,1305656964073095173,2020-09-14 23:57:32,"RT @EdLaborCmte: Secretary DeVos has shown an overwhelming preference for private schools amid the pandemic, while doing little to help pub…"
RepDeSaulnier,1304845214503374851,2020-09-12 18:11:56,"Demanding the right to change CDC reporting on coronavirus in order to hide the truth from the American people is another example of how President Trump cares more about his popularity than this country.
https://t.co/e7jd75G1dA"
RepDeSaulnier,1304517117321113601,2020-09-11 20:28:12,"With millions still out of work due to the pandemic, California &amp; states across the country need support to get jobless benefits out the door. We need a federal package, like the @HouseDemocrats' #HeroesAct, to help states get critical resources they need. https://t.co/ztAZbO3nCs"
RepDeSaulnier,1303741544923627521,2020-09-09 17:06:21,"""I wanted to always play it down."" – President Trump on coronavirus. @POTUS knew coronavirus was dangerous and deadly in early February and withheld it from the American people, risking all of our lives. #TrumpKnew
https://t.co/mrw1w3Pbi9"
RepDeSaulnier,1303392198210334720,2020-09-08 17:58:10,"As millions of Americans struggle to make ends meet, Senate Republicans’ weak coronavirus aid proposal is an insult to the American people who remain out of work due to the pandemic and need the robust assistance @HouseDemocrats passed in the #HeroesAct. 
https://t.co/y5X8pDbjtq"
RepDeSaulnier,1301651420685402112,2020-09-03 22:40:56,"RT @CoCoHealth: With 12 testing sites in the county, find the one that best fits your needs. Go to https://t.co/4eFeHWDGbc or call (844) 42…"
RepDeSaulnier,1301220881738469378,2020-09-02 18:10:08,"My friend &amp; chair of @TheBlackCaucus, @RepKarenBass points out the critical need for coronavirus vaccine trials to recruit participants from communities of color, as racial and ethnic groups have been disproportionately harmed by the virus. @WashingtonPost https://t.co/OMH8P4XRoZ"
RepDeSaulnier,1300894098090610689,2020-09-01 20:31:37,"As @POTUS continues to ignore the coronavirus pandemic, the rest of the world is taking action. His refusal to join the global effort to find a vaccine hurts Americans &amp; will reduce our country’s role as a leader in global health efforts for years to come. https://t.co/oX9KOdJpWy"
RepDeSaulnier,1300861417101438977,2020-09-01 18:21:45,"Poll workers help make sure our election runs smoothly during the pandemic. Sign up to be a poll worker to #HelpAmericaVote and ensure everyone’s voice is heard in November here: https://t.co/JaBEN51mBl  
#NationalPollWorkerRecruitmentDay"
RepDeSaulnier,1300822134458142720,2020-09-01 15:45:39,"As the pandemic continues into the school year, I joined my colleagues in urging @USDA to extend summer meal program flexibilities &amp; am glad they listened."
RepDeSaulnier,1300554987655827456,2020-08-31 22:04:06,Check out the latest County guidance on coronavirus. https://t.co/BbJsJeiRew
RepDeSaulnier,1300551427627122689,2020-08-31 21:49:58,"RT @RepAnnaEshoo: The public health of our country must be guided by science, not bullying or political pressure from the White House. Read…"
RepDeSaulnier,1300194757076045827,2020-08-30 22:12:41,I look forward to continuing the fight in Congress to protect health care as a basic human right.
RepDeSaulnier,1300194755167621121,2020-08-30 22:12:40,"As a sponsor of #MedicareForAll, I was delighted my staff had an opportunity to meet with @NationalNurses to discuss the vital need for this legislation to ensure health care is affordable for every American. https://t.co/0qa9GouT3G"
RepDeSaulnier,1299438068710223876,2020-08-28 20:05:52,Stay safe through the weekend as air quality is expected to remain unhealthy in the Bay Area. https://t.co/MaEqyWQnT5
RepDeSaulnier,1299104404503748608,2020-08-27 22:00:00,"Whether teaching virtually or in-person, schools need extra help to support their students during the pandemic. The Senate must pass the #HeroesAct now to ensure they get the funding they need.
https://t.co/dcgndNqdZC"
RepDeSaulnier,1298727606364311558,2020-08-26 21:02:45,RT @CoCoHealth: MEDIA RELEASE: Recent Data Suggest a Leveling of COVID-19 Transmission in Contra Costa County https://t.co/AHlYlPBgeK
RepDeSaulnier,1298694792025640966,2020-08-26 18:52:21,".@POTUS is endangering the health of every American by making it harder to get tested for coronavirus. Science and reason support the fact that we need more testing, not less, to end this pandemic.
https://t.co/LiYrDz5n0d"
RepDeSaulnier,1298676111245742080,2020-08-26 17:38:07,"As the coronavirus pandemic has depleted local budgets, the #Census is more important than ever in ensuring our community doesn’t lose out on trillions of dollars in funding. Take just a few minutes to complete yours here: https://t.co/Kqd13IQvKK
https://t.co/3MT8woz7ui"
RepDeSaulnier,1297304195289108480,2020-08-22 22:46:37,.@HouseDemocrats just took emergency action and passed the Delivering for America Act in response to @POTUS’ attacks on @USPS. This bill would protect reliable mail delivery &amp; your right to vote during the coronavirus crisis. #DontMesswithUSPS https://t.co/rtl0gr5KfR
RepDeSaulnier,1296153260877705216,2020-08-19 18:33:13,RT @CoCoHealth: We are advising residents to remain indoors with doors and windows closed because of poor air quality caused by wildfires i…
RepDeSaulnier,1295446017249247234,2020-08-17 19:42:53,"Americans are counting on @USPS more than ever for reliable service during this pandemic to receive medication, run their businesses, &amp; vote. #SaveUSPS
https://t.co/XQ9YO8ttI7"
RepDeSaulnier,1294406043188027393,2020-08-14 22:50:24,"Census Bureau takers will soon be going door-to-door to help ensure everyone is counted. They will:

-Present a badge
-Have an official census bag
-Wear a mask
-Follow public health guidelines https://t.co/1LKnY1Sp1W"
RepDeSaulnier,1294335144061542400,2020-08-14 18:08:40,"For 85 years, #SocialSecurity has meant economic security for millions of Americans. As @POTUS attacks this vital program, I am fighting in Congress to protect &amp; expand benefits during the pandemic. #SocSec85 https://t.co/oAojp695gc"
RepDeSaulnier,1294034654434144264,2020-08-13 22:14:38,RT @EdLaborCmte: More than 1 in 3 Black women are essential workers on the front lines of the #COVID19 crisis. Despite their critical role…
RepDeSaulnier,1294007361003298817,2020-08-13 20:26:11,"✅Mass unemployment
✅Millions of Americans facing eviction
✅No national testing strategy
✅No plan to safely reopen schools 

❌And @senatemajldr has adjourned the Senate without passing additional coronavirus relief. This is unacceptable."
RepDeSaulnier,1293974329655468035,2020-08-13 18:14:55,".@POTUS' guidelines ignore guidance from public health experts and do not make our students or school professionals safer. 
https://t.co/dCuojTAMEY"
RepDeSaulnier,1293698787244818433,2020-08-13 00:00:01,"During this pandemic, Americans rely on the @USPS more than ever to receive medication, run their businesses, &amp; vote. Led by @SpeakerPelosi I joined my colleagues in demanding that USPS fulfill its duties to serve the American people, not @POTUS. https://t.co/p6MmZav3FN"
RepDeSaulnier,1293290895698210820,2020-08-11 20:59:12,I’ve joined my colleagues in insisting that any coronavirus relief measures must include provisions to address these racial health disparities.
RepDeSaulnier,1293290894754447360,2020-08-11 20:59:12,"An important and distressing look from @NYTimes at the ways the coronavirus pandemic has exacerbated existing and structural racial inequities in American society. 
https://t.co/Gh32FI7Bwu"
RepDeSaulnier,1293272867598106626,2020-08-11 19:47:34,"ICYMI: At my town hall yesterday I gave updates on coronavirus negotiations and special guest economist Dr. Jesse Rothstein joined me to answer your questions on how coronavirus has affected the economy, your jobs, and your savings. https://t.co/kHEQ25IjM7 https://t.co/t5mCZcVRMb"
RepDeSaulnier,1292951939458596869,2020-08-10 22:32:18,"HAPPENING NOW: Join us live on Facebook for a conversation with Jesse Rothstein, former Chief Economist at the Department of Labor and UC Berkeley professor, on the status of coronavirus negotiations and how coronavirus has affected jobs and the economy. https://t.co/kHEQ25ZUDF"
RepDeSaulnier,1292930710114902017,2020-08-10 21:07:57,"LAST CHANCE: Register by 2:30 p.m. PT for our town hall discussion on coronavirus and the economy. The event starts at 3:30 p.m. PT. and you will receive a link to join via email.
https://t.co/EkE6QZ1MRP https://t.co/a38mSo8qpP"
RepDeSaulnier,1292900812923047942,2020-08-10 19:09:09,RT @WhipClyburn: America needs a national plan to stop the spread of the virus. https://t.co/Ucwqn0eGd5
RepDeSaulnier,1292818159620300801,2020-08-10 13:40:43,Nervous about the news that Republicans have walked away from coronavirus negotiations? Confused by President Trump’s meager Executive Orders? Join me TODAY at 3:30 p.m. PT for a town hall where I will discuss this. Registration closes at 2:30 p.m. PT: https://t.co/EkE6QZ1MRP https://t.co/2vE5MmqfLH
RepDeSaulnier,1292611619009236992,2020-08-10 00:00:00,"TOMORROW: Join me and President Obama’s former chief economist at the Department of Labor and @UCBerkeley professor, @rothstein_jesse, for a conversation on coronavirus, jobs, and the economy on Zoom at 3:30 p.m. PT. Register &amp; submit your question here: https://t.co/EkE6QZ1MRP https://t.co/PiK5yCLAEx"
RepDeSaulnier,1292585653704638466,2020-08-09 22:16:49,"Thanks @AntiochCAGov, @CityPittsburgCA, Bay Point, and @cococensus for encouraging our community to take a few minutes to fill out the #Census2020 to ensure our schools, roads, &amp; hospitals are fully funded. Fill out these 9 easy questions at https://t.co/Kqd13IyUma to #BeCounted. https://t.co/BC9bUGCvxC"
RepDeSaulnier,1292250722969333760,2020-08-09 00:05:55,RT @SpeakerPelosi: Today’s meager announcements show President Trump still does not comprehend the seriousness or the urgency of the health…
RepDeSaulnier,1292120215220822018,2020-08-08 15:27:20,"On Monday, August 10th, I will be joined by former Chief Economist at the Obama Department of Labor, @UCBerkeley professor, &amp; co-director of the California Policy Lab, Jesse Rothstein on Zoom to discuss how coronavirus has impacted American jobs &amp; the economy. https://t.co/POgv29Zc4b"
RepDeSaulnier,1291876426875121666,2020-08-07 23:18:36,"ICYMI: Economist @PaulKrugman predicts that President Trump &amp; Congressional Republicans’ failure to provide timely relief during the coronavirus crisis will result in an economic slump worse than the Great Recession. @NYTimes
https://t.co/FWrO8KJ1Bp"
RepDeSaulnier,1291863289337729024,2020-08-07 22:26:24,Protect yourself and your community by following these simple guidelines and don’t forget to #MaskUp https://t.co/gu2ExHEMn3
RepDeSaulnier,1291846386036744193,2020-08-07 21:19:14,"Do you have questions about how coronavirus has affected your savings &amp; the economy? Join me and former Chief Economist at the Obama Department of Labor &amp; current Berkeley professor, Jesse Rothstein for a discussion on Zoom on August 10th at 3:30 p.m. PT. https://t.co/EkE6QZ1MRP https://t.co/rsyYu0MmkI"
RepDeSaulnier,1291771694647062528,2020-08-07 16:22:26,"We have a long way to go in recovering from the pandemic &amp; millions of Americans need assistance now more than ever. It is past time for the Republicans to pass the #HeroesAct to provide relief to unemployed workers and their families. 
https://t.co/OInmYZ4tzn"
RepDeSaulnier,1291554883049598976,2020-08-07 02:00:54,An important read above on how the Trump Administration’s incompetence &amp; hubris in its handling of the coronavirus has resulted in uniquely poor outcomes for the U.S.
RepDeSaulnier,1291462554754134016,2020-08-06 19:54:01,RT @RulesDemocrats: A look behind the scenes at the appropriations process during this pandemic: thousands of amendments were submitted ele…
RepDeSaulnier,1291444887167131650,2020-08-06 18:43:49,"The science is clear! Wearing a mask is one of the most effective ways to slow the spread of coronavirus. So do your part and #MaskUp to protect yourself, your family, and your neighbors. https://t.co/3aD4HinSj7"
RepDeSaulnier,1291148650719121408,2020-08-05 23:06:41,"As Republicans drag their feet on passing additional coronavirus relief, 23 million Americans risk being evicted from their homes. @HouseDemocrats provided for $175 billion to assist renters &amp; homeowners in making rent &amp; mortgage in the #HEROESAct. 
https://t.co/wq8T1Tb6uO"
RepDeSaulnier,1290721106710724609,2020-08-04 18:47:46,The @LATimes is right. We have worked in the House to curb the use of flavored tobacco and address the youth vaping epidemic because we see the damage being done to another generation of Americans. https://t.co/B2y3Sio9Tk
RepDeSaulnier,1290388178038382592,2020-08-03 20:44:50,RT @CoCoHealth: Do you know someone who could use some extra help? Reach out to see if you can lend a hand. https://t.co/ElIknkuOIM
RepDeSaulnier,1289637021036744705,2020-08-01 19:00:00,"Since the #Trump Administration refuses to protect the traveling public against the spread of coronavirus, I have joined my @TransportDems colleagues to require plane passengers to wear masks to ensure traveling is as safe as possible for all Americans. 
https://t.co/jzh8r2L4v5"
RepDeSaulnier,1289561873290072065,2020-08-01 14:01:24,"In order to get back to work, school, and everyday life safely, we need a national testing plan. 
https://t.co/AqGoxBAc4o"
RepDeSaulnier,1289357678041608192,2020-08-01 00:30:00,"Undercounted communities do not get the funding they deserve for hospitals, schools, roads, and more. This is why it’s so crucial to complete the Census’ 9 easy questions and ensure that #EveryoneCounts. https://t.co/Kqd13IQvKK https://t.co/nIeocW1rUW"
RepDeSaulnier,1289311153923866625,2020-07-31 21:25:07,"As Dr. Fauci testified, the Trump Administration’s refusal to implement a national strategy to deal with the coronavirus pandemic has cost tens of thousands of American lives and millions of jobs.
https://t.co/KKRmv8pyLm"
RepDeSaulnier,1289237912479911937,2020-07-31 16:34:05,"American workers &amp; students are counting on Congress for support during this pandemic. I am proud to announce the passage of measures I authored to examine the effects of telecommuting and to increase funding to support students and their families.
https://t.co/YhSkgtCqqb"
RepDeSaulnier,1288931070008795137,2020-07-30 20:14:48,"As the economy experienced a record-breaking crash in Q2 and coronavirus cases continue to rise, @POTUS’ total lack of leadership and refusal to listen to experts is pushing millions of Americans and small businesses into economic despair. 
https://t.co/enD5xWdcx5"
RepDeSaulnier,1288892609679839232,2020-07-30 17:41:59,"RT @foodbankccs: “In the face of this global pandemic, food insecurity is a sad reality for millions of families...” said @RepDeSaulnier. “…"
RepDeSaulnier,1288526261166510080,2020-07-29 17:26:14,"REMINDER: The #2020Census is totally confidential and does NOT include a citizenship question. Please take a few minutes today to answer its 9 easy questions to ensure our community’s schools, hospitals, &amp; infrastructure are fully funded. #EveryoneCounts https://t.co/kJ3730S64m https://t.co/7t4062UUNl"
RepDeSaulnier,1288339703662608385,2020-07-29 05:04:56,"Interested in staying up-to-date on what’s happening in Congress and right here in Contra Costa? Sign up for my weekly newsletter for coronavirus updates, information on virtual town halls I’ll be hosting, &amp; more latest news: https://t.co/PdYGNY6BlJ"
RepDeSaulnier,1288251061464190976,2020-07-28 23:12:42,"While Republican lawmakers continue their infighting over a new coronavirus package that provides $0 in rental assistance and drastically cuts unemployment benefits, millions of Americans are struggling to pay their bills &amp; can’t wait for relief.
https://t.co/a0jfPijfrD"
RepDeSaulnier,1287911176849031169,2020-07-28 00:42:07,Millions of Americans who have lost employer-sponsored health insurance due to the pandemic rely on community health centers for affordable care. I joined my colleagues in urging @HHSGov to provide additional funding to these centers for their crucial role in fighting coronavirus https://t.co/a2fd27ktKV
RepDeSaulnier,1287862804142227458,2020-07-27 21:29:54,I urge Republicans to join @HouseDemocrats to protect and extend the $600 a week in coronavirus unemployment support.
RepDeSaulnier,1287418148455686145,2020-07-26 16:03:00,"As we celebrate #ADA30, we must keep working to address some of the significant challenges people with disabilities still face, which include: 
➡️ Eliminating barriers to employment
➡️ Ensuring access to affordable health care
➡️ Guaranteeing the right to live independently https://t.co/6ppX3vmxsj"
RepDeSaulnier,1286843614648139778,2020-07-25 02:00:00,"The #Census is just 9 easy questions to benefit your community with funding for schools, roads, hospitals, and more. Fill it out today: https://t.co/saJ0oJLJWU
#EveryoneCounts"
RepDeSaulnier,1286768535394549766,2020-07-24 21:01:40,"Millions of workers and their families were counting on @SenateMajLdr to extend Pandemic Unemployment Compensation before it runs out next weekend. 
https://t.co/kW2SMz3Jrw"
RepDeSaulnier,1286751512954310664,2020-07-24 19:54:02,"As parks have provided safe places for Americans to exercise and get fresh air during the pandemic, this surge in visitation has had a drastic impact on park infrastructure and natural resources. @askGeorge @mercnews
https://t.co/dcddYkw9Xt"
RepDeSaulnier,1286436551719890944,2020-07-23 23:02:29,"ICYMI: We hosted a telephone town hall and took questions on coronavirus and safely returning to school in Contra Costa. Tune in to the conversation below.
https://t.co/E0Fo9z1hor https://t.co/oMIaNh6rDC"
RepDeSaulnier,1285965889913970690,2020-07-22 15:52:14,TOMORROW at 12:00 p.m. PT: I will be joined by Dr. Bill Walker and Superintendent Lynn Mackey for a telephone town hall on coronavirus and safely reopening our schools. Register by 8:00 p.m. PT TONIGHT to join us: https://t.co/Zh2nKKAWgE https://t.co/70BkNLbzO7
RepDeSaulnier,1285696820027494406,2020-07-21 22:03:03,"Decades of defense spending without proper oversight has led to overspending and a lack of accountability. Instead of sinking more money into the trillion dollar defense industry, we should focus our spending on schools, roads, and public health."
RepDeSaulnier,1285391544166559749,2020-07-21 01:50:00,"During our telephone town hall on THURSDAY, JULY 23rd at 12:00 p.m. PT, I will join our panelists in taking your questions on coronavirus &amp; safely reopening our schools. Submit a question &amp; register for the call here: https://t.co/Zh2nKKAWgE https://t.co/WhSKkmZLhu"
RepDeSaulnier,1285367898782011404,2020-07-21 00:16:02,"While this is an important first step, we must pass the bill I authored, the Preventing Vape Use Act, to halt the sale of all e-cigs until they undergo review to end the deadly youth vaping epidemic."
RepDeSaulnier,1285285014465318913,2020-07-20 18:46:41,"According to @CDCDirector, our country’s coronavirus outbreak can be controlled within 4-8 weeks if everyone wears a mask. @POTUS is risking American lives by ignoring science &amp; refusing to mandate masks. 
https://t.co/R4lXlK8SCY"
RepDeSaulnier,1285247550405189633,2020-07-20 16:17:49,"Had @POTUS and his Administration listened to the experts &amp; established a comprehensive testing system, the U.S. could have better recovered from this pandemic like we have seen across Europe. https://t.co/R2UaiziFOy"
RepDeSaulnier,1284241682469396480,2020-07-17 21:40:51,"By stripping the #CDC of its responsibility to handle &amp; report hospital data on coronavirus, the Trump Administration is hindering public access to this info in an effort to mask its failure in managing the pandemic. Read more below about how my colleagues &amp; I are fighting back."
RepDeSaulnier,1284198596691349506,2020-07-17 18:49:39,"Also on the call to answer your questions will be County public health specialist @cocohealth’s Dr. Bill Walker &amp; the County Superintendent of Schools, @SupCCCOE."
RepDeSaulnier,1284198594627678208,2020-07-17 18:49:38,Join me on July 23rd at 12:00 p.m. PT for a telephone town hall on the coronavirus pandemic &amp; safely returning to school. Register for the event here: https://t.co/Zh2nKKAWgE https://t.co/xyGWQ5tDE2
RepDeSaulnier,1283981257609818112,2020-07-17 04:26:01,RT @CoCoHealth: Face coverings are an important tool in our fight against COVID-19. If you make handmade face masks and would like to donat…
RepDeSaulnier,1283838400676745224,2020-07-16 18:58:21,"RT @CACensus: Education, healthcare, and infrastructure spending are all determined using data from the Census. If we don’t get counted, we…"
RepDeSaulnier,1283800164331925510,2020-07-16 16:26:25,"The job of health officials is to protect American public health, not pledge loyalty to the President. @POTUS continues to politicize a national crisis and is distracting from the importance of fighting this pandemic.
https://t.co/QKi0ucU46J"
RepDeSaulnier,1283568678181773312,2020-07-16 01:06:35,".@realDonaldTrump's mandate that hospitals sidestep the CDC with information on coronavirus infections allows this critical data to be influenced by his political agenda, endangering public health. 
https://t.co/wXuHEVtfGE"
RepDeSaulnier,1283426133099401216,2020-07-15 15:40:09,His lack of leadership and disregard for public health guidelines are responsible for cases &amp; deaths rising.
RepDeSaulnier,1283426132180819969,2020-07-15 15:40:09,"Former directors of the CDC, @DrTomFrieden, Dr. Jeffrey Koplan, Dr. David Satcher, &amp; @DrRichBesser highlight the ways in which @realDonaldTrump has undermined the CDC, sacrificing the health of millions of Americans for his political benefit. 
https://t.co/36uva1e4Fq"
RepDeSaulnier,1283184180067799051,2020-07-14 23:38:43,"RT @HouseDemocrats: Want to make sure YOUR community receives the funding it needs for your schools, roads and hospitals? Fill out your #20…"
RepDeSaulnier,1283113212846714886,2020-07-14 18:56:43,"IMPORTANT UPDATE: Due to rising coronavirus cases in the County, some businesses and activities are required to close again. See below for more information.
https://t.co/YUL1yxkMgZ https://t.co/ZWWEyVRB4L"
RepDeSaulnier,1283092414966763522,2020-07-14 17:34:05,"REMINDER: If you qualify for free or reduced school lunch, you must apply by July 15th for a pandemic EBT card for extra food benefits. https://t.co/i4mNcuFB3G"
RepDeSaulnier,1282884217043591168,2020-07-14 03:46:46,Forcing people to vote in person in the midst of a deadly pandemic is voter suppression. Voting by mail is safe and secure and allows every American to participate in our democracy. https://t.co/ddYppOzwWs
RepDeSaulnier,1282826895827099649,2020-07-13 23:59:00,"The coronavirus pandemic has put a spotlight on the dangerous &amp; even deadly consequences of youth vaping: the risk of getting severely ill with coronavirus nearly doubles in young people who smoke or vape. 
https://t.co/zBye3jW8bg"
RepDeSaulnier,1282733063068422146,2020-07-13 17:46:08,The Trump Administration’s efforts to smear &amp; discredit Dr. Fauci are shameful and dangerous. Dr. Fauci has worked to safeguard public health for over 50 years and his only goal is to protect the American public as coronavirus cases and deaths are on the rise throughout the U.S.
RepDeSaulnier,1282366033555152898,2020-07-12 17:27:42,"If you have a pending inquiry regarding your coronavirus-related direct rebate, IRS staff is available to assist you at (800) 919-9835. As always, please contact my office at (925) 933-2660 should you need further assistance. https://t.co/5vhZ144Yvn"
RepDeSaulnier,1282100280532758529,2020-07-11 23:51:41,BREAKING: @CoCoHealth has amended its social distancing health order due to a rise in positive coronavirus tests in the community. https://t.co/8dZOJzOAkF
RepDeSaulnier,1281715315899080704,2020-07-10 22:21:59,".@NYTimes shows you the demise of the local news industry through the eyes of the only reporter left covering a Pennsylvania town. As our country fights to combat a pandemic, it has never been more important to #SaveLocalNews. https://t.co/g8x7bVhncq"
RepDeSaulnier,1281715314271690752,2020-07-10 22:21:58,"As we’ve seen here in the Bay Area, hedge funds like Alden Global have decimated the local news industry and coronavirus has made it worse."
RepDeSaulnier,1281350122622812168,2020-07-09 22:10:50,Show you care by wearing a mask. #YourActionsSaveLives https://t.co/IICtnLmWzs
RepDeSaulnier,1281250411186446336,2020-07-09 15:34:37,"Non-partisan @factcheckdotorg reports: data from some of the places being hardest hit shows that the case numbers are outpacing any increases in testing, since the percentage of positive tests is climbing — sometimes dramatically so. https://t.co/7SZYvn7MZ7"
RepDeSaulnier,1281250410313986048,2020-07-09 15:34:36,"As U.S. coronavirus cases top 3 million &amp; several states report record single-day infections, the President continues to falsely blame testing. https://t.co/wYfRgr8lJB"
RepDeSaulnier,1280918319428587520,2020-07-08 17:35:00,"ICYMI: President Trump has begun the process of exiting the U.S. from the World Health Organization. The recent increase in cases and deaths from coronavirus prove just how shortsighted and dangerous this move is.
https://t.co/pfoWMKGBhS"
RepDeSaulnier,1280887704075612160,2020-07-08 15:33:21,"Today’s #SCOTUS decision to allow employers to deny birth control coverage for religious or moral reasons endangers women’s reproductive freedom. Access to full health care should not depend on where you live or work, and I won’t stop fighting in Congress for women’s rights."
RepDeSaulnier,1280850448006746118,2020-07-08 13:05:18,RT @CoCoHealth: MEDIA RELEASE: Contra Costa County Releases Updated Public Guidance for Face Coverings https://t.co/DsXaT0WkWW
RepDeSaulnier,1280667921572941827,2020-07-08 01:00:00,"Kicking international students out of the U.S. if their colleges transition to online learning is unnecessary and cruel. The Trump Administration is trying to use this pandemic to further its anti-immigrant agenda &amp; I won't stand for it.
https://t.co/zw5vv9zCeW"
RepDeSaulnier,1280171951474917376,2020-07-06 16:09:12,"RT @HouseDemocrats: Health care is a right, not a privilege. 

But the Trump administration has been trying to take away health care from m…"
RepDeSaulnier,1279156541401083904,2020-07-03 20:54:19,"Improved transportation planning, like the kind I authored in the COMMUTE Act, would ease access to jobs, health care facilities, and affordable housing. #MovingForward https://t.co/Mru51f0VwA"
RepDeSaulnier,1279137876450652160,2020-07-03 19:40:09,"#COVID19 is still spreading and we all need to do our part to slow it!  Wear a mask, wash your hands, and refrain from gathering with people you don’t live with.  #YourActionsSaveLives https://t.co/6pGWye5SJq"
RepDeSaulnier,1278882845407223809,2020-07-03 02:46:45,"In the midst of a pandemic, leaving millions of Americans unable to make ends meet is unforgiveable. Republicans in Congress must join Democrats to extend this funding immediately."
RepDeSaulnier,1278882844673269762,2020-07-03 02:46:45,"If President Trump and his allies let Federal Pandemic Unemployment Compensation expire at the end of July, Californians on unemployment will have their benefits cut by 64%.
https://t.co/QW5QGKr4xs"
RepDeSaulnier,1278852333162639360,2020-07-03 00:45:30,"Now, with the highest number of coronavirus cases &amp; deaths in the world, he has left the U.S. without a national strategy to tackle these deficiencies. I will keep working on @OversightDems for full accountability for this deadly lack of leadership."
RepDeSaulnier,1278852332210569218,2020-07-03 00:45:30,"President Trump has had months to address the severe shortages of PPE &amp; medical equipment critical to fighting coronavirus. 
https://t.co/jJqqXsJZTi"
RepDeSaulnier,1278710418932936704,2020-07-02 15:21:35,"ICYMI: As a former small business owner, I know how critical @HouseDemocrats extension of the #PPP deadline is to helping small businesses recover from this pandemic. 
https://t.co/GJwFdLMKGx"
RepDeSaulnier,1278033788333887490,2020-06-30 18:32:54,"RT @CoCoHealth: If your kids qualify for free or reduced school lunch, sign up today for a P-EBT card to help your family eat healthy this…"
RepDeSaulnier,1277997971741835265,2020-06-30 16:10:35,IMPORTANT REMINDER: You have until TODAY at midnight to apply up for a forgivable small business relief loan if your business was impacted by coronavirus. More information below: https://t.co/85AzkxaItu
RepDeSaulnier,1277982965709115392,2020-06-30 15:10:57,"These bills would fund green vehicles &amp; technology and improve transportation access as part of this effort to grow our economy, protect public health, &amp; make our communities more resilient. #ClimateActionNow"
RepDeSaulnier,1277782175958683649,2020-06-30 01:53:05,"As the coronavirus pandemic has left millions uncertain about their financial future, I voted to the pass the Protecting Your Credit Score Act because it is more important than ever to address flaws in the credit reporting system &amp; better protect consumers."
RepDeSaulnier,1277748455310610432,2020-06-29 23:39:05,"As the economic fallout of the coronavirus pandemic continues, families across the country are struggling to pay their rent and mortgages. They need relief now to avoid a serious spike in evictions &amp; homelessness. 
https://t.co/yQj5sDndVL"
RepDeSaulnier,1277716219718545409,2020-06-29 21:31:00,"While nearly 125,000 people have died from coronavirus &amp; over 2.4 million are sick, President Trump is trying to take health coverage from countless Americans. Proud to vote for the Affordable Care Enhancement Act to expand coverage to 4.8 million Americans &amp; #LowerCostsForCare. https://t.co/MMUf2mglSu"
RepDeSaulnier,1277660522398220295,2020-06-29 17:49:40,RT @CoCoHealth: MEDIA RELEASE: Contra Costa to Postpone COVID-19 Reopening Timeline https://t.co/XMGnkOqSP0
RepDeSaulnier,1277237828540420096,2020-06-28 13:50:02,"ICYMI: With coronavirus cases still rising, Pandemic Unemployment Insurance is set to expire at the end of July. Letting this program expire, like the Trump Administration is proposing, will cost the U.S. 5.1 million jobs.
https://t.co/wo9hzyrKzR"
RepDeSaulnier,1276517120864591872,2020-06-26 14:06:12,"If successful, the President would wipe out health care coverage for 23 million Americans, half a million of whom gained coverage during this pandemic."
RepDeSaulnier,1276517120105422851,2020-06-26 14:06:12,"The President continues to play politics with our health care, continuing his campaign to repeal Obamacare even in the midst of a pandemic. 
https://t.co/ikKarwGk2k"
RepDeSaulnier,1276227429988786177,2020-06-25 18:55:05,"I am introducing bipartisan legislation with @CongressmanGT that would get much-needed coronavirus relief funding to communities more quickly &amp; efficiently, allowing millions of families to pay their bills, make rent, &amp; put food on the table."
RepDeSaulnier,1276227428805902337,2020-06-25 18:55:04,"The coronavirus pandemic has only exacerbated the inequality that has been growing for decades in the United States. 
https://t.co/OZQsn2VSCr"
RepDeSaulnier,1275971976507486208,2020-06-25 02:00:00,"Amidst the uncertainty &amp; disruptions of the coronavirus pandemic, children across the country are experiencing heightened fear &amp; anxiety. We need to pass the Mental Health Services for Students Act to ensure that children can receive the support they need to thrive. https://t.co/qivaqDo5wC"
RepDeSaulnier,1275940136023470082,2020-06-24 23:53:28,"With Americans installing contact-tracing apps to limit the spread of COVID-19, it has become more important to ensure that the public has a full understanding of who is collecting their location data, if its's provided to the government, &amp; what the government is doing with it."
RepDeSaulnier,1275925036726181890,2020-06-24 22:53:28,The President is abandoning Americans as some states are experiencing record highs in coronavirus cases. Testing is key to ending this crisis &amp; the President’s actions are shameful. https://t.co/x6OrSOhqnV
RepDeSaulnier,1275868267140259848,2020-06-24 19:07:54,RT @CoCoHealth: Join us 1-2:30pm Saturday for a celebration of freedom – a Juneteenth virtual gathering with the Contra Costa County Africa…
RepDeSaulnier,1275824382288502786,2020-06-24 16:13:31,"RT @RulesDemocrats: The Affordable Care Act was signed into law 10 years ago because @HouseDems believe health care is a right, not a privi…"
RepDeSaulnier,1275810651278135298,2020-06-24 15:18:57,"As several states report spikes in coronavirus cases, the last thing we need right now is a testing slowdown. The Senate must pass the #HeroesAct to ensure coronavirus testing is available nationwide.
https://t.co/JcFAMGco0O"
RepDeSaulnier,1275579392593326080,2020-06-24 00:00:00,The House passed the #HeroesAct a month ago to help Americans impacted by coronavirus. This pandemic is far from over. The Senate must pass this bill now for the wellbeing of American families. https://t.co/Y7rUvZJ9H3
RepDeSaulnier,1275467887705292808,2020-06-23 16:36:56,RT @CoCoHealth: Contra Costa Health Services Director Anna Roth and Deputy Health Officer Dr. Sara Levin will be giving a COVID-19 update t…
RepDeSaulnier,1275196940159004674,2020-06-22 22:40:17,"The President said he told his staff to slow down testing for coronavirus then claimed he was joking. Testing is a matter of life &amp; death, not a punch line. The Trump Administration continues to be negligent in handling this crisis. 
https://t.co/vaXF6OmEah"
RepDeSaulnier,1275163271327350784,2020-06-22 20:26:29,"RT @AlexPadilla4CA: With MAIL-IN BALLOTS, we can offer voters a SAFE, HEALTHY, and SECURE way to exercise their right to vote in 2020 and p…"
RepDeSaulnier,1275085093913198600,2020-06-22 15:15:50,"ICYMI: Rather than focusing on student safety during the coronavirus pandemic, Education Secretary Betsy DeVos has been devoting her time to cracking down on people struggling to repay student loans. Our nation’s students deserve better.
https://t.co/Y6C2wJ6PVZ"
RepDeSaulnier,1274090418767044612,2020-06-19 21:23:21,"Voting by mail is a safe, secure, &amp; convenient way for Americans to exercise their right to vote, particularly in the midst of a pandemic. 
https://t.co/bLq6kM9lg4"
RepDeSaulnier,1273711219543859200,2020-06-18 20:16:33,Important reminder to protect yourself &amp; your community by wearing a mask in public settings. https://t.co/p5psCGCd25
RepDeSaulnier,1273008527448162305,2020-06-16 21:44:18,RT @SpeakerPelosi: The President’s Executive Order falls seriously short of what is required to combat the epidemic of racial injustice &amp; p…
RepDeSaulnier,1272998653289005057,2020-06-16 21:05:04,RT @CoCoHealth: MEDIA RELEASE: Contra Costa County Continues to Open Businesses and Activities https://t.co/sl8f581FOu
RepDeSaulnier,1272924939146887170,2020-06-16 16:12:09,"Now they refuse to disclose how half a trillion taxpayer dollars for coronavirus relief have been spent even though in the past, SBA loans have been made public. #Oversight #Accountability."
RepDeSaulnier,1272650869557923842,2020-06-15 22:03:06,"As we continue to grapple with the economic fallout of coronavirus, we need to ensure aid is going to workers &amp; families, not the wealthy &amp; powerful. I’m sponsoring the CORE Act to increase oversight &amp; anticorruption standards to prevent misuse of taxpayer dollars."
RepDeSaulnier,1272585914817150976,2020-06-15 17:45:00,"The #2020Census is essential to making sure the #AANHPI community receives the funding it needs for schools, hospitals, roads, and other resources! Make sure to count your household at https://t.co/VcdifNI7Mh! https://t.co/6hAsMQQ2TV"
RepDeSaulnier,1271608225482276869,2020-06-13 01:00:00,Has your health care status changed due to #coronavirus? The special enrollment period for @CoveredCA runs through June 30. Click the links below for more information. https://t.co/XnBbkeMlXl
RepDeSaulnier,1271580819505676294,2020-06-12 23:11:06,.@realDonaldTrump's effort to illegally rollback the antidiscrimination provision of the #ACA to make it more difficult for LGBTQ+ Americans to receive health care is disgraceful in the midst of a pandemic &amp; on the anniversary of the #Pulse shooting. https://t.co/hXLZhLzzGf
RepDeSaulnier,1271548831369494528,2020-06-12 21:04:00,"RT @CA_Concord: A new COVID-19 testing location is opening at 1034 Oak Grove Rd. on Monday, June 15. To make an appointment, call (844) 421…"
RepDeSaulnier,1271200847691747330,2020-06-11 22:01:14,"RT @RepJerryNadler: When we impeached President Trump, we warned of the grave danger he posed. His abuse of DOJ, fatal mishandling of COVID…"
RepDeSaulnier,1270758876342861829,2020-06-10 16:45:00,"The gender pay gap continues to plague this nation &amp; has been made worse by the coronavirus pandemic. 57 years after the #EqualPayAct, it is more important than ever that we pass the Paycheck Fairness Act, a bill I sponsor, to ensure all women receive equal pay for equal work."
RepDeSaulnier,1270392714031517697,2020-06-09 16:30:00,"The coronavirus pandemic has impacted frontline workers across our country, including transportation workers. Watch as @TransportDems hear from these heroes about how they've been affected. https://t.co/QSvqF7b9Bs"
RepDeSaulnier,1270383416828145667,2020-06-09 15:53:03,RT @CoCoHealth: Statement from CCHS regarding requirements for religious gatherings: https://t.co/rQ7BFFojpN
RepDeSaulnier,1270359511925166083,2020-06-09 14:18:04,"With the coronavirus pandemic, it’s more important than ever that our community receives the funding we need for essential resources, including hospitals, schools, and food assistance. #WeAllCount #BeCounted https://t.co/JOjAWQUTcY"
RepDeSaulnier,1270194368226320384,2020-06-09 03:21:51,"RT @COVIDOversight: Chair @WhipClyburn closed last week's briefing quoting Dr. #MartinLutherKing Jr., calling attention to the “shocking” a…"
RepDeSaulnier,1270134621343117312,2020-06-08 23:24:26,"The coronavirus pandemic is disproportionately harming communities of color. I am joining my colleagues on both sides of the aisle to urge for more health care assistance to these underserved communities. 
https://t.co/pCqiZCVj2Z"
RepDeSaulnier,1270028501970796545,2020-06-08 16:22:45,"RT @CoCoHealth: To schedule your no-cost test, go to https://t.co/DW2cp5jPrx or call 1-844-421-0904. More info about testing: https://t.co/…"
RepDeSaulnier,1269807940053147650,2020-06-08 01:46:19,"During this pandemic, @SocialSecurity will be accepting Medicare Part B enrollment applications online for working age individuals who qualify for a Special Enrollment Period as their field offices are currently closed. More information here: https://t.co/LBY2tqXu7G"
RepDeSaulnier,1269634006632615937,2020-06-07 14:15:10,"If you do not typically file a tax return, be sure to register for your coronavirus-related direct rebate by October 15th. https://t.co/mW8r3cvyhV"
RepDeSaulnier,1269012166029557772,2020-06-05 21:04:12,".@CoCoHealth has issued its latest update to the county’s stay-at-home order with outdoor dining, outdoor swimming pools, dog parks, and outdoor religious services up to 100 people re-opening today. For full details, click the link below. https://t.co/5z5sGc7bRJ"
RepDeSaulnier,1268901490036482049,2020-06-05 13:44:24,"Today we #WearOrange to bring awareness to our nation's gun violence epidemic. It is past time for @senatemajldr to take up commonsense laws, like the Bipartisan Background Checks Act that the House passed over a year ago, to prevent further tragedy. https://t.co/YyZ7gcxbD9"
RepDeSaulnier,1268659238504718336,2020-06-04 21:41:47,RT @CoCoHealth: We have updated our FAQs to reflect the updated health order issued earlier this week. Learn more: https://t.co/16eLeJov9I…
RepDeSaulnier,1268346733207203840,2020-06-04 01:00:00,"As coronavirus continues to pose a threat to public health, @CAgovernor is taking comprehensive action to guarantee that all Californians are able to exercise their sacred right to vote without risking their health. 
https://t.co/CT1YgoQpjo"
RepDeSaulnier,1268216336754278405,2020-06-03 16:21:51,"A new study from the Harvard School of Public Health confirms the dangers e-cigarettes pose to our youth. The FDA must heed our many calls for them to take more decisive action to save another generation from nicotine addiction.
https://t.co/ZruIX7lq4C"
RepDeSaulnier,1267925657306173442,2020-06-02 21:06:48,".@CoCoHealth has released its latest update to the county’s stay-at-home order, with indoor retail shopping, business offices, outdoor museums, &amp; pet grooming among those that can re-open beginning tomorrow, June 3. For full details, click the link below.
https://t.co/FxDAnB5wnf"
RepDeSaulnier,1267493704853528578,2020-06-01 16:30:22,"The murder of #GeorgeFloyd is yet another example of police brutality &amp; the systemic racism that persists in our country. Around the world and here in Contra Costa, people are rightfully &amp; peacefully protesting for racial justice."
RepDeSaulnier,1266466782153449477,2020-05-29 20:29:45,"President Trump’s decision to terminate the U.S. relationship with @WHO would be foolish in normal times, but is even more dangerous in the midst of a pandemic. This move will limit U.S. influence and have disastrous effects on global efforts to fight the coronavirus."
RepDeSaulnier,1265738654875607040,2020-05-27 20:16:26,TODAY: Join @CoCoHealth on Facebook at 4 p.m. for a live Q&amp;A on the county’s coronavirus response. Click the link below for details. https://t.co/lm69AxYx8X
RepDeSaulnier,1264677297782583296,2020-05-24 21:58:59,Today’s @nytimes front page provides a stark reminder of what our nation has been through over the past several months. Our hearts are with those who have lost loved ones to coronavirus as well as with those still fighting it today. – Team DeSaulnier https://t.co/VlPEeTS2yu
RepDeSaulnier,1263928379075674113,2020-05-22 20:23:02,"IMPORTANT UPDATE: If you began receiving unemployment benefits on or after 6/2/19 &amp; they have been exhausted, the EDD will begin automatically filing Pandemic Unemployment Compensation extensions for you starting 5/27. https://t.co/kU77bc46Ta"
RepDeSaulnier,1263122833124872192,2020-05-20 15:02:05,"We have received several inquiries about antibody testing. These non-diagnostic tests are not currently being offered at state testing sites as antibody tests can only tell if a person has been exposed to the virus, not necessarily if they have built up an immunity to COVID-19."
RepDeSaulnier,1262434927779254273,2020-05-18 17:28:36,".@CoCoHealth issued a new order today that allows retail establishments to offer storefront pick-up, and allows the manufacturing, warehousing, and logistical operations that support retail to resume. - Team DeSaulnier https://t.co/32VKJXDf3H"
RepDeSaulnier,1261471863349276672,2020-05-16 01:41:43,"With today’s passage of the #HeroesAct, @HouseDemocrats voted to fund public schools, protect workers, assist small businesses, &amp; establish testing to safely reopen the country. See below for more details. -Team DeSaulnier https://t.co/cOFCx0Ek5i"
RepDeSaulnier,1261357942718242816,2020-05-15 18:09:03,"BREAKING: Starting May 19th, outdoor gatherings where participants stay in their vehicles will be permitted in Contra Costa according to new guidance issued by @CCCounty and @CoCoHealth. Click the link below for details. -Team DeSaulnier
https://t.co/PLUxIgZQHC"
RepDeSaulnier,1261080237284167680,2020-05-14 23:45:32,"The change in policy is based on new guidance from the Centers for Disease Control and Prevention (CDC) about how long COVID-19 patients remain infectious. See its press release below for more information. -Team DeSaulnier
https://t.co/B4GIC7peWn"
RepDeSaulnier,1261080236776665092,2020-05-14 23:45:32,Important update: @CocoHealth mandates that County residents who test positive for coronavirus must now isolate for 10 days instead of 7.
RepDeSaulnier,1260633172573855745,2020-05-13 18:09:04,"During this crisis, countless Americans dealing with mental and behavioral health issues are unable to access the care they need. Congress must #FundMentalHealth in the next coronavirus package. -Team DeSaulnier https://t.co/MpdNt6cK4I"
RepDeSaulnier,1260557912537206785,2020-05-13 13:10:01,"Contra Costa residents can now be tested for coronavirus at 8 sites throughout the County by appointment only. For exact locations &amp; to make an appointment, call 1-844-421-0804 from 8 a.m. – 3:30 p.m. daily. -Team DeSaulnier
https://t.co/dh6MCCCZPn"
RepDeSaulnier,1260298208410054661,2020-05-12 19:58:02,"RT @nytimes: More than 80,000 people in the U.S. have died from the coronavirus, and Dr. Anthony Fauci cautioned senators that the number i…"
RepDeSaulnier,1260210556277067776,2020-05-12 14:09:44,"If you want to receive your coronavirus rebate payment electronically, the IRS requires your direct deposit information by TOMORROW at 12 p.m. ET in the Get My Payment portal below. -Team DeSaulnier
https://t.co/HuEBdHtZG2"
RepDeSaulnier,1259831513778192384,2020-05-11 13:03:34,This week is #NationalWomensHealthWeek. We must continue to protect access to safe and affordable health care for all women. #NWHW -Team DeSaulnier https://t.co/9azQeFCg81
RepDeSaulnier,1258847532760866816,2020-05-08 19:53:34,"This #MentalHealthMonth, we must continue to destigmatize mental &amp; behavioral health so everyone who needs care can get it. If you are in need, contact the National Helpline at 1-800-662-HELP (4357) or visit https://t.co/Jb8PViqZOd. They are here to help. -Team DeSaulnier https://t.co/OZPj7twPwk"
RepDeSaulnier,1258462296428425219,2020-05-07 18:22:47,Contra Costa County residents can now be tested for COVID-19 whether or not they have symptoms. See below for more information. -Team DeSaulnier https://t.co/9hPfr51bOy
RepDeSaulnier,1256242023180447745,2020-05-01 15:20:12,"Join us for #VirtualOfficeHours TODAY at 1 p.m. PT on Facebook where we will address the coronavirus questions you asked us this week: https://t.co/OL0tRg5kKz
-Team DeSaulnier https://t.co/GfKxu7PamS"
RepDeSaulnier,1255974758103080962,2020-04-30 21:38:11,"Congressman DeSaulnier’s friend and @OversightDems colleague @RepAOC drops by #VirtualOfficeHours to discuss who qualifies for pandemic unemployment insurance, how to access it, &amp; the communities left behind that Congress must continue to fight for. https://t.co/N4NY5jlTZI"
RepDeSaulnier,1255855933755994112,2020-04-30 13:46:01,"Have a question about how coronavirus is affecting you or your family? Drop your question in the comments below or at the link and we will share answers during our #VirtualOfficeHours Friday at 1 p.m. PT. -Team DeSaulnier
https://t.co/XbiNdcdf9r https://t.co/mQ4UF9LojR"
RepDeSaulnier,1255618493027954699,2020-04-29 22:02:31,"In her #VirtualOfficeHours appearance, @RepPressley highlights @CCCounty efforts to combat this pandemic, talks about the bold action still needed from Congress, and confirms that Congressman DeSaulnier is an #HonorarySquadMember. You won’t want to miss this one. https://t.co/VYHm9DKvWR"
RepDeSaulnier,1255573084641333249,2020-04-29 19:02:05,"BREAKING: @CoCoHealth has extended its stay-at-home order through May 31 while also modifying some restrictions. For details, click the link below. - Team DeSaulnier https://t.co/9SjOwGvIX0"
RepDeSaulnier,1255485489425022977,2020-04-29 13:14:01,"Our office is committed to answering your coronavirus questions. Submit questions in the comments and tune in FRIDAY at 1 p.m. PT where we will share answers in our #VirtualOfficeHours on Facebook: https://t.co/OL0tRg5kKz
– Team DeSaulnier https://t.co/nHZShpcGoJ"
RepDeSaulnier,1255253897175760898,2020-04-28 21:53:45,".@RepPerlmutter, Congressman DeSaulnier’s friend and Rules Committee colleague, joins #VirtualOfficeHours to recap Congressional efforts to deal with the effects of coronavirus and the next steps @HouseDemocrats are taking on behalf of the American people. -Team DeSaulnier https://t.co/zsKQzWLWho"
RepDeSaulnier,1255238652164177924,2020-04-28 20:53:10,"As our nation is suffering the worst worker safety crisis in recent history, thousands of workers are getting sick and dying from preventable #COVID19 infections. On #WorkersMemorialDay, we remember those we’ve lost. -Team DeSaulnier https://t.co/TlxiURw7ZY"
RepDeSaulnier,1254823506510065665,2020-04-27 17:23:32,"If you are looking to donate supplies to fight coronavirus, see below for more information. -Team DeSaulnier https://t.co/Uzvoxa3Zr5"
RepDeSaulnier,1253851704887558147,2020-04-25 01:01:56,"The longest serving Health &amp; Human Services Secretary, Rep. Shalala knows the importance of funding our hospitals and protecting our health care workers– all included in the latest bill @HouseDemocrats passed to address the coronavirus crisis."
RepDeSaulnier,1253687543486468102,2020-04-24 14:09:37,"Don’t miss our virtual, interactive town hall TODAY AT 2:00 P.M. PT with the Small Business Majority &amp; former Congressman George Miller about coronavirus relief for small businesses. You must register here to participate: https://t.co/3X8gT5PCez https://t.co/k1P2v9BWvv"
RepDeSaulnier,1253404866803912704,2020-04-23 19:26:22,"We hope you will join us on tomorrow, April 24th at 2:00 p.m. PT for a virtual, interactive town hall and Q&amp;A session on funding opportunities for small businesses during this pandemic. Register here: https://t.co/3X8gT5PCez"
RepDeSaulnier,1253116713853423618,2020-04-23 00:21:21,"Up next in our #VirtualOfficeHours series, @RepRaskin, a Constitutional lawyer by training, fills us in on the bill the House expects to pass tomorrow and the need for a national strategy to address the impacts of coronavirus. https://t.co/d9B7VmilGs"
RepDeSaulnier,1253069925587058694,2020-04-22 21:15:25,Are you or someone you know a small business owner with questions about how federal funding can help your company during this pandemic? https://t.co/yZSBaZBJGp
RepDeSaulnier,1253030612526608385,2020-04-22 18:39:12,"Tomorrow, April 23rd, the IRS is holding a webinar and live Q&amp;A on the coronavirus direct rebates. This is a great opportunity to have your questions and concerns regarding these rebates addressed. Register at the link below. -Team DeSaulnier https://t.co/qEZBbk78li"
RepDeSaulnier,1253007993131749379,2020-04-22 17:09:19,"Today marks the first day that #CA11 residents are required to wear a mask while visiting essential businesses and on public transit. For more information, click the link below. - Team DeSaulnier https://t.co/Ro6GLozmWs"
RepDeSaulnier,1252742898615025667,2020-04-21 23:35:56,We will discuss new programs Congress created to provide federal funding options for small businesses during the coronavirus crisis. Register here: https://t.co/3X8gT5PCez https://t.co/YM3vTy2iPT
RepDeSaulnier,1252644516282142720,2020-04-21 17:05:00,"We want to thank the truck drivers, equipment operators, flight crews, maintenance workers, emergency personnel, and all other essential employees doing their part to keep America moving as we battle this pandemic. #ToThoseWhoKeepUsMoving 
– Team DeSaulnier https://t.co/62iRV9gpq2"
RepDeSaulnier,1251239921207193601,2020-04-17 20:03:38,".@CCCounty has issued an order requiring anyone working at or visiting an essential business, seeking medical attention, or riding public transit to wear face coverings to reduce the spread of coronavirus."
RepDeSaulnier,1250937015375294464,2020-04-17 00:00:00,"As @RideACT continues its services, it is adjusting operations, including its schedule, to comply with CDC guidelines to protect its riders &amp; employees. See below for details. -Team DeSaulnier
https://t.co/b7ez0ZWuNj"
RepDeSaulnier,1250890802219417602,2020-04-16 20:56:22,"The Pandemic Unemployment Assistance program is being set up in California to assist self-employed individuals, gig workers, &amp; independent contractors impacted by COVID-19."
RepDeSaulnier,1250848934165012481,2020-04-16 18:10:00,"Funding for hospitals, schools, emergency services, and food assistance is all determined by Census data. Fill out the #2020Census to ensure your community receives the proper funding for these invaluable services. #ShapeYourFuture -Team DeSaulnier https://t.co/m8wXJK3wLh"
RepDeSaulnier,1250436039451140099,2020-04-15 14:49:18,"To track the status of your coronavirus relief rebate, you can log into the IRS’s new “Get My Payment” site: https://t.co/oAKgGtE24b - Team DeSaulnier"
RepDeSaulnier,1249811639630782472,2020-04-13 21:28:09,"RT @CoCoHealth: PRESS RELEASE: Contra Costa Health Order Requires Masks, Temperature Checks for Health Facility Visitors https://t.co/4dFXw…"
RepDeSaulnier,1249692605878882304,2020-04-13 13:35:10,"If you need health coverage in light of the coronavirus crisis, you can enroll in a plan through @CoveredCA and may be eligible to receive financial help to help you pay for your coverage. -Team DeSaulnier
https://t.co/dnZLATg2p5 https://t.co/njkd5FCjJ5"
RepDeSaulnier,1247300140609699852,2020-04-06 23:08:21,"Our staff is working hard to provide constituents in #CA11 with the most up-to-date resources and information as we work together to stop the spread of #coronavirus. To receive email updates, sign up for our newsletter at the link below. - Team DeSaulnier https://t.co/UCu7ba6thm"
RepDeSaulnier,1247208917161201666,2020-04-06 17:05:52,RT @CCCounty: @CoCoHealth website continues to provide information. Now available: the number of #COVID19 cases by city and the rate per ca…
RepDeSaulnier,1246840811234476034,2020-04-05 16:43:09,"In CA, Essential workers, including health care professionals, emergency response personnel, law enforcement, &amp; grocery store employees, will have access to state-subsidized childcare programs under Governor Newsom’s executive order."
RepDeSaulnier,1246196133057245185,2020-04-03 22:01:25,"UPDATED VOLUNTARY GUIDANCE says people should wear non-medical cloth or fabric masks in public to help stop the spread of #coronavirus. -Team DeSaulnier
https://t.co/zKv9dV4ajN"
RepDeSaulnier,1245848698749411328,2020-04-02 23:00:51,Important update for #CA11 residents: Social Security recipients do not have to file a tax return to receive a coronavirus rebate payment. Payments will start going out electronically on 4/13. - Team DeSaulnier https://t.co/kdvC3Sj7PB
RepDeSaulnier,1245821645924810753,2020-04-02 21:13:21,"Need help finding #COVID19 resources or updates from federal, state, and local agencies? Visit the Coronavirus Resources page on our website, where we are adding new information daily. - Team DeSaulnier https://t.co/Tyicn0OkhG"
RepDeSaulnier,1245738156323979266,2020-04-02 15:41:35,"Health care workers are on the front lines battling this virus and putting their own health at risk to keep our communities safe. We owe them our deepest gratitude for their courage and selflessness.
-Team DeSaulnier https://t.co/dHm31LjRTO"
RepDeSaulnier,1245506698275483648,2020-04-02 00:21:51,RT @ContraCostaDA: To report any suspected price gouging or consumer issues related to COVID-19 in Contra Costa please email our Consumer P…
RepDeSaulnier,1245077040803598336,2020-03-31 19:54:33,.@CoCoHealth has updated its Public Health Order and is asking Contra Costa residents to remain at home through May 3. Click the link for the latest details. – TD https://t.co/E4HsVFJ73j
RepDeSaulnier,1243599043353284609,2020-03-27 18:01:31,"✅More funding for Small Business Administration emergency grants
✅Further disaster relief funding
These crucial provisions will immediately bolster our health care response and economy by bringing urgently needed relief to families, health care workers, &amp; small businesses."
RepDeSaulnier,1243599042573107200,2020-03-27 18:01:31,"Today, @HouseDemocrats passed the Coronavirus Aid, Relief, &amp; Economic Security Act, which includes:
✅Direct rebates for indiviudals making $75,000 a year or less
✅Temporary suspension of federal student loan payments
✅Increased hospital funding
✅Greater unemployment benefits"
RepDeSaulnier,1243281895313543168,2020-03-26 21:01:17,"The East Bay Regional Park District has announced the following park area closures through April 30th to limit overcrowding and protect public safety amid the coronavirus outbreak: https://t.co/bILoKjPIEA. 
-Team DeSaulnier"
RepDeSaulnier,1242866438500765696,2020-03-25 17:30:24,RT @CoCoHealth: Our doctors and nurses are running low on essential supplies that will keep them safe while treating COVID-19. Your donatio…
RepDeSaulnier,1241376412218667008,2020-03-21 14:49:34,"We want to thank all the doctors, nurses, pharmacists, grocery store employees, &amp; delivery workers whose tireless efforts are keeping our communities safe, healthy, and prepared throughout this crisis. We will all get through this together because of you.
-Team DeSaulnier https://t.co/VHLCrdMrkW"
RepDeSaulnier,1240749623645528066,2020-03-19 21:18:56,"#Census2020 is underway! Given the current public health crisis, one of the safest ways to respond is by phone or online now at (844) 330-2020 or https://t.co/Kqd13IQvKK. #EveryoneCounts

-Rep. DeSaulnier Staff https://t.co/MXqDLYTpLz"
RepDeSaulnier,1240329140412321794,2020-03-18 17:28:05,"Today’s @sfchronicle provides helpful information about navigating daily life under Contra Costa County’s shelter-in-place order. The better we follow the order, the better we contain the virus. 
https://t.co/2vZ7JLse7U
-Rep. DeSaulnier Staff"
RepDeSaulnier,1240034616184123392,2020-03-17 21:57:45,"RT @ContraCostaEHSD: CC County Childcare Centers Close Due to COVID-19

MARTINEZ, Calif. (March 17, 2020) – The Contra Costa County Communi…"
RepDeSaulnier,1239981621203423233,2020-03-17 18:27:10,"If everyone works together &amp; stays home, we can slow the spread of coronavirus &amp; save lives. If you have questions about Contra Costa’s stay-home order, contact @CoCoHealth’s call center at (844) 729-8410 or consult their FAQ sheet: https://t.co/MVndA9HdvF
-Rep. DeSaulnier Staff https://t.co/uVzqNxfmKW"
RepDeSaulnier,1239714315323584514,2020-03-17 00:45:00,"In order to contain the spread of coronavirus and protect our community, @CoCoHealth is directing all Contra Costa residents to stay at home as much as possible. Please see the following for more information and further guidelines. – Rep. DeSaulnier Staff https://t.co/BxbVi5Uffo"
RepDeSaulnier,1238559606411915265,2020-03-13 20:16:36,Click the link below to watch today’s COVID-19 update and get the latest update from @CoCoHealth. https://t.co/rfOunNEftG
RepDeSaulnier,1238488114865242113,2020-03-13 15:32:31,"The President is not treating #Covid_19 with the urgency it warrants. We need to scale up testing, establish emergency paid leave, &amp; protect health care workers immediately. Instead of declaring a national emergency, @realDonaldTrump has spent the morning tweeting attacks &amp; lies. https://t.co/i6aUd38EBX"
RepDeSaulnier,1238173813369647105,2020-03-12 18:43:35,"These cancellations are intended to protect the health &amp; safety of visitors as we work to help prevent the spread of coronavirus. As always, our office remains available to answer your questions and to help with any issues you may be experiencing with federal agencies."
RepDeSaulnier,1238086282397573120,2020-03-12 12:55:46,"RT @RepPressley: #Coronavirus testing must be made free to the public if we are going to understand the scope of this crisis.
 
Anything le…"
RepDeSaulnier,1237880918154424321,2020-03-11 23:19:44,"RT @OversightDems: Here’s what you #NeedToKnow from today’s #Coronavirus hearing, according to Dr. Fauci:

✅#COVID19 is 10x more lethal tha…"
RepDeSaulnier,1237809235301449728,2020-03-11 18:34:53,"In accordance with @CoCoHealth’s guidance that Contra Costa resident avoid mass gatherings to reduce the spread of COVID-19 &amp; @CCCounty’s declaration of a state of emergency, we are postponing our March 18 town hall on gun violence with @ContraCostaDA. Date TBD. https://t.co/06zA3TE06F"
RepDeSaulnier,1237774618359787522,2020-03-11 16:17:20,RT @CoCoHealth: For more information visit: https://t.co/D7VcQtOTD4 https://t.co/H5fE9L3dnR
RepDeSaulnier,1237754140291469317,2020-03-11 14:55:58,"Today, @OversightDems are holding a hearing with a panel of health officials to discuss a science-based, coordinated, &amp; swift response to the spread of coronavirus to keep our communities safe. Join us as we uncover accurate &amp; up-to-date info on #COVID19.
https://t.co/RMJ6pNJL4v"
RepDeSaulnier,1237515200254836743,2020-03-10 23:06:30,"Visit @CoCoHealth’s website to learn what you can do to stay healthy &amp; protect our community from the spread of coronavirus. 
https://t.co/CR35H3Fn6G"
RepDeSaulnier,1237515199512489986,2020-03-10 23:06:30,"To follow health guidelines to keep our community safe, we are postponing our March 18 town hall on gun violence with @ContraCostaDA. Date TBD. For more information, click the link below. https://t.co/j915KYolAK"
RepDeSaulnier,1237515198841253888,2020-03-10 23:06:29,"Today, @CoCoHealth issued new guidance that Contra Costa residents should avoid mass gatherings in an attempt to reduce the spread of COVID-19 &amp; @CCCounty declared a state of emergency."
RepDeSaulnier,1237476994624835584,2020-03-10 20:34:41,Tune in at 1:45 p.m. to hear Governor Newsom give an update on the state’s response to COVID-19. https://t.co/NOrCYYe8Zc
RepDeSaulnier,1237421908041314308,2020-03-10 16:55:47,"As we approach the 10th anniversary of the Affordable Care Act, we commit ourselves to protecting the progress we’ve made in the fight for universal health coverage and to finishing the job of ensuring every American has quality, affordable health care. #ProtectOurCare #ACA10 https://t.co/6LT6fjfBe6"
RepDeSaulnier,1237153460140658688,2020-03-09 23:09:04,"RT @CDCgov: Older adults and people of all ages with severe chronic medical conditions are more likely to develop serious outcomes, includi…"
RepDeSaulnier,1237051736176689154,2020-03-09 16:24:51,"The President continues to contradict what his own public health officials are saying about the coronavirus. If we want to help Americans &amp; the economy, the public needs accurate information and a well-coordinated government response. https://t.co/6Iu6RuyAeo"
RepDeSaulnier,1236407875259338752,2020-03-07 21:46:23,"Whether through social media, President Trump, or Vladimir Putin, the spread of misinformation has created what the World Health Organization calls an “infodemic.” For accurate, localized information on #COVID19, be sure to follow @CoCoHealth. https://t.co/TqaxDQubM3"
RepDeSaulnier,1236101761959514112,2020-03-07 01:30:00,"Today, @CoCoHealth released updated guidelines for reducing the spread of COVID-19. For those planning to attend our town hall with @ContraCostaDA on 3/18, please note that we will stream the event on our Facebook page if you would like to watch from home. https://t.co/UeOQ8t78Bm"
RepDeSaulnier,1235943393664151552,2020-03-06 15:00:42,"What to do to prevent the spread of coronavirus:
✅Wash hands
✅Avoid touching your face
✅Stay home from work if sick

What not to do:
✅Spread disinformation
✅Ignore science
https://t.co/P1Dc08eZhc"
RepDeSaulnier,1235656090953461760,2020-03-05 19:59:04,"RT @First5CoCo: Information regarding COVID-19 (Novel Coronavirus) from the @CCCounty Health Services. 

In English: https://t.co/rR5v8ZCkm…"
RepDeSaulnier,1235633677016547328,2020-03-05 18:30:00,"The #Census2020 will determine billions of dollars in federal and state funding for schools, hospitals, infrastructure, &amp; disaster relief so be sure to be counted started March 12th! #WhyCensusMatters
https://t.co/CH5jUDghQH"
RepDeSaulnier,1235291060588474371,2020-03-04 19:48:34,"To protect against coronavirus, @HouseDemocrats propose an $8.3 billion emergency spending package that will provide for:

✅Research &amp; development of vaccines
✅Prevention &amp; preparedness measures to state &amp; local 
 agencies
✅Procurement of pharmaceuticals &amp; medical supplies https://t.co/rrxPDNiinD"
RepDeSaulnier,1234607685968056320,2020-03-02 22:33:04,"As cases of the virus increase, it is important that everyone be cautious &amp; prepared without panicking. See below for tips from our local health services. https://t.co/ktAIWCJQIy"
RepDeSaulnier,1234607685011525633,2020-03-02 22:33:04,"In Congress, @HouseDemocrats are working to secure emergency funding to ensure that states &amp; localities have the resources they need to properly plan for &amp; treat the coronavirus outbreak."
RepDeSaulnier,1233897235735203841,2020-02-29 23:30:00,West County residents have a new resource for mental health and addiction treatment services with the grand opening of @CoCoHealth’s behavioral health center in San Pablo. https://t.co/AP25qErQKE
RepDeSaulnier,1233579520734777344,2020-02-29 02:27:31,"It’s been a busy week globally &amp; here in Washington. For an update on the coronavirus, our continued efforts to #SaveIsabel, &amp; legislation to protect our children from vaping products, check out the video below. https://t.co/rQVBzsSXeA"
RepDeSaulnier,1233549947628408834,2020-02-29 00:30:00,"Vaping companies are deceptively &amp; illegally marketing their poisonous products to children, like Big Tobacco did years ago. I am proud to support the Reversing Youth Tobacco Epidemic Act to ban the sale of vaping products to protect our children &amp; save lives. https://t.co/XTmEgU9e1I"
RepDeSaulnier,1233531072287145986,2020-02-28 23:15:00,"The opening of the Starlight Home in Richmond will provide important resources for women and children in need. The facility will serve as a shelter and help provide services like employment preparation, child development, and behavioral health assistance. https://t.co/n056PY2S1d"
RepDeSaulnier,1233462498512244737,2020-02-28 18:42:30,"To do your part, see below for tips to stay healthy. https://t.co/vas6REwvRh"
RepDeSaulnier,1233462493680369666,2020-02-28 18:42:29,".@HouseDemocrats are committed to protecting Americans from the coronavirus epidemic. We will move forward quickly to provide funding to expand the availability of testing, make sure there are sufficient supplies, and continue investment in a vaccine."
RepDeSaulnier,1233394640692355072,2020-02-28 14:12:52,"RT @RepKarenBass: As I write this, the youth tobacco epidemic is surging, driven on by new products like e-cigarettes. 

Today, Congress ta…"
RepDeSaulnier,1233190448283312128,2020-02-28 00:41:29,Today’s vote in @HouseJudiciary for Isabel Bueso starts the process to #SaveIsabel with our private bill. We will keep pushing so the Bueso family can have peace of mind &amp; put their focus on maintaining Isabel’s health. @maddow @lawrence https://t.co/gGby0sMd5a
RepDeSaulnier,1232742125017554944,2020-02-26 19:00:00,"#Census2020 will begin in March &amp; will determine funding for our communities' schools, hospitals, public works, &amp; much more. Make sure you are counted in CA-11 by filling out the census: https://t.co/3uASzoUmL0"
RepDeSaulnier,1231322773529735176,2020-02-22 21:00:00,.@Lincoln1883 in Pittsburg is providing critical mental and behavioral health services for residents of East Contra Costa. Thank you for inviting me to learn more about the work you’re doing and thank you for serving our community. https://t.co/rTo2irrlob
RepDeSaulnier,1231305328785887232,2020-02-22 19:50:41,The Trump Administration’s cruel treatment of immigrants will have long-lasting repercussions when it comes to mental and behavioral health.  https://t.co/OXnSG9pxO7
RepDeSaulnier,1228823805755363328,2020-02-15 23:30:00,"Today’s @LATimes column on Medicare for All looks to the successes of other countries to offer a simple, clear take on the debate over the future of health care in our country. https://t.co/3IhgAQeon4"
RepDeSaulnier,1228446452139077636,2020-02-14 22:30:32,Proud to introduce the bipartisan Exercise &amp; Fitness for All Act with @repdonyoung to ensure that all people with disabilities are able to get the exercise they need to lead healthy lives.
RepDeSaulnier,1227664555821629441,2020-02-12 18:43:33,"RT @EdLaborCmte: Roses are red
Violets are blue
The Committee has spoken:
No surprise billing for you!

#healthpolicyvalentines 

https://t…"
RepDeSaulnier,1227646336587137034,2020-02-12 17:31:09,"The science is clear: fracking is a threat to our health, safety, and environment. To halt the effects of climate change, I support @RepAOC and @RepDarrenSoto’s nationwide bill to #BanFracking once and for all. https://t.co/toC8zctkqq"
RepDeSaulnier,1225790276930809858,2020-02-07 14:35:50,Heart disease is the number one killer in women. We #GoRedForWomen today to raise awareness for heart health as I continue to fight in Congress to ensure every woman has access to the care and treatment they need. https://t.co/otFMmIjLw7
