RepHuffman,1321602741123403778,2020-10-29 00:00:22,"RT @RepDonBeyer: Don't let Trump erase the deep tragedy too many Americans are experiencing.

The damage is a result of a pandemic he is ST‚Ä¶"
RepHuffman,1321602673301463042,2020-10-29 00:00:06,"RT @RepDonBeyer: The US economy will still be in a deep hole tomorrow, with a long way to go to get back to we were before the pandemic.

C‚Ä¶"
RepHuffman,1321213107088330752,2020-10-27 22:12:06,"226,000 people are dead and there‚Äôs a drastic spike in infections, but Trump doesn't care: the White House just declared that he ""ended"" the pandemic.¬†

His lies are dangerous, the virus is anything but defeated, &amp; we desperately need a national strategy. 
https://t.co/YdKBKpcbHw"
RepHuffman,1321196649348276226,2020-10-27 21:06:42,"Looks like Trump knows the truth about climate, he just ignores it. Just like he downplayed the coronavirus that has now cost hundreds of thousands of lives. In both cases the costs of his inaction will be incalculable. 

https://t.co/SBRdC81FuJ"
RepHuffman,1321120283047186434,2020-10-27 16:03:15,"Trump keeps buying himself time, but here‚Äôs the reality‚Äîhis ‚Äúplan‚Äù is to dismantle the health care system, jeopardize those with pre-existing conditions, and leave Americans on their own with no health care alternatives. https://t.co/ILhSd4oDQD"
RepHuffman,1320048814775013376,2020-10-24 17:05:37,"Earlier this week, @NRDems and I introduced the Ocean-Based Climate Solution Act to fight the #ClimateCrisis. We need a healthy ocean for recreation, jobs, food, and #environmentaljustice all over the world. https://t.co/59YhugMqnG"
RepHuffman,1319360199631699974,2020-10-22 19:29:18,What an utter disgrace. If only Senate Republicans would work as hard to get relief to Americans *during a pandemic* as they do to confirm an extreme judge whose record shows she‚Äôs willing to strip millions of their health care. https://t.co/DErzJ5r8LD
RepHuffman,1318220945484582915,2020-10-19 16:02:19,"Trump continues to fail the American people with an inadequate response to the pandemic. Trump refuses to support:
üè¶State and Local Governments
üß™Testing
üë™Working Families
üè†Renters Assistance
üë®‚ÄçüçºChild Care
üíªSmall Businesses
üó≥Ô∏è Safe &amp; Secure Elections"
RepHuffman,1317877689223663617,2020-10-18 17:18:20,"No one should have to fight breast cancer alone. One of the best ways to support brave breast cancer patients &amp; survivors everywhere is to ensure everyone has access to health care, including preventative care, early detection, &amp; affordable treatment. #BreastCancerAwarenessMonth"
RepHuffman,1316135595098492929,2020-10-13 21:55:53,"Amazing job today by @SenWhitehouse. But it‚Äôs a sham that @senjudiciary is having a hearing in the first place. This is an unconscionable power grab by the GOP to take away health care, reproductive rights, marriage equality, and more. https://t.co/PtyFcpjEh4"
RepHuffman,1315026958984646657,2020-10-10 20:30:33,"While the pandemic has us taking steps to protect our physical health, we must also take care of our mental health. On this #WorldMentalHealthDay please know that you are not alone.
For more resources visit: https://t.co/qNzK3AeX0Y"
RepHuffman,1314987613145755651,2020-10-10 17:54:12,"Just a quick reminder that while @HouseDemocrats have passed several bills to provide #COVID relief, Trump erratically canceled negotiations‚Äîrefusing to support our families, frontline heroes, workers, teachers, &amp; children. 

This negotiation-whiplash is hurting Americans."
RepHuffman,1314666112081068032,2020-10-09 20:36:41,"During the pandemic, our families and friends are spread across states, countries, and continents‚Äîbut the USPS helps bring them together. That‚Äôs something worth not only celebrating, but fighting to protect. #WorldPostDay #SaveUSPS üíå https://t.co/nI1ir33pCU"
RepHuffman,1314574869300998144,2020-10-09 14:34:07,"Trump &amp; the GOP have been threatening health care for years, and it‚Äôs clear their rush to confirm a new Supreme Court Justice is another attempt to destroy protections for those with pre-existing conditions and leave millions of Americans out in the cold. https://t.co/oUhIakIqPp"
RepHuffman,1313957321324851201,2020-10-07 21:40:12,"Getting a flu shot is more important than ever to avoid overburdening hospitals and risking unnecessary emergency room exposure. Get your flu shot today to keep yourself and those around you safe and healthy.

Find a nearby location ‚û°Ô∏è https://t.co/FxC4zJmYDa"
RepHuffman,1313576866603646976,2020-10-06 20:28:24,"More funding is needed so that every student can receive a proper education, especially during this pandemic. That‚Äôs why I'm pushing for #IDEA funding in future COVID relief with @RepNeguse, @RepMcKinley, @RepHaleyStevens, &amp; @RepAngieCraig. https://t.co/ZtK8fCYxRD"
RepHuffman,1313525530914942977,2020-10-06 17:04:25,"This message is wildly dangerous and a slap in the face to the thousands who have lost loved ones because of Trump‚Äôs failure to lead. We are 8 months into this &amp; +210,000 dead. We can save lives if we learn from the mistakes made and take COVID seriously. https://t.co/3rsMw2iO5w"
RepHuffman,1313494692798005248,2020-10-06 15:01:52,"The President needs to be honest with White House staff, officials, and the public about their COVID exposure due to his reckless behavior. We can‚Äôt keep people safe if Trump and his team are covering up and withholding info from public health officials. https://t.co/6QnBwdpx3i"
RepHuffman,1312034649896620032,2020-10-02 14:20:11,"his decision not to wear a mask, his lawsuit to end health care coverage for Americans with pre-existing conditions, and his rejection of the Heroes Act that will support those affected by this terrible virus."
RepHuffman,1312034648080429056,2020-10-02 14:20:11,"We are of course all sending our thoughts to the Trump family and the White House staff who have tested positive for COVID-19. I can only hope that once he recovers, President Trump learns from this experience and changes some of his actions that have made us all less safe:"
RepHuffman,1311824632417312768,2020-10-02 00:25:39,"Trump and @SenateGOP have failed to take #COVID seriously‚Äîand America has paid the terrible price. 

Today, @HouseDemocrats honored our commitment to the American people to rebuild the economy &amp; save lives by passing the updated #HeroesAct.
https://t.co/pf4cJWsELj"
RepHuffman,1311702716083822592,2020-10-01 16:21:12,"CA is reeling from climate-driven wildfires &amp; the abject failures of the White House. I have no patience for climate deniers who don't believe our communities deserve federal support, &amp; I won‚Äôt back down from trying to get FEMA to assist communities hit hard by wildfires &amp; COVID. https://t.co/j2dcnoelPf"
RepHuffman,1310336664963887104,2020-09-27 21:53:00,"This admin is boycotting oversight, &amp; some of our colleagues aren‚Äôt interested in working w/ us @NRDems to address crises. But I‚Äôm glad @RepRaulRuizMD and @RepJuanVargas requested this important hearing on health &amp; environmental damage at the Salton Sea. 
https://t.co/I3xAqEqnnA"
RepHuffman,1306262696699072513,2020-09-16 16:04:30,"We need greater transparency &amp; disclosure on how #COVID aid is being spent. The #CongressionalFreethoughtCaucus strongly endorses @RepJayapal &amp; @SenWarren‚Äôs #COREAct, which will provide much needed oversight of federal COVID-19 relief funding."
RepHuffman,1306260646644854787,2020-09-16 15:56:21,"RT @cspanwj: .@RepHuffman on how COVID has affected the wildfire response: ""Normally we would be out doing vegetation management &amp; controll‚Ä¶"
RepHuffman,1305974946519085058,2020-09-15 21:01:05,"The Trump admin‚Äôs political interference in @CDCgov's reports on #Coronavirus is unacceptable. The American people deserve reliable information from public health agencies, and we need to be able to trust expert agencies to put public health first. 
https://t.co/dS3QTU9MyH"
RepHuffman,1304920256977174532,2020-09-12 23:10:08,"Half measures are not acceptable for the next round of #covid stimulus. Thanks, @KSRO, for having me on to talk about the relief we need and the urgency for @senatemajldr to take meaningful action. Listen here ‚¨áÔ∏è
https://t.co/YIanAoD6pF"
RepHuffman,1304472366655954944,2020-09-11 17:30:22,"RT @KQED: Air quality has reached ‚ö† very unhealthy ‚ö† levels in parts of the Bay Area today.

Check your AQI and stay inside if possible: ht‚Ä¶"
RepHuffman,1304472313480581120,2020-09-11 17:30:10,"RT @sfchronicle: JUST IN: The National Park Service announced closure on Friday of Muir Woods, Alcatraz and Fort Point due to unhealthy air‚Ä¶"
RepHuffman,1303401414228676610,2020-09-08 18:34:47,"The Trump admin is threatening even more environmental protection rollbacks, harming clean air, climate, and fish and wildlife. This is a threat to the planet, our health, and our economy.

https://t.co/pJYsH1KQUb"
RepHuffman,1303017101913972736,2020-09-07 17:07:40,"On #LaborDay, we are reminded that working people didn‚Äôt just become ‚Äúessential‚Äù during the pandemic. American workers have always been the backbone of this country. We owe working families an economy with more &amp; better jobs, higher wages, and increased safety for every worker. https://t.co/qfABdWT3oo"
RepHuffman,1301309833136799746,2020-09-03 00:03:36,"RT @KGO810: On at 4:36pm: @RepHuffman &amp; @chipfranklin will cover California fires, #covid19 and Trump

Listen live: https://t.co/lAk73dgIwV‚Ä¶"
RepHuffman,1301293155120279553,2020-09-02 22:57:19,"‚ö†Ô∏èCA-02‚ö†Ô∏èOur #Census2020 response rate is at only 65.3%. That‚Äôs *less* than the CA average. We need to get these #'s up to ensure our district gets the resources it needs: for schools, hospitals, emergency services, and more. Complete the census now ‚û°Ô∏è https://t.co/OeMzON0q3l"
RepHuffman,1301212961646825474,2020-09-02 17:38:40,"Democrats have already approved funding to defeat the virus, including $300 billion to safely reopen our schools and maintain services for students. It‚Äôs time for Republicans in Washington to stop stalling and put #FamiliesFirst."
RepHuffman,1300960600340733958,2020-09-02 00:55:52,"Trump‚Äôs new @forestservice rule slashes public and environmental reviews for oil and gas leasing on national forests. The environment, climate, and public health cannot afford any more of Trump‚Äôs dirty energy agenda. #ActOnClimate #ProtectPublicLands
https://t.co/terY9Ey7Q2"
RepHuffman,1300852653182857217,2020-09-01 17:46:55,Our nation is experiencing a significant shortage of poll workers due to the COVID-19 pandemic. Help everyone‚Äôs voice be heard by signing up to be a poll worker on November 3 here: https://t.co/OqjBfTAG1w #PollWorkerRecruitmentDay
RepHuffman,1299421315363995650,2020-08-28 18:59:18,"IPAA is leveraging insider connections for private gain, dismantling environmental protections, exploiting a pandemic that‚Äôs killing 1,000 Americans daily, and misleading the public on climate change. It‚Äôs time to #TradeUp and end @IPAAaccess‚Äô influence once and for all."
RepHuffman,1299097581776236550,2020-08-27 21:32:54,"175000+ have died and millions have lost their jobs. It has been well over 100 days since @HouseDemocrats passed the #HeroesAct, but @senatemajldr refuses to negotiate. @realDonaldTrump, where is your national #pandemic strategy?"
RepHuffman,1299040158617153538,2020-08-27 17:44:43,"Congress passed the #CARES Act to save lives and help families and #smallbiz make ends meet during the coronavirus pandemic. But working through @IPAAaccess, Big Oil was able to stealthily win bailouts for their already failing industry. #TradeUp 

https://t.co/DjuOIQFeFa"
RepHuffman,1298360765431386114,2020-08-25 20:45:03,"Small businesses, private non-profits, and agricultural businesses impacted by the #COVID19 pandemic can still apply for an Economic Injury Disaster Loan. Learn more here ‚¨áÔ∏è https://t.co/WYky4ZkRmb"
RepHuffman,1298273387198869510,2020-08-25 14:57:50,"We are facing a lot of challenges to getting an accurate #2020census count, but dedicated Census workers are still making sure we all get counted. Read up here to see what they are doing and how you can get counted -- even during fires and a pandemic. https://t.co/WLrKoGyIZj"
RepHuffman,1297337591608508421,2020-08-23 00:59:19,"Today, @HouseDemocrats passed the #DeliveringForAmerica Act. Americans rely on the mail for critical services ‚Äì especially during a deadly pandemic. We need to do everything possible to protect the @USPS and restore the services slashed by the Trump admin. https://t.co/abbuOFhsMi"
RepHuffman,1296473052272832518,2020-08-20 15:43:57,"#COVID19 doesn‚Äôt stop for other emergencies. If you need to stay in a shelter due to the #CAwildfires, please follow these guidelines to keep yourself and others safe. https://t.co/HsoXJXULQw"
RepHuffman,1296208311151407107,2020-08-19 22:11:58,"Great resource for areas impacted by the ongoing #CAwildfires. Everyone: please be vigilant, look out for each other, add masks &amp; sanitizer to your go bags, and be prepared to leave if necessary. If you're going to an evacuation point, please wear a mask.‚û°Ô∏èhttps://t.co/hAnZpH8q0v https://t.co/GLrFQ9TIfN"
RepHuffman,1294369297545003013,2020-08-14 20:24:23,"Social Security is a lifeline for millions of Americans, especially during this pandemic. In my district alone, 157,497 ppl receive earned benefits. #Happy85SocialSecurity‚Äîlet‚Äôs celebrate by recommitting to protect this vital program from Trump‚Äôs attacks.
https://t.co/J1dC5LD2mi"
RepHuffman,1294008580937584640,2020-08-13 20:31:01,#MaskUp #WearAMask #FlattenTheCurve https://t.co/FcnHNA3okS
RepHuffman,1293682666387234816,2020-08-12 22:55:57,"Opioid addiction has ravaged the US, and Mendonoma Health Alliance‚Äôs wraparound health care approach is a unique and effective asset to helping our district. I‚Äôm pleased to announce these awards so they can continue their important work for our region.
https://t.co/MRcxRizCZ5"
RepHuffman,1293568709500575747,2020-08-12 15:23:08,"The unwarranted interest from this bungled loan, coupled with the damage from the coronavirus pandemic, has left the fishery struggling to make ends meet. This is great news, long overdue, and will go a long way toward helping these fishermen stay afloat. https://t.co/PiR20IcqsO"
RepHuffman,1293287753250148352,2020-08-11 20:46:43,"I‚Äôm co-hosting a blood drive with the Northern CA Community Blood Bank TOMORROW, August 12. 

Critical blood supplies in the US have taken a hit during the coronavirus pandemic, and we could use your help. Sign up for a time slot here: https://t.co/DltWV572oL https://t.co/aaHDsSkOd5"
RepHuffman,1292898887624204290,2020-08-10 19:01:30,"The US has 5,000,000 cases &amp; millions of people are on the brink of financial ruin. Senate Rs are refusing to negotiate &amp; Trump's executive orders do nothing to meaningfully help‚Äîin fact, his plans will hurt Social Security &amp; state budgets. Stop the gimmicks. Pass the #HeroesAct."
RepHuffman,1292517512706437121,2020-08-09 17:46:03,"While the Senate failed to pass our #HeroesAct:

üè† 32% of Americans were unable to fully make their July housing payment on the 1st of the month.
üìâ Tens of millions unemployed
ü¶† Over 53,000 new COVID-19 cases a day.

Senate Republicans are doing nothing | #FailureToLead"
RepHuffman,1291763896240537600,2020-08-07 15:51:27,Critical blood supplies in the US have taken a hit during the coronavirus pandemic. I‚Äôm co-hosting a blood drive with the Northern CA Community Blood Bank on August 12. Sign up for a time slot here: https://t.co/DltWV572oL https://t.co/fFgfX6c0Xd
RepHuffman,1291506269040381952,2020-08-06 22:47:44,RT @RepCasten: Any legislation‚Äîfederal or state‚Äîthat makes protesting illegal &amp; punishable as a felony is an affront to our constitution an‚Ä¶
RepHuffman,1291476059570032641,2020-08-06 20:47:41,"The decision by @uscensusbureau undercuts every effort that communities across the US have made to ensure everyone is counted. 

Field operations have already been hindered by #COVID, and we cannot afford to further disrupt these efforts. #WeAllCount
https://t.co/0fjeCgHeXb"
RepHuffman,1290815634545283077,2020-08-05 01:03:24,"#COVID19 has devastated the child care sector, &amp; it‚Äôs time we stop undervaluing this essential service. W/ the Child Care for Economic Recovery Act, we can:
üë™ Help more low/middle-income families afford care
üè´ Support providers struggling from COVID10
üíµ Strengthen the economy"
RepHuffman,1290293652829302785,2020-08-03 14:29:13,"Good morning everyone, and hey, #WearAMask."
RepHuffman,1290097371934674944,2020-08-03 01:29:16,"150,000 American lives have been lost. Many could have been saved if the US had a #NationalStrategy: leadership, public health guidance, federal aid allocation, #PPE distribution. https://t.co/YiCjqraw7L"
RepHuffman,1289281348285292544,2020-07-31 19:26:41,Funding #IDEA remains one of the most important actions Congress could take to help public schools during this pandemic. Thank you to all the advocates who helped secure this much-needed funding! https://t.co/2ga1GkYXzN
RepHuffman,1289246174050783233,2020-07-31 17:06:55,"#COVID19 has highlighted America‚Äôs #digitaldivide. The need for tele-health, work, and education boomed overnight, but rural areas like many in my district still lack sufficient broadband access. Building out broadband infrastructure must be a priority. #RuralBroadbandDay"
RepHuffman,1287852612268818432,2020-07-27 20:49:24,"Testing. Tracing. Treatment. Social distancing.

That‚Äôs how we reopen safely.

@Realdonaldtrump and @Senatemajldr need to stop playing politics and join Democrats in supporting the funding and evidence-based solutions in the #HeroesAct."
RepHuffman,1286830492281720832,2020-07-25 01:07:52,"Equal access to an appropriate education for all students is the law, even during the pandemic. I led a letter to House leadership to include strong IDEA funding in the next COVID bill so schools have the resources to  support all students. https://t.co/W5hM0BgKoJ"
RepHuffman,1286741207557779462,2020-07-24 19:13:05,"Today‚Äôs funding bill includes many of our hard-fought priorities like remediating trespass marijuana grows, protecting treasured lands from oil exploration, and establishing the U.S. as a leader in the fight against #COVID19. More to come next week! https://t.co/K1Rca82m3J"
RepHuffman,1286463105094959104,2020-07-24 00:48:00,"#COVID19 has prevented Tribes from applying for the @FCC's 2.5GHz Rural Tribal Priority Window, an initiative for Tribes to claim unused spectrum over their lands. For improved availability &amp; adoption, the window's deadline must be extended. #ConnectTribes https://t.co/5oU9Qj6ze1"
RepHuffman,1286108577225203712,2020-07-23 01:19:14,Thousands of out of work gig workers &amp; freelancers got little to no financial relief from #COVID. I‚Äôm working to support these workers as an original cosponsor of @RepJudyChu &amp; @RepAdamSchiff‚Äôs bill so they can receive #PUA under the #CARESAct. https://t.co/HWEVO6cAYz
RepHuffman,1286000724078481408,2020-07-22 18:10:40,"With millions of #COVID19 cases nationwide, we have ALL been personally victimized by those who refuse to wear a mask. Mask up &amp; stop the spread of this pandemic. #OnWednesdaysWeWearPink #WearAMask https://t.co/v6FVQ6KhHk"
RepHuffman,1285668449931399170,2020-07-21 20:10:19,"Since the beginning of the COVID-19 crisis, the U.S. has faced shortages of medical supplies that are critical to saving lives and slowing the spread of the virus. Trump needs to fully employ the #DefenseProductionAct immediately. https://t.co/67f9sXjuMz"
RepHuffman,1285003981262147584,2020-07-20 00:09:58,"We had some great virtual events to end the week‚Äîthanks to all who tuned in and participated! If you missed them, you can watch the #ClimateAction Town Hall and #Mendocino Town Hall on #Coronavirus at my youtube page here: https://t.co/9q6jAkD3nw"
RepHuffman,1284213564413222922,2020-07-17 19:49:07,"This evening, I‚Äôm hosting a virtual #Mendocino community town hall. Join me and special guests for a conversation on the #coronavirus pandemic and how our community and the federal government are responding. Tune in at https://t.co/5r2hPUw3Tk at 5pm PT. https://t.co/0QEG6TE0Ny"
RepHuffman,1284153220399542272,2020-07-17 15:49:20,.@SenateMajldr &amp; his Republican colleagues are in no rush to extend relief. But crucial benefits are set to expire &amp; real people all across the country who are hanging on by a thread from the pandemic will suffer when this happens. The Senate must act NOW. https://t.co/XibWSFXP8s
RepHuffman,1283868715294105600,2020-07-16 20:58:49,"Today I asked @NOAA for answers on their response to the #coronaviruspandemic. Now, more than ever, it is critical that federal agencies are adaptive, transparent, &amp; focused on keeping their workforce safe and addressing the real needs of those they serve.
https://t.co/NG2rCXoaHV"
RepHuffman,1283508374294929408,2020-07-15 21:06:57,"The Trump administration has finalized its rollback of the National Environmental Policy Act ‚Äî selling out American public health &amp; safety to corporate polluters. 

Sidelining frontline communities is unacceptable and we must do better. 
https://t.co/bZi24a7E2H"
RepHuffman,1283470236935696385,2020-07-15 18:35:24,"This Friday, I‚Äôm hosting a virtual #Mendocino community town hall. Join me and special guests for a conversation on the #coronavirus pandemic and how our community and the federal govt are responding. Tune in at https://t.co/5r2hPUw3Tk at 5pm PT on 7/17. https://t.co/KLL2MmYCwG"
RepHuffman,1283421679440605189,2020-07-15 15:22:27,"Appreciate the apology for the typo, but calling it an ""overhaul"" is what's unforgivable. Trump is gutting public health, public participation, and clean air/water standards. https://t.co/T26vKmOjZF"
RepHuffman,1283174786479398912,2020-07-14 23:01:23,"Extended unemployment insurance has been a lifeline for millions of Americans. The pandemic isn‚Äôt over‚ÄîCongress can‚Äôt just walk away and allow critical supports to expire. The Senate must take action on the Heroes Act to extend UI and support workers. 
https://t.co/tJAyH5ymmu"
RepHuffman,1283146961537900544,2020-07-14 21:10:50,"New closures in CA. Please wear a mask, stay safe, and do your part to #FlattenTheCurve. https://t.co/rhiQDchSBX"
RepHuffman,1282388511769923585,2020-07-12 18:57:01,"The pandemic is far from over, and Americans are hurting. We must pass another round of economic support to help people until this is over‚Äîand it can‚Äôt be a ‚Äòstimulus-lite‚Äô proposal that falls short of what families need or throws cities, states, &amp; school districts under the bus. https://t.co/n6d6T7GAKf"
RepHuffman,1282092068991643649,2020-07-11 23:19:04,"The rule of law and the health of our democracy is under serious threat. 

https://t.co/vneo7xP9fz"
RepHuffman,1281015207612035073,2020-07-09 00:00:00,"This decision is unbelievably self-defeating, especially during a global pandemic. It will hurt our efforts to develop and distribute a vaccine, reduce our influence on international affairs, and ultimately make Americans less safe. https://t.co/9YQPMZpls3"
RepHuffman,1280867207468236800,2020-07-08 14:11:54,These aren‚Äôt just numbers - they are human lives. To defeat this virus will require prioritizing science and working together to protect everyone's health. Awful that the White House still doesn't get that. https://t.co/cdvdSPUxiq
RepHuffman,1279844513167618049,2020-07-05 18:28:04,"After over a year of work, it was an honor to stand w/ @SpeakerPelosi &amp; @ClimateCrisis to unveil our Action Plan for a clean energy economy and a healthy &amp; just America. The plan includes several of my own bills &amp; I'm ready to put these plans into action. https://t.co/N7O4LrZNfR"
RepHuffman,1279462607477506048,2020-07-04 17:10:31,#Happy4thofJuly #HappyIndependenceDay  #StaySafeStayHealthy https://t.co/qUI7cq06cj
RepHuffman,1278815340198313985,2020-07-02 22:18:31,"The pandemic is resurging, UI and other supports are expiring soon, and serious economic pain will follow. The Senate‚Äôs refusal to pass more economic relief is unacceptable - they must pass the #HeroesAct now. https://t.co/KEYPt3wsqa"
RepHuffman,1278409866441363456,2020-07-01 19:27:18,"We need to tackle each element of this crisis if we are going to have a fighting chance to save our planet and build a more healthy, just, and resilient America. Our Climate Action Plan lays out the framework needed to meet this moment. #SolvingTheClimateCrisis https://t.co/XVfyVRsvkZ"
RepHuffman,1278039314648227840,2020-06-30 18:54:52,"There is no question that NOAA has felt the impacts of #COVID19: they‚Äôve stopped important surveys and we‚Äôve seen serious outbreaks at fish processing facilities. Refusing to say the word ‚Äòcoronavirus‚Äô won‚Äôt make the pandemic go away. Ridiculous.
https://t.co/wwWUYjRfcZ"
RepHuffman,1277966570984099844,2020-06-30 14:05:48,"#SolvingTheClimateCrisis demands urgency. I‚Äôve spent over a year working with @ClimateCrisis to develop an ambitious plan to grow our economy, protect our health, and make our communities stronger. Watch the unveiling here: https://t.co/btEDjdLlLq"
RepHuffman,1277955104482775041,2020-06-30 13:20:14,"üåé#SolvingTheClimateCrisis will allow us to build a healthy, resilient, &amp; just America. We have a chance to make real change‚Äîacross all sectors of the economy and society. The climate crisis isn‚Äôt waiting, and neither should we. 
 
Let's get to work.  https://t.co/SdPclFePvh"
RepHuffman,1277757893987700738,2020-06-30 00:16:36,"Health care should always be a priority, but especially during a pandemic. Today I voted for the Patient Protection &amp; Affordable Care Enhancement Act to #LowerCostsForCare, expand coverage, and fight inequity in health care.

https://t.co/vRfvg4I7WV"
RepHuffman,1276645823783321601,2020-06-26 22:37:37,"In the dead of night, @realdonaldtrump asked #SCOTUS to invalidate the entire #ACA, stripping health care from millions during a deadly #publichealthcrisis. If he succeeds, how many will lose coverage due to ‚Äúpre existing conditions‚Äù? Unconscionable. https://t.co/KdjDptlyKO"
RepHuffman,1276201899553939458,2020-06-25 17:13:38,"Trump‚Äôs weak Executive Order and Senate Republicans‚Äô proposal both fall seriously short of what is needed to combat the epidemic of racial injustice and police brutality. Today, I‚Äôm voting to pass the #JusticeInPolicing Act to make the real change this country needs. https://t.co/w6avBVF1Lq"
RepHuffman,1276151974661062659,2020-06-25 13:55:15,"RT @AnthonyAdragna: .@NRDems Chair @JaredHuffman: ""If anybody thinks they're too cool to wear a mask, it's even less cool to have to wear a‚Ä¶"
RepHuffman,1275900163299643396,2020-06-24 21:14:38,"Millions are unemployed, &gt;120,000 have lost their lives, and cases are climbing; meanwhile our relief bill is stuck on @senatemajldr‚Äôs desk + Trump is ending testing support. If he actually wanted to help, he'd tell McConnell to pass the #HeroesAct now.   https://t.co/gNobyWOcwe"
RepHuffman,1275845353514950661,2020-06-24 17:36:50,"What it comes down to is this: the success of reopening is going to depend on the behaviors of every community member. Now is the time to remain vigilant, stay smart, wear masks, and use social distancing to protect each other and save lives. 

#COVID19
#CoronavirusCrisis"
RepHuffman,1275845352361537537,2020-06-24 17:36:50,"Opening up the economy doesn‚Äôt mean the risk of infection is gone. We have to be able to quickly contain outbreaks with testing, tracing, and isolation so we can protect vulnerable populations from this disease."
RepHuffman,1275496837634457600,2020-06-23 18:31:58,"Despite Trump‚Äôs cronies trying to cover up his repeated confessions, the truth is clear: Trump slowed down #COVID19 testing -- putting American lives at risk for his own political gain. Unforgivable.
https://t.co/GM37Lf6EyH"
RepHuffman,1273752696525291520,2020-06-18 23:01:22,"In places like northwest CA, focusing on public health and safety means also preparing communities for wildfire, keeping forests healthy, and investing in the public lands that support rural economies. I‚Äôm glad to join @RepNeguse in introducing this bill to do exactly that. https://t.co/mlFWVHHHhD"
RepHuffman,1273708524225409025,2020-06-18 20:05:51,#COVID19 has highlighted the failure of the federal govt to live up to its trust responsibility to tribes. #2020Census data will help distribute federal funding to Indigenous communities for the next decade. Fill out your census at https://t.co/JXC8tXFzP5 #NativeAmericanActionDay
RepHuffman,1271201810448072705,2020-06-11 22:05:04,"ICYMI: I closed out #OlderAmericansMonth by joining @AARP‚Äôs telephone town hall. Listen here for our discussion on the govt‚Äôs response to the enormous challenges that the coronavirus crisis poses for the nation‚Äôs aging population.
https://t.co/Npu1Rnvx8P"
RepHuffman,1270531642134876162,2020-06-10 01:42:03,"Tomorrow, we have a special guest for my virtual office hours. I‚Äôll be joined by Dr. Matt Willis, Marin County Public Health Officer, to answer your questions live. Tune in at 2pm PT at https://t.co/5r2hPUw3Tk https://t.co/xxASL7MDhw"
RepHuffman,1270472578625388546,2020-06-09 21:47:21,"Rebuilding our economy after #Coronavirus will mean investing in work that makes our environment clean and livable. During our @NRDems virtual forum, we discussed how we can lay the groundwork for an economy that‚Äôs pro-jobs and pro-environment. https://t.co/RxwqaTcaMT"
RepHuffman,1269374000762744832,2020-06-06 21:02:00,42.6 million people without work because of #COVID19. The clock is ticking on extending federal benefits -- the Senate must take action on the #HeroesAct to protect the lives and livelihoods of Americans. https://t.co/mE8MN6TeFh
RepHuffman,1269281909831589888,2020-06-06 14:56:04,"Trump is slashing #NEPA, the law  that protects the environment, public health, and the public‚Äôs right to participate in federal planning! Trump is seizing the moment to go in the exact wrong direction, eroding people‚Äôs ability to plan the future of their own communities. https://t.co/2vbymEUIRM"
RepHuffman,1269004415589105665,2020-06-05 20:33:24,Trump‚Äôs trade wars and failed pandemic response have devastated our fishing communities and seafood supply. Now he‚Äôs using them as leverage to roll back environmental protections. @NRDems were on the case weeks ago ‚Äì but the Trump admin wouldn‚Äôt send a witness to testify. https://t.co/GJuy7KrUIU
RepHuffman,1268552515307671554,2020-06-04 14:37:42,"Interested in becoming a contact tracer to help contain #COVID19? Many county and city public health offices are seeking qualified candidates now. Check with your local public health office for job opportunities and #SlowTheSpread.
https://t.co/7te3KjR8cI"
RepHuffman,1268326328085995520,2020-06-03 23:38:55,"This is not how a healthy democracy behaves. Unlimited surveillance, militant threats to invoke the Insurrection Act, attacks on peaceful protestors. We need to do better than this. https://t.co/DJq5oQIAea"
RepHuffman,1268241790475407360,2020-06-03 18:03:00,"During this pandemic many regular activities have slowed or stopped. Racism has not. We need to change the laws to hold police accountable and shift our country‚Äôs culture to end the violence, brutality, and targeted harassment towards African Americans."
RepHuffman,1266847015167811585,2020-05-30 21:40:39,"This week we marked a somber milestone: more than 100,000 Americans lost to COVID19. This level of human loss is difficult to comprehend &amp; accept. I will continue to do everything in my power to help our country through this tragedy &amp; honor the lives lost. https://t.co/aAKgAPhiEy"
RepHuffman,1266379192419192833,2020-05-29 14:41:42,"America needs broader, more aggressive relief measures to get us through the #COVID19 fallout. The bills proposed by @RepJayapal and @RepDonBeyer make the smart investments the country needs to weather this pandemic. 
https://t.co/41a8CQlXn2"
RepHuffman,1266056729395068940,2020-05-28 17:20:21,"Testing, tracing, containing. We‚Äôve been beating this drum for months, and it‚Äôs great news to see Sonoma County taking the steps necessary to control #COVID19 and get the economy up and running. Now, if only Trump would put a solid plan in place.
https://t.co/VeUswKqPVL"
RepHuffman,1266010391181746180,2020-05-28 14:16:13,"Deaths are soaring among people experiencing homelessness. My #COVID19SHELTER Act would put measures in place to creatively house individuals &amp; support them throughout this crisis &amp; its aftermath, preventing senseless deaths. 
https://t.co/wIVuRk5BmA"
RepHuffman,1265663350253531137,2020-05-27 15:17:12,"Health care should be everyone‚Äôs priority. Instead, the Trump admin launched attacks on @PPFA. The reality is these health centers are the only source of care for many people. 

Republicans need to work w/ Dems to increase health care access, not slash it. https://t.co/q5itNaLmKy"
RepHuffman,1265457173905256449,2020-05-27 01:37:55,The @alzassociation has been doing amazing work on the ground to fight for some of the most vulnerable members of society. I had the pleasure of joining them for a virtual town hall today to discuss the federal response to #COVID19 and how Congress can support their crucial work. https://t.co/LatRM3VxvF
RepHuffman,1265426334760787968,2020-05-26 23:35:23,"This fire is a huge setback for the local seafood and fishing industry, which has already been hit hard by the pandemic. I‚Äôm going to be fighting for a lot more relief to keep this vital part of our coastal communities afloat. https://t.co/dQ3kmWOf0P"
RepHuffman,1265350495415173120,2020-05-26 18:34:01,"Thanks, @PetalumaArgus for this piece on my work during the #COVIDcrisis. This pandemic demands immediate action‚Äîand @housedemocrats are pushing forward a coherent, unified strategy that the President has failed to provide so we can save jobs &amp; lives. https://t.co/8NU6Qypspt"
RepHuffman,1265084269409558528,2020-05-26 00:56:08,RT @CoveredCA: Do you need health coverage due to the #coronavirus? You can enroll now in a health plan through #CoveredCA due to the #COVI‚Ä¶
RepHuffman,1264662761335857154,2020-05-24 21:01:13,.@SenateMajLdr is saying Dem‚Äôs proposals are an aspirational wishlist. Our ‚Äúaspiration‚Äù is just  to help save American lives‚Äîboth from the pandemic and an economic collapse. The Senate needs to get to work on the #HeroesAct. https://t.co/iurrIZTSXJ
RepHuffman,1264618781411770368,2020-05-24 18:06:27,"Telehealth is an invaluable tool for our rural areas, and especially necessary in a pandemic. I‚Äôve been advocating with @RepTorresSmall for smart investments in these services, and I‚Äôm happy to see grants from the FCC going to some of our #CA02 centers.

https://t.co/AbQtqApCKI"
RepHuffman,1264345538310344705,2020-05-24 00:00:41,"Over the past week, @housedemocrats have been working hard to improve testing, get relief to Americans who need it, and uphold our oversight responsibilities. Check out my latest weekly recap to see some of the work I‚Äôm doing as your representative. https://t.co/6Gdv8qWbjR"
RepHuffman,1264318438530527232,2020-05-23 22:13:00,"Trump‚Äôs arrogant declaration will make Americans less safe. This decision is for state &amp; local public health authorities, not a pandering President who clearly doesn‚Äôt understand the constitutional limits of his authority.
https://t.co/kBaqe7JtZb"
RepHuffman,1264256498915594240,2020-05-23 18:06:52,"Our @ClimateCrisis Select Committee held a bipartisan briefing this week to explore the risks posed by extreme weather during the pandemic. We need strong plans in place so we can keep people safe when these crises inevitably overlap.
https://t.co/dHjIiFot1S"
RepHuffman,1263880542107426816,2020-05-22 17:12:57,"Every part of the seafood industry has been hit by #COVID19, upending the coastal economy that thousands of people depend on. I led an unofficial @NRDems ‚Äòvirtual hearing‚Äô to hear directly from folks in the fishing world &amp; discuss how the federal govt can provide crucial relief. https://t.co/2QmXt40jcE"
RepHuffman,1263834163809005568,2020-05-22 14:08:40,"Great comparison piece in @Washingtonpost. #ClimateChange and #COVID19 are global crises, each with devastating impacts that get worse with delay. If we take the steps needed to mitigate &amp; adapt, we can #FlattenTheCurve on both‚Äîsaving the planet and lives. https://t.co/V9iIRepVou"
RepHuffman,1263539552586694658,2020-05-21 18:37:59,Don‚Äôt forget to join me at 2pm PDT today! I‚Äôm going live on Facebook to answer questions and give an update on Congress‚Äô work to combat #COVID19. Tune in here https://t.co/Rmf2yuZUkD
RepHuffman,1262805153922629632,2020-05-19 17:59:45,"U.S. elections are under threat. The #HeroesAct ensures voters can safely participate in this year‚Äôs election. Even amid the #coronavirus pandemic, we must uphold the Constitution and #DefendOurDemocracy. https://t.co/3yVVRzIET6"
RepHuffman,1262763021937586176,2020-05-19 15:12:20,"We are in the middle of a public health crisis, and the Trump Admin is STILL attempting to destroy the #ACA. But the experts know better and the public agrees: we must do everything we can to protect the nation‚Äôs hallmark health care law. https://t.co/L7bBDjfk3k"
RepHuffman,1262523651871715330,2020-05-18 23:21:09,"Another Trump official abusing relief from Congress. Betsy DeVos is exploiting the #COVID19 pandemic to funnel millions of taxpayer dollars to private schools and religious institutions, taking $$ away from the kids and teachers who need the most help. https://t.co/TwruhG5QaW"
RepHuffman,1262426480044318721,2020-05-18 16:55:02,"Congress‚Äô oversight work is more needed than ever, which is why today, I‚Äôm leading @NRDems unofficial ""virtual hearing"" to look at devastating #COVID19 impacts to US fisheries and the seafood supply chain. Watch here  ‚û°Ô∏è https://t.co/o4MtGvgUfk"
RepHuffman,1262101077320544257,2020-05-17 19:22:00,"PSA for #CA02 fire officers: FEMA has extended the SAFER Grant application window to May 27. It‚Äôs difficult to imagine another crisis on top of #coronavirus, but wildfire season is around the corner and we need to prepare.
https://t.co/5DBc8T5e8L"
RepHuffman,1262064827041808387,2020-05-17 16:57:57,Adequate testing is the #1 tool we need to combat the #coronavirus and get the US up and running. Trump says more testing ‚Äúmakes us look bad.‚Äù His ‚Äòstrategy‚Äô and false claims clearly aren‚Äôt enough. He needs to work with us to drastically increase testing. https://t.co/xyHPcauTQs
RepHuffman,1261729297494151169,2020-05-16 18:44:40,"Dr. Bright‚Äôs brave testimony shows what it means to be a public servant. The Trump administration ignored warnings and science, worsening the #coronaviruscrisis and costing lives. 

We MUST listen to the experts. Lives depend on it. 
https://t.co/9M18BH1ECw"
RepHuffman,1261464578237460482,2020-05-16 01:12:46,"Thousands are dying. Millions have lost their jobs. The country is depending on us. 

Today, I voted #ForThePeople to honor heroes and save lives by supporting testing, tracing and free treatment. #HeroesAct"
RepHuffman,1261378629767839744,2020-05-15 19:31:15,"The #coronaviruscrisis requires an unprecedented federal response, and Congress has a responsibility to ensure families and states can weather the long road ahead. The #HeroesAct provides CA $93.2 bn in direct relief‚ÄîRepublicans shouldn‚Äôt deny Americans this lifeline. https://t.co/uV8rfAK4aO"
RepHuffman,1261050580241387521,2020-05-14 21:47:42,"It shouldn‚Äôt be this rare, but let‚Äôs appreciate executive branch officials w/ nonpartisan expertise &amp; dedication to country like Dr. Fauci, who is trying to save lives. We cannot rush to reopen the country without adequate testing, tracing, &amp; containment. 
https://t.co/DdEuLfkjba"
RepHuffman,1261018999581814787,2020-05-14 19:42:12,"My weeks have been filled with virtual meetings with local officials, health care workers, and committee roundtables as we work together to respond to the evolving challenges of #COVID19. Take a look at my weekly recap: https://t.co/5IaWs5kXGZ"
RepHuffman,1260948847783817217,2020-05-14 15:03:27,"While we work to respond to this public health emergency that has been made worse by the White House‚Äôs weak response, the President is focused on fighting to keep his financial records secret from Congress and the public. No one is above the law. https://t.co/XcmfdFzkXm"
RepHuffman,1260743892053434368,2020-05-14 01:29:02,"This latest scam is sickening. Your children will NOT be taken away if you test positive for #COVID19 and have applied for benefits. Please do not be afraid to seek help from CA‚Äôs many public services like CalFresh or Medi-Cal. 
https://t.co/dNE450HZ9B"
RepHuffman,1260641953638764544,2020-05-13 18:43:57,"Administration oversight, changes to how Congress operates, and an upcoming vote on the latest #COVID19 stimulus package‚Äîthe #HeroesAct; we‚Äôve got a lot to discuss at today‚Äôs virtual check-in. 

Tune in at 2pm PST at https://t.co/5r2hPUw3Tk. See you then!"
RepHuffman,1260613144822628354,2020-05-13 16:49:29,"Testing, tracing, &amp; containing are the key to safely reopening the US. @HouseDemocrats &amp; @COVIDOversight are doing the work that the Executive Branch has refused to do: listening to the experts and making sure we have plans in place to keep people healthy. https://t.co/aMpA4sN4sq"
RepHuffman,1260381712271519746,2020-05-13 01:29:51,"Just over half of us in #CA02 have completed the census‚Äîthat‚Äôs less than the national rate. #COVID19 has shown us the importance of having enough resources through an accurate count of each community. Visit https://t.co/JXC8tXFzP5 &amp; get counted today. 
https://t.co/k8RsFyvLI3"
RepHuffman,1260314353900847109,2020-05-12 21:02:12,"CA &amp; the US already had a serious lack of affordable housing. Now, thousands of ppl are losing their jobs every day w/ no place to go. With the #COVID19SHELTER Act, we can creatively house individuals &amp; support them throughout this crisis &amp; its aftermath. https://t.co/KiA9mm42SX"
RepHuffman,1259891319985635329,2020-05-11 17:01:12,"#COVID19 is creating an unprecedented strain on the food supply chain, including the seafood industry. My bipartisan request would get direct relief to folks &amp; stimulate seafood purchasing‚Äîproviding healthy, domestically produced food for Americans. https://t.co/QuUYIUM9uH"
RepHuffman,1259549543399636995,2020-05-10 18:23:07,"More than 75,000 Americans are dead, with &gt;1 million confirmed cases. We can‚Äôt reopen the country w/out nationwide access to testing or enough PPE for frontline workers. The President must use the Defense Production Act to direct emergency production now. https://t.co/Xejb0z3Mzn"
RepHuffman,1259198459015462912,2020-05-09 19:08:02,"The April jobs report is a sobering sign of the massive challenge we‚Äôre up against. @HouseDemocrats are hard at work on the next package to increase testing, tracing and treatment‚Äîand to help Americans who‚Äôve lost their jobs. 

What is Trump doing? https://t.co/SsZOTqhgXu"
RepHuffman,1258774628379635712,2020-05-08 15:03:52,"We‚Äôve been saying this from jump. Testing, testing, testing. The experts agree‚Äîif we want to safely reopen the country, we MUST increase our testing capacity for #COVID19. https://t.co/kGZLbDbybo"
RepHuffman,1258517343635832835,2020-05-07 22:01:31,"Great news: our efforts to get congressionally directed relief funding to fishery participants has paid off. Fishing tribes and businesses have been hit hard by #coronavirus, and they need this support asap. 
https://t.co/wFYxbaUNo3"
RepHuffman,1258457758791282691,2020-05-07 18:04:45,"Native Americans have been left behind in the #coronavirus pandemic, &amp; I‚Äôm glad to see this long overdue decision to distribute some of the relief that Congress provided. 

The admin needs to drop plans to divert $$ away from tribes.
https://t.co/M9HYZxqsGJ"
RepHuffman,1258403151331426305,2020-05-07 14:27:45,"Instead of focusing on the #COVID19 crisis impacts on schools and students, @BetsyDeVosED is using her time to undermine students‚Äô safety. The new #TitleIX rule makes it harder for sexual misconduct survivors to seek justice, weakens accountability, and makes students less safe. https://t.co/0mU3dwiqDq"
RepHuffman,1258169916244537347,2020-05-06 23:00:58,RT @KGO810: On at 4:06 pm: @RepHuffman is talking to @chipfranklin about prioritizing national service in future COVID-19 relief bills and‚Ä¶
RepHuffman,1258155575487205376,2020-05-06 22:03:59,"Happy #NationalNursesDay to the dedicated health care professionals protecting our communities.

Thank you. üè•#NationalNursesWeek https://t.co/cWBCrYtoDz"
RepHuffman,1258131861085270017,2020-05-06 20:29:45,Starting soon: I‚Äôm going live on Facebook at 2pm PST to answer questions and give an update on Congress‚Äô work to combat #COVID19. Tune in here ‚û°Ô∏è https://t.co/Rmf2yuZUkD
RepHuffman,1258085912694702080,2020-05-06 17:27:10,".@BLMNational should not barrel forward with the Willow drilling plan under normal circumstances, but this is an especially reckless move during a pandemic. I will continue the fight against this threat to the climate and native communities. https://t.co/MJOYeH3DDp"
RepHuffman,1257714890099298311,2020-05-05 16:52:51,"We‚Äôre in the middle of a historic public health crisis and economic collapse. But Trump's focus is handing out favors for oil companies.

I‚Äôm going live today to investigate his #CultureOfCorruption at today's @NRDems virtual roundtable. Tune in here ‚û°Ô∏è https://t.co/cWrt8xQthD"
RepHuffman,1257681557902577666,2020-05-05 14:40:24,"Happy #TeachersAppreciationDay. Teachers play a pivotal role in students‚Äô lives, and a pandemic has only made that work more demanding. We appreciate our teachers who are working hard to educate and engage students across the US. #SendTeachersLove https://t.co/aZrPyPeORu"
RepHuffman,1257365807476150272,2020-05-04 17:45:43,"It won't get you to Skywalker Ranch in less than twelve parsecs, but thank you to @GGBridge for your service to the Bay Area. (PSA: Vader needs to force-push those stormtroopers further apart to comply with Marin's health orders.) https://t.co/t0fsfmPaoc"
RepHuffman,1257002346653106177,2020-05-03 17:41:28,"Journalists are providing access to vital information on the #coronaviruscrisis. But many local news outlets, including public media stations, are struggling to make ends meet. Glad to see #CA02‚Äôs valued local @KMUDNews get relief from the #CARESAct. https://t.co/YSXzd1GNRi"
RepHuffman,1256658980023275526,2020-05-02 18:57:03,"Like so many other events, #WaterWeek2020 went virtual this year. The important work we do to build a future of innovative water management doesn‚Äôt stop for a pandemic, &amp; I was glad to be able to address the group on all the important work still underway. https://t.co/funMGcIP1r"
RepHuffman,1256335786380648448,2020-05-01 21:32:47,"Good news to end the week: Following my letter to @CMSGov, rural health centers can now get reimbursed for phone-only telehealth services! This is such a vital part of fighting #COVID19, especially in rural areas like we have in #CA02. 

https://t.co/TgeqjasGbv"
RepHuffman,1256298402884788225,2020-05-01 19:04:14,"There‚Äôs still time to complete the 2020 Census and #ShapeYourFuture! You can respond to the #2020Census at https://t.co/JXC8tXFzP5, by phone, or by mail to help your community access resources for hospitals, schools, infrastructure, &amp; more."
RepHuffman,1256252480217808896,2020-05-01 16:01:45,"RT @RepBarragan: When the fossil fuel industry asks for help, the Trump Administration comes running.

When health workers beg for #PPE, th‚Ä¶"
RepHuffman,1255515789974802432,2020-04-29 15:14:25,"By not allowing legal marijuana businesses to access the same #COVID19 relief as other #smallbiz, we are putting hardworking people at risk. The cannabis industry is a part of the North Coast economy, and I‚Äôll keep working to ensure they get equal relief. https://t.co/LyDZ7qOfQw"
RepHuffman,1255310095312982016,2020-04-29 01:37:03,Don‚Äôt forget to join me tomorrow for virtual office hours. I‚Äôm going live on Facebook at 2pm PST to answer questions and give an update on Congress‚Äô work to combat #COVID19. Tune in here ‚û°Ô∏è https://t.co/jQZmSIb6g5
RepHuffman,1255286248295608322,2020-04-29 00:02:18,".@OSHA_DOL is charged with protecting US workers &amp; ensuring safe workplaces. But in the middle of the worst safety crisis in recent history, the Trump admin is refusing to take action. We must protect workers on the frontlines of the fight against #COVID19. #WorkersMemorialDay https://t.co/uxEvDfGIhc"
RepHuffman,1255204504783462406,2020-04-28 18:37:29,"We need to get testing right before reopening the country. Trump‚Äôs still doing far too little, far too late to get enough tests. Adequate testing is critical if we want to slow the spread of the #coronavirus and save lives. 
https://t.co/SyBjYOehIM"
RepHuffman,1254809129186734081,2020-04-27 16:26:24,"Remember to continue checking my site for regularly updated #COVID19 info, news on govt services and programs, &amp; useful links and resources. And you can always reach out to my office for direct assistance. Stay safe - we will get through this together. https://t.co/60P6Pr5PYb"
RepHuffman,1254544032103104512,2020-04-26 22:53:00,"Thanks to our postal workers who keep us all connected. Snow, rain, heat... this global pandemic is the biggest challenge yet. We must keep up the pressure to get USPS and postal employees the resources they need to weather this storm. https://t.co/wP2C5pdbCo"
RepHuffman,1254510883088347138,2020-04-26 20:41:16,RT @CAPublicHealth: üåê Do your children have access to internet at home? #California has partnered with providers to bridge the #digitaldivi‚Ä¶
RepHuffman,1254202028839952384,2020-04-26 00:14:00,"From the start, the Trump admin has abandoned Tribes in the fight against the #COVID19 pandemic. @NRDems will keep working to support tribal communities dealing with #coronavirus outbreaks.

Keep up with the latest #CoronavirusIndianCountry updates here ‚û°Ô∏è https://t.co/sXHArdBxck"
RepHuffman,1254064874847641607,2020-04-25 15:09:00,"My constituents need help, but @senatemajldr is willing to let states go bankrupt &amp; underfund testing. The bill we passed includes: 

‚úÖ $360 bil for small biz
‚úÖ $25 bil for testing
‚úÖ $75 bil for hospitals

But our work can‚Äôt end here. More must be done to #PutPeopleFirst."
RepHuffman,1253859773549809664,2020-04-25 01:34:00,"Please please PLEASE listen to medical experts, not the President or his sycophants. Under no circumstances should you inject yourself with disinfectants. This will not protect you from #COVID19.
https://t.co/j5SGjWyElk"
RepHuffman,1253821521782550531,2020-04-24 23:02:00,"It‚Äôs not a novel concept. Any large allocation of $ invites misuse. Yesterday‚Äôs vote to create an oversight subcommittee for #COVID19 spending follows the lessons from Truman‚Äôs WWII spending oversight committee, &amp; will ensure taxpayer funds are used appropriately #ForThePeople."
RepHuffman,1253764416434307073,2020-04-24 19:15:05,The #COVID19 outbreak has left many California #smallbiz owners uncertain about the future. 92% of owners have already been negatively impacted. @smlbizmajority‚Äôs report illustrates the urgent need for the president to finally prioritize #smallbiz relief. https://t.co/E2COujOmju
RepHuffman,1253721412914810882,2020-04-24 16:24:12,"As we all suspected: in-person voting during a pandemic is an unnecessary threat to public health. We CANNOT let what happened in WI be repeated in Nov. 

Safer voting practices and #VoteByMail must be a priority as we prepare for future elections. https://t.co/VcyH5FJquQ"
RepHuffman,1253451721298317314,2020-04-23 22:32:33,"One red eye flight and lots of social distancing later, I cast my vote for the latest interim package to get money to small businesses and health care workers NOW. It‚Äôs a good step, but we have a lot of work left to #PutPeopleFirst."
RepHuffman,1253362479125745667,2020-04-23 16:37:56,Shameful from the @senatemajldr. States and local governments are providing essential services during this pandemic and their budgets are hurting just like other employers. We have a responsibility to support them just as we have the private sector. https://t.co/1k4kPAtkZJ
RepHuffman,1253337596987498496,2020-04-23 14:59:03,"The #coronavirus crisis highlights how important it is that communities get all the resources they need. Making sure we have an accurate #2020Census count is one way to do that. Make sure you‚Äôre counted today. #WeAllCount
https://t.co/7s2fowKiKg"
RepHuffman,1253129406454935552,2020-04-23 01:11:47,"Electrifying USPS checks all the boxes: helps to kickstart the economy, improves public health, is more $ efficient, and lowers climate pollution. I've intro'd the #FLEETAct since I was first elected - let's make this a reality. (&amp; let's save the USPS too while we're at it!) https://t.co/WRtKVNMdqH"
RepHuffman,1253062116015247361,2020-04-22 20:44:23,Starting soon: join me @ 2pm for my weekly Facebook Live check-in to answer questions about #COVID19. Watch here ‚û°Ô∏è https://t.co/5r2hPUw3Tk
RepHuffman,1252985175191019528,2020-04-22 15:38:39,"Once again, President Trump has broken his promises to the American people. We need more resources to protect our health workers, provide for the community, and begin the path to recovery.
https://t.co/IgM19JsHvC"
RepHuffman,1252644523907391489,2020-04-21 17:05:02,"All across the US, essential employees, including transportation &amp; emergency workers, are stepping up &amp; doing their part to help stop the spread of #COVID19.  The essential job you do keeps our country moving and brings us closer to overcoming this crisis. #ToThoseWhoKeepUsMoving https://t.co/JZW2ZHdPPI"
RepHuffman,1252620045718441986,2020-04-21 15:27:46,"The Trump admin trying every tactic to help the oil industry. Trump needs to prioritize increased testing, small business relief, and families -- not use this crisis as a veil to prop up Big Oil. #PeopleOverPolluters
https://t.co/XRP4w9uhxX"
RepHuffman,1252388518162124801,2020-04-21 00:07:45,"If you‚Äôre an SSA retirement, survivor, or disability recipient with dependents &lt;17 and didn‚Äôt file your 2018/2019 taxes, #TakeActionNow and visit https://t.co/Oxxuy5WmSh and enter your payment information by WEDNESDAY 4/22 to receive additional #COVID19 relief payments."
RepHuffman,1252355856928174080,2020-04-20 21:57:58,"Millions of immigrants in the US are essential workers, risking their lives every day to save others.  We must ensure that they can access critical coronavirus relief benefits by passing the #Coronavirus Immigrant Protection Act.
#DiversityIsOurStrength #NationOfImmigrants"
RepHuffman,1252032607803629570,2020-04-20 00:33:29,Humboldt County is submitting a disaster claim and needs your help. Please consider completing this survey of #coronavirus related loss and help get an accurate picture of the relief our community needs. https://t.co/Rs2jlYLZdp
RepHuffman,1251941179773669377,2020-04-19 18:30:11,"House Democrats are fighting for additional emergency funding for critical programs like SBA loans and to help the hospitals, cities, and local govts that are running out of funds. @senatemajldr needs to come to the table to get this done. https://t.co/cAZO45Czqg"
RepHuffman,1250457922359963652,2020-04-15 16:16:15,üö®Today @ noon PSTüö® Join me for my weekly Facebook Live check-in to answer your questions about #COVID19. Watch here ‚û°Ô∏è https://t.co/5r2hPUw3Tk
RepHuffman,1250086014640685056,2020-04-14 15:38:26,"Broadband access is a necessity, not a luxury. We already knew this on the north coast, &amp; I‚Äôve been working on closing the #DigitalDivide since I was first elected. The #COVID19 crisis has made it clear that it must quickly be made a national priority. https://t.co/LBoTOuhUvR"
RepHuffman,1249823360562991105,2020-04-13 22:14:44,Join me for my next #ShelterInPlace Virtual Town Hall TODAY at 5pm PST. I‚Äôll be joined by local experts to discuss the ongoing #coronavirus crisis and answer live questions. Watch live at https://t.co/5r2hPUw3Tk. https://t.co/ToeQW6nsRD
RepHuffman,1249794053362892806,2020-04-13 20:18:17,"As some of you know, this is a deeply personal issue for me‚Äîmy mother-in-law recently contracted COVID19 in a nursing home. More testing MUST be a priority. Congress appropriated the funding, now we need the administration to follow through. https://t.co/8RZbZCGWAB"
RepHuffman,1249754718672433153,2020-04-13 17:41:58,"Many Americans need immediate and recurring help to weather the #COVID19 pandemic, which is why @HouseDems negotiated for Economic Impact Payments. Follow the link below to see the most recent FAQ from @IRSnews on this vital program. https://t.co/84FgTiazva"
RepHuffman,1249436591208173578,2020-04-12 20:37:51,Join me for my next #ShelterInPlace Virtual Town Hall this Monday at 5pm PST. I‚Äôll be joined by local experts to discuss the ongoing #coronavirus crisis and answer live questions. Watch live at https://t.co/5r2hPUw3Tk. https://t.co/3jwOQzwv2T
RepHuffman,1249024269964771329,2020-04-11 17:19:26,The #COVID19 pandemic is putting significant strain on students. Kudos to Mendocino College Foundation for putting together this donation program AND committing to matching funds. See more here ‚û°Ô∏è https://t.co/bYBIqiHExY https://t.co/e7fuQIbCeh
RepHuffman,1248438869617455104,2020-04-10 02:33:16,"Some important news for community health centers: $1.3 billion in congressionally directed funding is being awarded to 1.4k facilities nationwide. Many of my constituents depend on CHCs, &amp; this funding will ensure we can care for their safety &amp; well-being. https://t.co/8KqJPOPNdg"
RepHuffman,1247299103484186624,2020-04-06 23:04:14,Scientists across the country are prevented from pursuing promising COVID-19 research using fetal tissue because of federal restrictions. We need to put science and public health first and immediately remove these unnecessary barriers. https://t.co/YkhwhXjKyf
RepHuffman,1247214870052962306,2020-04-06 17:29:31,Today's Humboldt Board of Supervisors meeting is streaming live! Tune in here as I present to the board on the recently passed CARES Act and Congress' ongoing plans to provide relief during and after the #coronavirus pandemic. https://t.co/yiWqBvYFcG
RepHuffman,1247191521612488709,2020-04-06 15:56:45,"Remember ‚Äì even if this isn‚Äôt an option in your state, you may still qualify for benefits under the #AffordableCareAct if you recently lost your job or health coverage. Learn more at https://t.co/fgAIn7r9Im"
RepHuffman,1247191518601007104,2020-04-06 15:56:44,.@CoveredCA extended open enrollment for health care coverage ‚Äì but most states don‚Äôt have that ability under current law. We‚Äôre calling on @HHSgov to follow states like CA‚Äôs example so folks across the country can get the health care coverage they need during this critical time. https://t.co/2EgVjCObsV
RepHuffman,1246859423018102789,2020-04-05 17:57:06,"Threats from #COVID19 come in all forms - including robocall scams. We‚Äôre calling on the  
@FCC and @TheJusticeDept to use every tool available to protect Americans. https://t.co/ECSBwgril7"
RepHuffman,1246527440916295682,2020-04-04 19:57:55,"People experiencing homelessness are being left behind, even as individual cases of coronavirus among the population rise. All levels of government have a responsibility to ensure our most vulnerable Americans are not forgotten and can receive the support they need. https://t.co/atBFBQaJHI"
RepHuffman,1246250783978459136,2020-04-04 01:38:35,"Everyone is feeling the impacts of #COVID19, especially small businesses. The recently passed #CARES Act includes an array of initiatives to assist business owners, nonprofits, &amp; other employers. My staff is always here to help, contact us &amp; learn more ‚Üí https://t.co/YPMswTGoV4 https://t.co/eaVBTIteLo"
RepHuffman,1246215655684177921,2020-04-03 23:19:00,"The #COVID19 pandemic reinforces the challenges that underfunding of special education creates, especially as we move to remote learning. I led over 50 of my colleagues in a bipartisan letter asking leadership to prioritize full funding for #IDEA. https://t.co/n03R6EYaka"
RepHuffman,1246166698857771011,2020-04-03 20:04:28,"Agricultural businesses are essential and shouldn‚Äôt be left out of CARES Act benefits designed to help workers weather the impacts of #COVID19. 

We called on @SBA to fix this: farmers and ag businesses need to be included in vital relief programs. https://t.co/sigJAo8UP4 https://t.co/treeLEpGpK"
RepHuffman,1246084275100884992,2020-04-03 14:36:56,"The health, safety, and economic security of older Americans is at a heightened risk right now. AARP put together an array of free information, tools, and resources to help seniors during the #coronavirus pandemic.
https://t.co/KYrHSstjEn"
RepHuffman,1245773903399706624,2020-04-02 18:03:38,Trump's failure to act on #Coronavirus has put Native communities at risk. Lives will be lost that should have been saved. @HouseDemocrats passed 3 relief packages w/ major aid for Indian Country. Fed agencies must work w/ Tribes NOW to stop the #CoronavirusIndianCountry outbreak https://t.co/O94hfbQ8Gw
RepHuffman,1245725440901251074,2020-04-02 14:51:04,"We should not let our very real disputes w. the Iranian govt prevent us from treating the people of Iran with compassion. @realdonaldtrump needs to ease sanctions that will damage the Iranian health care system &amp; could contribute to the spread of #COVID19.
https://t.co/4NGd0Mf3b4"
RepHuffman,1245452023253917698,2020-04-01 20:44:36,"For everyone‚Äôs safety, we need to help each other #FlattenTheCurve of #COVID19 by staying at home. I know that we can get through this together if we all do our part to make safe, responsible decisions and take steps to help each other out. https://t.co/dYnMne0cZb"
RepHuffman,1245397711215607809,2020-04-01 17:08:47,"The Trump admin should be 100% focused on fixing their inadequate response to #COVID19. Instead, they're gutting environmental policies. I‚Äôm joining @DorisMatsui to move legislation that protects people &amp; the planet by reversing this awful decision.
https://t.co/6ArrvhUmGB"
RepHuffman,1245362228964048896,2020-04-01 14:47:47,"Ahora que est√°s en casa practicando el distanciamiento social, ¬øpor qu√© no llenar el censo? ‚úÖ
Puede completar el censo desde casa
Por internet üíª https://t.co/XGCNZJwrmo
Por tel√©fono üì≤ 1-844-468-2020
O por correo si recibi√≥ el formulario. üì© #HagaseContar #COVID19 https://t.co/72ExQAiyoe"
RepHuffman,1245111726242136064,2020-03-31 22:12:23,Trans people are especially vulnerable to being denied health care due to discrimination. During this public health crisis -- and every day -- we‚Äôre all in this together. Join me in showing support for trans people across the nation. #TransVisibilityDay https://t.co/AxDIS3mQgE
RepHuffman,1245006079366443015,2020-03-31 15:12:35,"Another great way folks are working to help others suffering from the #COVID19 crisis. If you run a small business and need help navigating federal relief, SCORE is offering free mentoring on how to get SBA loans. https://t.co/PuUsGRxpaq"
RepHuffman,1244726524865110019,2020-03-30 20:41:44,"Happy #NationalDoctorsDay. During this time of crisis, health care professionals (among so many other folks) are putting their personal well-being at risk for the sake of others. Thank you for all you do. https://t.co/sFUDz47lWb"
RepHuffman,1244654192540692483,2020-03-30 15:54:18,"üö®There are now two new refundable payroll tax credits for small and midsize businesses. These are designed to promptly and fully reimburse employers, dollar-for-dollar, for the cost of providing #Coronavirus-related leave to their employees. https://t.co/ey1acJds2N"
RepHuffman,1244398205279887365,2020-03-29 22:57:06,RT @CAgovernor: .@CAStateParks is working closely with local county and public health officials to modify park operations by closing vehicu‚Ä¶
RepHuffman,1244335557184049153,2020-03-29 18:48:10,"Amazing! Thanks @SEIU for what you do to #ProtectWorkers from #COVID19. 
https://t.co/dwKn48Del7"
RepHuffman,1244096436653998090,2020-03-29 02:57:59,"A lot of local Social Security Administration offices have closed, but you can still get information on how this important program can help Americans during the coronavirus pandemic. Find out what assistance you can receive here ‚Üí https://t.co/c02rVCu4Ih"
RepHuffman,1243648087559671810,2020-03-27 21:16:24,"It‚Äôs far from perfect, but I'm glad the House passed the #CARESAct w/ relief to hospitals, workers, &amp; families across the US. Congress needs to do more, but this is a positive first step to put #FamiliesFirst over big corporations. See my statement here: https://t.co/VkIdjISw1K"
RepHuffman,1243576768231063561,2020-03-27 16:33:00,"Every family and industry is being impacted from the economic chaos caused by #coronavirus, including fishing and seafood. We‚Äôre working to get support for these industries in Congress, and we all can help prevent the collapse of this essential part of our coastal economy. https://t.co/Uwvs0rfKTt"
RepHuffman,1243316874676502528,2020-03-26 23:20:17,Health care providers are getting crushed under the surge of #COVID19 patients. Today I joined @RepTorresSmall &amp; @RepAnnieKuster in urging VP Pence‚Äôs Task Force to build in a contingency plan so that rural health care providers and communities don‚Äôt fall by the wayside. https://t.co/0mArbb2weh
RepHuffman,1243236417658138625,2020-03-26 18:00:34,"People should only listen to health guidance from medical experts. No matter what alternative facts you hear from the White House, there is a real, severe danger posed by untested meds or chemicals.
https://t.co/W6cHFWyQ82"
RepHuffman,1243187219835293703,2020-03-26 14:45:05,.@WHD_DOL has new guidance for employees and employers about how to take advantage of the protections and relief offered by the #FamiliesFirst #Coronavirus Response Act. See what help you can get here ‚û°Ô∏è https://t.co/9Gjdy9eOtO
RepHuffman,1242941952796082177,2020-03-25 22:30:28,"There still aren't enough tests, ventilators, or PPEs for hospitals and frontline medical workers across the country. I don‚Äôt say this lightly - Trump should use all of his power to ramp up production. #DefenseProductionAct #COVID19
https://t.co/2Uc2C7YWe4"
RepHuffman,1242913362540990471,2020-03-25 20:36:52,"Appalling but true: scammers are increasing efforts to take advantage of individuals during the #coronavirus pandemic. Please be wary, and NEVER share personal/financial information over the phone. https://t.co/XhcldvMiNa"
RepHuffman,1242877963470856192,2020-03-25 18:16:12,"Powerful perspective from my constituent, Jason. He survived 544 days in an Iranian prison and learned some valuable lessons on how to cope with isolation. If he could withstand that, we can surely make it through the #COVID19 #ShelterInPlace. 
https://t.co/bzvuzHjUhe"
RepHuffman,1242864494264627201,2020-03-25 17:22:41,Did you miss my #Coronavirus Virtual Town Hall? That's okay - it's saved to my Facebook page at https://t.co/5r2hPUw3Tk and can be replayed at any time. And don't forget to send questions for future Q&amp;A events. Thanks for all the engagement and stay well.
RepHuffman,1242841163813597184,2020-03-25 15:49:58,"The administration's failure to bring home our citizens shows how ill-prepared the White House was for this pandemic. My team and I are working around the clock to help bring our constituents safely home.
https://t.co/NW99VAezdU"
RepHuffman,1242819713044033537,2020-03-25 14:24:44,"Even in the middle of this crisis, Trump‚Äôs making decisions to benefit his own bottom line. This #CultureofCorruption has to stop. We made sure of that in the latest #coronavirus stimulus bill. https://t.co/VZX0tinxaf"
RepHuffman,1242626202050932737,2020-03-25 01:35:48,"Email your questions to huffmanQandA@mail.house.gov and I‚Äôll answer the top inquiries live. See you then!

#COVID19
#ShelterInPlaceCA 
#VirtualTownHall"
RepHuffman,1242626201199542274,2020-03-25 01:35:47,"Thank you to everyone who tuned in tonight for our #Coronavirus Virtual Town Hall &amp; your thoughtful questions. If we didn‚Äôt get to your question, don‚Äôt worry - I‚Äôll be going live at https://t.co/Xvh4aflrGN every Wed @ noon PST for a weekly check-in and to give the latest updates."
RepHuffman,1242598111257792512,2020-03-24 23:44:10,"My virtual town hall is starting soon! Join me and local health professionals and experts to discuss #COVID19. 

To watch the livestream, head to my Facebook page here: https://t.co/5r2hPUw3Tk

Don‚Äôt forget to submit your questions in the comments! https://t.co/QOAz4WEbx8"
RepHuffman,1242549325898678274,2020-03-24 20:30:19,"Underserved populations, especially Indian Country, will be hit the worst from the #COVID19 outbreak if we don‚Äôt act. @NRDems Coronavirus Resource Center has tons of great info for Native Americans and how we‚Äôre fighting for those communities. https://t.co/OMcfa8KKdp"
RepHuffman,1242516990729863169,2020-03-24 18:21:50,"The ways to help during the #coronavirus are limitless. If your company is looking to sell or donate medical supplies, equipment, or services as part of the #COVID19 response, head here ‚û°Ô∏è https://t.co/MrAie3MYTW"
RepHuffman,1242467761068138501,2020-03-24 15:06:12,"TONIGHT: I‚Äôll be hosting a virtual town hall to give #CA02 an update on #coronavirus.

You can stream it live and ask questions here: https://t.co/5r2hPUw3Tk https://t.co/QeDGEd9pEy"
RepHuffman,1242266790308257793,2020-03-24 01:47:37,It‚Äôs up to us to make sure no one gets left behind as schools continue to close during the #coronavirus pandemic. I led this letter with @RepAngieCraig and @RepPeteStauber to ensure schools receive the funds they need for vital special education programs. https://t.co/pf5ipqDVAo
RepHuffman,1242243595991748612,2020-03-24 00:15:27,"Health care needs to be a priority, especially during a public health crisis. I joined @RepSchakowski and over 100 colleagues to demand that Trump end his attack on the Affordable Care Act. #ProtectOurCare https://t.co/nacR4ccMw2"
RepHuffman,1242190356806057991,2020-03-23 20:43:54,The innovation and leadership we are seeing from community members as we combat #COVID19 is inspirational. Thank you for using your resources to provide hand sanitizer and services for the health and safety of our community.  https://t.co/pY2b3Srobh
RepHuffman,1242181459353403397,2020-03-23 20:08:33,"RT @fema: Every American has a role to play.  Consider donating cash, giving blood or volunteering to help fight #COVID19:

üîπ Donate to or‚Ä¶"
RepHuffman,1242178529166602245,2020-03-23 19:56:54,"Have questions about #coronavirus? I‚Äôll be hosting a virtual ‚Äúshelter in place‚Äù town hall tomorrow, joined by local experts to discuss #COVID19 and answer questions from viewers.

To watch the livestream and submit questions, head here: https://t.co/5r2hPUw3Tk https://t.co/G6HLdtDMem"
RepHuffman,1242166145345630209,2020-03-23 19:07:42,"Trump's still trying to strip health care from millions &amp; the McConnell bill provides a slush fund for favored industries. Outrageous. We need tests, PPEs, &amp; we can‚Äôt just bail out favored industries if we‚Äôre actually going to protect the US from #COVID19.
https://t.co/AHhPp3EG4U"
RepHuffman,1242114671798300672,2020-03-23 15:43:09,"Looking for something to do while you #StayAtHome?

Fill out the #2020Census.

You can respond online at https://t.co/JXC8tXFzP5 and make sure our community gets important government resources we need like public health funds. #WeAllCount!"
RepHuffman,1242084777404047360,2020-03-23 13:44:22,"A #coronavirus side effect you might not have considered: fewer available blood donors. A blood shortage could impact patients who depend on lifesaving blood to survive. If you are healthy and can safely leave home, please consider donating blood. 
https://t.co/w5GpB29TLz"
RepHuffman,1241907858725371905,2020-03-23 02:01:21,Trump‚Äôs indifference is costing lives. We are working hard to ensure that Indian Country can access the resources we've provided for #COVID19. Tribal members &amp; officials should send @NRDems feedback from tribes here ‚Üí https://t.co/vdc2exJwu2
RepHuffman,1241852988215476224,2020-03-22 22:23:19,Telehealth services are key for protecting health care workers and curbing #COVID19. But resources in disadvantaged or rural areas often don‚Äôt meet the definition for reimbursement. Telemedicine must be redefined so all facilities can get funds for these important services. https://t.co/Cj3z2OONvw
RepHuffman,1241798658686963712,2020-03-22 18:47:26,"This should be a huge concern for the Trump admin. Natural disasters are increasing in severity &amp; frequency, &amp; FEMA doesn‚Äôt have the resources needed for the very real possibility of coinciding disasters like #wildfires &amp; #COVID19. We need solutions fast. 
https://t.co/ZknqFDgdQH"
RepHuffman,1241745576775073793,2020-03-22 15:16:30,"Tune in this Tuesday 3/24 for my Virtual Town Hall. I‚Äôll be joined by local medical professionals and experts to discuss #COVID19 and answer questions from viewers.

Watch live and submit questions during the event here: https://t.co/5r2hPUw3Tk. https://t.co/Vm3wjwffEH"
RepHuffman,1241494408538832897,2020-03-21 22:38:27,"Public health officials &amp; scientists have been saying this all along‚Äîtesting, testing, testing. Trump‚Äôs strategy has been devastatingly inadequate &amp; he‚Äòs refusing to own up to his shortcomings. This slow response has lost valuable time &amp; is costing lives. https://t.co/cxMfd5uH4e"
RepHuffman,1241406169211645954,2020-03-21 16:47:49,".@ICEgov is suspending most of their enforcement operations during the #coronavirus outbreak. Immigration status won't be held against you for getting tested ‚Äì so if you experience #COVID19 symptoms, get tested.
https://t.co/3ues1uPz5R"
RepHuffman,1241363635768832000,2020-03-21 13:58:48,"One of the people best equipped to tell us about this virus and the problems with the lack of testing is my constituent Dr. Larry Brilliant. Important reading on what we face. #coronavirus #covid19
https://t.co/6T9OauquDc"
RepHuffman,1241180977709359105,2020-03-21 01:52:59,Many Americans are stuck overseas during this public health crisis. I joined @RepJoeNeguse in a letter to the @StateDept: Pompeo needs to do more to help our fellow citizens return home. https://t.co/jRALjzWzp8
RepHuffman,1241140576738775043,2020-03-20 23:12:27,"Please click on the link below to learn more about the #COVID19 protocols my office has put in place, the legislation we are working on, and information on how to keep yourself, your loved ones, and neighbors safe.
https://t.co/f35PMM0XLN https://t.co/NDRLrcECXm"
RepHuffman,1241136996963278849,2020-03-20 22:58:13,"RT @NRDems: Trump‚Äôs #Coronavirus response has completely ignored Indian Country, and people will die preventable deaths as a result.

Just‚Ä¶"
RepHuffman,1241111713883324419,2020-03-20 21:17:45,"RT @IRSnews: In response to #COVID19, many taxpayers can delay tax payments to the #IRS until 7/15/2020 without penalties or interest. File‚Ä¶"
RepHuffman,1241102554240557061,2020-03-20 20:41:22,"The President‚Äôs response to the #COVID19 pandemic has been chaotic and contradictory. He needs to dramatically ramp up testing, provide the needed medical equipment, and most of all‚Äîtell the truth. What happened to ‚Äúthe buck stops here‚Äù? https://t.co/6t8zP1DteU"
RepHuffman,1241084154294554627,2020-03-20 19:28:15,"To help ensure that everyone has health care coverage during the #coronavirus pandemic, @CoveredCA is extending the enrollment period for everyone to June 30, effective immediately. If you aren‚Äôt covered, visit https://t.co/2tuQkDDgRo now."
RepHuffman,1241067238712578050,2020-03-20 18:21:02,"Traveling during the #COVID19 outbreak should be avoided as much as possible, particularly international travel. If you absolutely need to travel and are unsure what to do, visit the State Department‚Äôs website for more information ‚û°Ô∏è https://t.co/ajLHsEzoPB"
RepHuffman,1241047530668019712,2020-03-20 17:02:43,"RT @samstein: NEW ‚Äî For weeks Congress asked the WH for information on coronavirus. Trump blew them off, declining to send officials or res‚Ä¶"
RepHuffman,1241015718025494529,2020-03-20 14:56:18,"This is not okay. Relief for #Covid19 needs to focus on working families first, not propping up Big Oil. Thanks, @RepBarragan, for leading our letter to fight against this. 

#ActOnClimate #Coronavirus #FamiliesFirst
https://t.co/cD2mR14MzS"
RepHuffman,1241002871946166274,2020-03-20 14:05:16,RT @CAgovernor: Governor @GavinNewsom issued a stay at home order to protect the health and well-being of all Californians and to establish‚Ä¶
RepHuffman,1240816537482792961,2020-03-20 01:44:50,Many of my constituents are impacted by the Bay Area‚Äôs #ShelterInPlace order. This @sfchronicle piece has helpful information about navigating daily life under this order. We all have a part to play in stopping the spread of #COVID19. https://t.co/tL7iHvCP3F
RepHuffman,1240699635435372544,2020-03-19 18:00:18,"üö®@USCIS announced that any testing, treatment, or services relating to #COVID19 will NOT be used against immigrants in their #PublicCharge evaluation. Please don‚Äôt hesitate to seek medical care if you are in need. https://t.co/VFNclYV0Ng"
RepHuffman,1240667134486855684,2020-03-19 15:51:09,"Lives are at stake, there is no time to delay. Hospitals &amp; 1st responders need PPE &amp; other equipment NOW. Trump said he would do the right thing‚Äîhe needs to follow up on his promises &amp; immediately increase medical supply production. https://t.co/EaSMPEVTsM"
RepHuffman,1240656593693356032,2020-03-19 15:09:16,"As we continue to face #COVID19, I want to take a moment and say thank you to all the health care professionals, first responders, grocery store employees, and the many helpers across #CA02 who continue to selflessly work to keep us safe and fight the spread of #Coronavirus. https://t.co/INgOeNqtX4"
RepHuffman,1240398100319145990,2020-03-18 22:02:07,"The Senate just passed the @HouseDemocrats‚Äô #FamiliesFirst #Coronavirus Response Act to provide free testing for all, expanded unemployment benefits &amp; paid leave, and food assistance. 

There can‚Äôt be any more delays‚Äîit must be signed into law now. 
https://t.co/vpN3pU2oqm"
RepHuffman,1240261758922653700,2020-03-18 13:00:20,"Seniors and those with chronic health conditions, please stay home and stay safe. Contact my office if we can help connect you to resources. https://t.co/6qW5B1JBLu"
RepHuffman,1240060227384422401,2020-03-17 23:39:32,RT @CAgovernor: LIVE NOW: Governor @GavinNewsom provides a #COVID19 update with hospital leaders as health care systems work quickly to bui‚Ä¶
RepHuffman,1240039890127065089,2020-03-17 22:18:43,".@SBAgov has put together a comprehensive guide for small businesses and self-employed owners in response to the #COVID19 pandemic. If you run a business in California, loans and other resources are now available. ‚¨áÔ∏è
https://t.co/vDOl6pial5"
RepHuffman,1239974929623216130,2020-03-17 18:00:35,"RT @CountyofSonoma: Sonoma County will host a Virtual Town Hall about Novel Coronavirus (Covid-19) on Tuesday, March 17, 2020, from 7:00 PM‚Ä¶"
RepHuffman,1239962603524255746,2020-03-17 17:11:36,"Social distancing is about more than personal safety. Our communities depend on us to do the right thing and stay home as much as possible. We all have a responsibility to help slow the spread of the virus‚Äîprotecting the elderly, the vulnerable, and each other. #FlattenTheCurve https://t.co/zSJOkRBWZ1"
RepHuffman,1239678270804762624,2020-03-16 22:21:46,RT @RepThompson: Everyone must familiarize themselves with @CAgovernor‚Äôs new restrictions to help stop the spread of #COVID19. These are cr‚Ä¶
RepHuffman,1239593260567363586,2020-03-16 16:43:58,"These delays are outrageous. 

The #coronavirus outbreak is escalating rapidly, and there is no time for political games. We have a lot more work to do together in the coming days and weeks. Time to step up and be responsible. https://t.co/Y0MJnzftAl"
RepHuffman,1239585425410404354,2020-03-16 16:12:50,"RT @CDCgov: New: Starting immediately and for the next 8 weeks, CDC recommends cancelling all events of 50 or more people. Full recommendat‚Ä¶"
RepHuffman,1238949406176673799,2020-03-14 22:05:31,"As a precautionary measure during the #Coronavirus outbreak, I'm postponing the remaining stops on my #ListeningTour. I'm still committed to completing this tour &amp; gathering as much feedback as possible‚Äî&amp; I invite everyone to submit comments on my website. https://t.co/ZCoe67gecn"
RepHuffman,1238691043173904384,2020-03-14 04:58:53,"Tonight, I voted to pass #FamiliesFirst #Coronavirus Response Act so families have the support they need as we confront the coronavirus. This is the first of many steps, and @HouseDemocrats will continue our work to bolster the economy and keep families safe. https://t.co/NXMJBOxHVj"
RepHuffman,1238576183375269888,2020-03-13 21:22:28,"#COVID19 is impacting everyone‚Äôs day-to-day. Travelers must have the flexibility to forego travel if they feel unsafe, w/out the fear of losing their hard-earned money. Our bill ensures cruise passengers can get reimbursed for travel due to concerns over the #coronavirus outbreak https://t.co/1eeXlGww1Y"
RepHuffman,1238195747931242505,2020-03-12 20:10:45,"Out of caution due to the #coronavirus outbreak, all Capitol, Library of Congress, and FBI tours will be suspended starting at 5:00pm today through March 31st, 2020. The White House has emailed cancellations to groups directly. 

Thank you for your understanding."
RepHuffman,1238189266544611328,2020-03-12 19:45:00,".@HouseDemocrats are doing what it takes to pass a bill that puts #FamiliesFirst. That means free #Coronavirus testing, improved food security for families, and the certainty of paid leave -- not a bailout for Big Oil or Trump orgs. https://t.co/JNxETX4jKa"
RepHuffman,1238117415122284544,2020-03-12 14:59:29,"#CoronavirusUpdate:

Soon, we‚Äôll vote on @HouseDemocrats‚Äô #FamiliesFirst #Coronavirus Response Act which will:

ü•´ Expand food assistance
üíâ Establish free testing
üë™ Provide #PaidLeave
üíµ Support strong unemployment benefits
üë©‚Äç‚öïÔ∏è Protect frontline health workers https://t.co/EtIs3sAay7"
RepHuffman,1238116031069073410,2020-03-12 14:53:59,Trump's response last night was completely insufficient. He needs to address the lack of #coronavirus testing kits throughout the US‚Äîtop priority during this public health crisis. We will vote today on our plan that puts #FamiliesFirst &amp; makes tests free. @HouseGOP should join us
RepHuffman,1238092288431095808,2020-03-12 13:19:38,"RT @RepPressley: #Coronavirus testing must be made free to the public if we are going to understand the scope of this crisis.
 
Anything le‚Ä¶"
RepHuffman,1237899607776153600,2020-03-12 00:34:00,"Absurd. We won't allow the use of this #publichealthcrisis to prop up Big Oil or decimate public lands for dirty energy. Our focus is addressing real #coronavirus needs, which don't include a fracking bailout or other giveaways to Trump-favored industries 
https://t.co/jxaueAuemW"
RepHuffman,1237810403314466818,2020-03-11 18:39:32,"üö®Tonight üö® If you‚Äôre in Sonoma County, @CountyofSonoma is hosting a virtual Town Hall from 7-8pm to give updates on the ongoing Coronavirus situation in our region. Learn more about how to watch this town hall here ‚¨áÔ∏è https://t.co/r6SAvCTo6P"
RepHuffman,1237785632866480129,2020-03-11 17:01:06,"RT @CAPublicHealth: Here are 4 prevention tips you and your family can take for #COVID19: 

üßºWash hands w/soap+water 
üôÖ‚Äç‚ôÄÔ∏èAvoid touching ey‚Ä¶"
RepHuffman,1237733189650714624,2020-03-11 13:32:43,RT @RepRaulRuizMD: ¬øQu√© es el coronavirus? Conocer los conceptos b√°sicos es el primer paso para prevenir y protegerse a usted y a su famili‚Ä¶
RepHuffman,1237481038823280641,2020-03-10 20:50:45,"RT @SacBeeEditBoard: Rep. Kevin McCarthy‚Äôs coronavirus tweet echoes anti-Chinese racism. He must apologize. 

With comments from @repgracem‚Ä¶"
RepHuffman,1237478150956822528,2020-03-10 20:39:17,Trump is putting corporate interests over the health &amp; safety of Americans. His proposed tax cuts for major corporations is the opposite of what this country needs. @HouseDemocrats are moving quickly to develop legislation that focuses on families &amp; impacted workers 1st. #COVID19
RepHuffman,1237449281721765891,2020-03-10 18:44:34,RT @RepRaulRuizMD: What is #Coronavirus? Educating yourself about COVID-19 reduces anxiety and empowers you to prevent and protect yourself‚Ä¶
RepHuffman,1237376630697463809,2020-03-10 13:55:52,"There is a lot of misinformation circulating about the #coronavirus, and bad actors are taking advantage of this public health crisis. Please be cautious of scams. Read everything thoroughly and when in doubt, check with public health officials. #COVID2019
https://t.co/FqacbC8qjs"
RepHuffman,1237085996765696001,2020-03-09 18:41:00,"After days of limbo, the #GrandPrincess is docking in Oakland, CA. State, county, and local officials are taking every precaution to protect the public health of passengers, their families, and the community. https://t.co/YqjM522kZG"
RepHuffman,1236342422579412993,2020-03-07 17:26:18,"On #coronavirus, Trump is endangering lives &amp; making us less safe.  It‚Äôs more important than ever to look to the experts and verified news sources, not the President‚Äôs misinformed ‚Äúhunches‚Äù that contradict the CDC, the WHO, &amp; local public health officials. https://t.co/yOnOabr4PU"
RepHuffman,1236060167697031169,2020-03-06 22:44:43,"Our bipartisan, bicameral emergency supplemental funding bill is now law. It will provide at least $55 million for California to resource prevention, preparedness, and response in the wake of #Coronavirus. This $ will ONLY be used to fight the virus and save lives. https://t.co/OyK5LTKU5v"
RepHuffman,1235975796889657344,2020-03-06 17:09:27,Grateful to the local and state public health officials working tirelessly and expertly to prevent the further spread of #coronavirus. It is vital that we follow their direction &amp; act with an abundance of caution.  https://t.co/AEZY8TyguC
RepHuffman,1235342056962363392,2020-03-04 23:11:12,"Today, we saw the first loss of life in CA from the #coronavirus. With strong bipartisan support, the House has provided a serious, science-based emergency funding bill.

The Senate and President Trump need to move quickly to enact it and save lives. https://t.co/bjb5aX2nfT"
RepHuffman,1235282937123426306,2020-03-04 19:16:17,"Today, #SCOTUS will hear a case that could overturn #RoevWade protections &amp; allow states to effectively ban abortion. I joined my colleagues in the amicus brief standing up for #ReproductiveFreedom because we all need to support reproductive health care access. #MyRightMyDecision https://t.co/1gxpCI4Pck"
RepHuffman,1234909237689626624,2020-03-03 18:31:20,"U.S. cases of #Coronavirus (#COVID19) are rising, but preparation is key. Health workers and officials are doing all they can to prepare for the spread‚Äîand you can as well. Visit my site for #CA02 updates on how to stay safe ‚¨áÔ∏è
https://t.co/f35PMM0XLN"
RepHuffman,1233467055661355008,2020-02-28 19:00:37,"When faced with a public health crisis, you need to be honest &amp; project credibility. The Trump admin has missed the mark on both accounts. 

Congress is moving swiftly to fully address #COVID19. Stay prepared, and visit https://t.co/eCH19SS53v for important #CA02 updates."
RepHuffman,1233169942880518144,2020-02-27 23:20:00,"Estamos controlando con atenci√≥n los casos del #coronavirus en California, y trabajando con rapidez en un esfuerzo coordinado y exhaustivo para responder al brote. Por favor, ayuden a prevenir la propagaci√≥n con estas sugerencias ‚¨áÔ∏è https://t.co/qUJ43wuWZr"
RepHuffman,1233169942876430341,2020-02-27 23:20:00,"We are monitoring the #coronavirus cases in California closely and working swiftly on a comprehensive, coordinated effort to respond to the outbreak. Please help prevent the spread by following these @CDCgov suggestions ‚¨áÔ∏è https://t.co/7RcALpwl30"
RepHuffman,1232740070098116608,2020-02-26 18:51:50,Trump clearly doesn‚Äôt understand what‚Äôs going on &amp; he‚Äôs making us less safe. His laissez-faire attitude &amp; decision to cut funding from the @CDCgov have made the U.S. vulnerable to an outbreak. The House knows the scale of this crisis &amp; we‚Äôre acting w/ the seriousness it deserves. https://t.co/3kDdhHGucC
RepHuffman,1231700270301765632,2020-02-23 22:00:02,"It was wonderful to hear from you all at my Eureka town hall. I am regularly impressed by how engaged our district is and always appreciate hearing directly from you. Make sure to stay updated by following @rephuffman on Facebook, Twitter, and Instagram https://t.co/eMK4FCDC2M"
RepHuffman,1231653086910963718,2020-02-23 18:52:33,"The #TrumpBudget would cut millions from health care and retirement programs like Medicare and Social Security. Americans spend their working lives paying into these programs and have a right to receive the benefits. 
https://t.co/HrM7Pwq2nV"
RepHuffman,1230702503076909057,2020-02-21 03:55:16,Today I met with seniors to discuss the importance of protecting health care &amp; retirement programs that are threatened by Trump‚Äôs 2020 budget.  I know just what‚Äôs at stake with Trump‚Äôs misguided budget priorities &amp; will continue fighting to preserve Medicare &amp; Social Security. https://t.co/9kxe2MMgJ2
RepHuffman,1230662168468586496,2020-02-21 01:15:00,"In the #ClimateCrisis, it is incredibly important for us to protect wildlife and prevent habitat loss -- not just for the sake of the planet, but for the sake of human health. https://t.co/tezyUW5ghL"
RepHuffman,1230504947281690624,2020-02-20 14:50:15,"Political interference has no place in our justice system. The people AND the experts both agree: AG Barr and President Trump are a danger to the fair administration of justice, and to the health of our democracy.  #DefendOurDemocracy

https://t.co/jQcn8ABTmG"
RepHuffman,1228330293137940486,2020-02-14 14:48:57,"If we do not act on the #ClimateCrisis, it could have devastating consequences for our health. That‚Äôs just one of the reasons I am dedicated to creating a climate-resilient future for America. It‚Äôs time we #ActOnClimate. 
https://t.co/wva9D3i509"
RepHuffman,1228108592374591489,2020-02-14 00:08:00,"Trump‚Äôs #FY2021 budget is not a budget for the future: it's a budget to send the middle class into economic freefall, cutting billions from health care, retirement security, and investments in the economy. 
https://t.co/WZf3cWvSaP"
RepHuffman,1227293059563606018,2020-02-11 18:07:22,"You can‚Äôt gut the EPA by over 25% without knowing it will make our air less safe &amp; water less clean. The president is making a choice: the #TrumpBudget is an attempt to not only ignore the health impacts of pollution &amp; the #ClimateCrisis, but to make those problems much worse. https://t.co/0I2s96rzPS"
RepHuffman,1227021177199067136,2020-02-11 00:07:00,"Trump is breaking his promise to the American people yet again with his budget. It slashes Medicare, Medicaid, Social Security‚Äîall while extending his tax cuts for the rich. This is a budget that threatens health care for millions of Americans. We must reject it. #TrumpBudget. https://t.co/wv7FJ9uxrM"
RepHuffman,1226664739100614659,2020-02-10 00:30:38,".@NRdems has a busy week ahead, including a House vote on my Northwest CA Wilderness, Recreation, and Working Forests Act to protect sensitive landscapes, open up new economic opportunities, &amp; manage forests to ensure fire resiliency and healthier ecosystems. #ProtectPublicLands"
RepHuffman,1225865557066514438,2020-02-07 19:34:58,"W/ the news that coronavirus has spread to the Bay Area, please remember the best ways to protect yourself &amp; the community: wash your hands &amp; avoid close contact w/ people that may be sick. Thank you to the public health officials working to protect lives. https://t.co/uFS4ZkvvwA"
RepHuffman,1225841906980134912,2020-02-07 18:01:00,"Gun violence is an epidemic unlike any other in our country. It‚Äôs time for @senmajldr McConnell to do right by survivors and hold a vote on #HR8, a bipartisan bill the House passed to expand background checks and save lives. #EndGunViolence #GunViolenceSurvivorsWeek https://t.co/LRyeuTiP9x"
RepHuffman,1225427501448560646,2020-02-06 14:34:18,"Refinery explosions, oil spills, plastics in the ocean, and more: all costs associated with fossil fuel extraction. It's time we switch to energy sources like solar and wind that are far less costly - both for our economy and our health. 

@ClimateCrisis
#ActOnClimate https://t.co/Hqu7YsAboW"
RepHuffman,1225088190366863361,2020-02-05 16:06:00,"The comment period for my bill, the FUTURE Drought Resiliency Act, is still open! By building on the best ideas from everyone, we can secure a better water future and a healthier, more sustainable economy. https://t.co/XQtQT4PGvv"
RepHuffman,1225067410656501761,2020-02-05 14:43:26,"The #ClimateCrisis has countless impacts, including on our health. Tune in to the @ClimateCrisis Committee hearing to learn more about solutions to the health risks of climate change and our plans for building a climate-resilient future #ForThePeople.
https://t.co/4x2MkYrceV"
RepHuffman,1224715963100270592,2020-02-04 15:26:54,"Gun violence is an epidemic in our country and something no one should have to experience in places of worship, work, or education. Last year the House passed the Bipartisan Background Checks Act to help #EndGunViolence. It's time for the Senate to do the same. #NotOneMore"
RepHuffman,1224099206010372097,2020-02-02 22:36:08,"Ocean acidification is one of the many serious consequences of climate change, and we‚Äôre already seeing the impacts on our oceans and coasts. Communities in my district &amp; around the globe depend on healthy oceans. We must reverse carbon emissions before it‚Äôs too late. ü¶Ä https://t.co/cn4yB00tlo"
