RepJahanaHayes,1321882935159627788,2020-10-29 18:33:45,"Challenge accepted.

I #maskup because masks work!

When 2ppl in my office contracted COVID- 19 OTHERS DID NOT! üò∑ 

Wearing a mask is necessary to protect others and slow the spread of the virus.

I challenge @ChrisMurphyCT @SenBlumenthal https://t.co/ToYs0tJv9y https://t.co/g8mwECbC0k"
RepJahanaHayes,1321491779611447305,2020-10-28 16:39:27,"Do you live in the Danbury area and are experiencing symptoms or have been in contact with someone who has COVID-19? Check out the list of testing sites below:
 
https://t.co/ya3tBsLRA7"
RepJahanaHayes,1321452431046332416,2020-10-28 14:03:05,"Today is #NationalFirstRespondersDay. We recognize all first responders across the country and thank our local police, fire, and emergency personnel for keeping our communities safe and healthy.
 
#ThankYouFirstResponders https://t.co/vSZs8uWvoh"
RepJahanaHayes,1321084225379074048,2020-10-27 13:39:58,"Open Enrollment begins November 1st. Now more than ever, it is important to get covered and stay covered. Access Health CT is here to help with a variety of options for free enrollment help.
 
Visit, https://t.co/6dVAPLvs3C for enrollment locations &amp; events. https://t.co/mLcRINeiwn"
RepJahanaHayes,1320790215527718913,2020-10-26 18:11:41,"I am so glad to see #CaresAct funds benefiting CT. These grants will help improve COVID response, health outcomes, and increase staffing. The economic relief approved by Congress helps stabilize #CT05 communities.
 
https://t.co/EJUodkHDHE"
RepJahanaHayes,1320757283601764352,2020-10-26 16:00:49,"I was honored to join the #19thSummit this week to discuss the impact COVID has had on our students &amp; teachers. 
 
That's why I continue to advocate for education in Congress by supporting bills that help close the equity gaps and level the playing field. https://t.co/YQmD56IxfL"
RepJahanaHayes,1320379048435109890,2020-10-25 14:57:51,"The Centers for Disease Control and Prevention issued COVID19 guidelines to help families stay safe this Halloween. üéÉüç¨

To learn more: https://t.co/0YGmcDHm21 https://t.co/ZcAl3k2VUW"
RepJahanaHayes,1320048437774221315,2020-10-24 17:04:07,"Wear a mask. üò∑ Wash your hands often. üßº Maintain social distance.üìè

Let's keep each other safe this weekend. https://t.co/voxvdR75rx"
RepJahanaHayes,1319696576978292741,2020-10-23 17:45:57,"Our nonprofit community provides culture, strengthens the economy, and supports thousands of jobs in #CT05.

My vote on the #CARESAct will bring $9 million to support CT nonprofit orgs recovering from the COVID19 fallout. #SupportNonProfits

https://t.co/5eokLoKsO4"
RepJahanaHayes,1319632138283720706,2020-10-23 13:29:54,"As a cosponsor of the bipartisan #CERTSAct, I am working to pass an emergency $10B for the motorcoach &amp; school bus industry that has been devastated by COVID-19. 

We must pass critical legislation to support this industry &amp; the jobs that keep us moving. 

#BusesMoveAmerica https://t.co/cpGH3GrvZZ"
RepJahanaHayes,1318931764597968897,2020-10-21 15:06:51,"And that's why I‚Äôll be joining the next virtual #19thRepresents summit, Public Ed in the Pandemic.
 
üóìÔ∏è  Mark your calendars for Wednesday, Oct. 21, 1-4 p.m. CT, and please join us.
 
Register today! https://t.co/hfNAQcL5vz"
RepJahanaHayes,1318931762274291714,2020-10-21 15:06:51,"Coronavirus has kept many kids home from school, forced many parents out of the workplace, and exposed, and worsened, massive disparities in educational advancement and opportunity. The issue of public education is critical to children and families right now. https://t.co/yAlSaspIlV"
RepJahanaHayes,1318597267025235968,2020-10-20 16:57:41,"The Rotary Club of New Britain recently donated 8,000 masks to 10 non-profit organizations in the community. Thank you for your generosity and for keeping our #NewBritain community safe.

https://t.co/IhauUIwdnL"
RepJahanaHayes,1318549232920498176,2020-10-20 13:46:49,FEMA has approved a $3.5 M grant to the Connecticut Department of Housing. This grant will reimburse communities who took immediate action for providing shelter to the homeless population to decrease the spread during the pandemic. https://t.co/S4Nv8A1V4t
RepJahanaHayes,1318270381229264899,2020-10-19 19:18:45,"Bullying is serious and can have a lasting impact on a person's mental health. In this day &amp; age, cyberbullying has become prevalent, giving aggressors different platforms in which to amplify their hate. Let's work together to lift each other up. #NationalBullyingPreventionMonth https://t.co/L3KmzMItd5"
RepJahanaHayes,1316032718858334208,2020-10-13 15:07:05,"Community colleges in Connecticut have seen a 15% drop in enrollment caused by the pandemic, disproportionally affecting Black and Latino students.

Congress must pass a stimulus package to bring relief to families and our education system now. 

https://t.co/xZ1L6af7cB"
RepJahanaHayes,1315335975481102343,2020-10-11 16:58:28,Protect yourself and others by wearing a mask to help prevent the spread of #COVID19. https://t.co/gtaoNKjwiv
RepJahanaHayes,1314959428358230016,2020-10-10 16:02:13,"We can all do our part to keep our community safe üò∑ üò∑ üò∑ 

‚úÖ follow up Covid 19 test- negative üë©üèª‚Äçüî¨

‚úÖmade an appointment @RedCross to donate plasma ü©∏ 

‚úÖgot a flu shot üíâ 

By taking care of yourself- you take care of others! https://t.co/DoIabJBZvX"
RepJahanaHayes,1314656733420236803,2020-10-09 19:59:25,"Today, I joined the Naugatuck Valley Council of Governments. I spoke with local officials on the updated #HeroesAct, which will provide a lifeline to state and local governments, and fund testing and contact tracing. https://t.co/RUbhOdIojJ"
RepJahanaHayes,1314627139388551168,2020-10-09 18:01:49,"To parents managing virtual learners, I know these are tough times for you. For many, English is not your first language, yet you've become the teacher. Dealing with technology, &amp; surviving a pandemic is a lot to handle. Your efforts do not go unnoticed, thank you. üìöüë®‚Äçüë®‚Äçüë¶ https://t.co/62Z8UUnWNr"
RepJahanaHayes,1314565543123390465,2020-10-09 13:57:03,"Getting your #flu vaccine is more important than ever this year. #FluVaccine helps to protect you and your loved ones from flu and helps to reduce the burden of flu on hospitals and healthcare systems. 

Learn more about flu vaccine benefits:  https://t.co/HXvEjEae5Z https://t.co/wysZ7VcslT"
RepJahanaHayes,1314268798619443202,2020-10-08 18:17:54,My staff met with the @ceanews to discuss the ongoing COVID-19 relief funding for our Connecticut public schools. We thank you for your on going commitment for students and their educators who support them. https://t.co/gelwB3QClO
RepJahanaHayes,1314193358630408193,2020-10-08 13:18:07,"October is #BreastCancerAwarenessMonth. According to @CDCgov, 1 in 8 women in the United States will be diagnosed with breast cancer in her lifetime.

Learn more about prevention at https://t.co/JVelM6tp1M https://t.co/FKTKkOMxar"
RepJahanaHayes,1313841354489958400,2020-10-07 13:59:23,"Domestic violence is more common than we think, and COVID has only made matters worse. It can impact the lives of victims in emotional and physical ways. If you feel that you are not safe at home please call 1-800-799-SAFE.
 
You are not alone in this. https://t.co/vYtpTcTFAX"
RepJahanaHayes,1313470302400188416,2020-10-06 13:24:57,Over the weekend I joined @AliVelshi on @MSNBC. We discussed the recent passage of the updated #HeroesAct. This bill addresses the critical needs that have arisen during the pandemic. We must now address all of the economic and health disparities head-on. https://t.co/GD1xReZ1zw
RepJahanaHayes,1312769230123814920,2020-10-04 14:59:09,October 4th - 10th is National Mental Illness Awareness Week. 1 in 5 Americans experience a mental health condition in a given year and increasing awareness can help end the stigma. https://t.co/05nLshkvnq
RepJahanaHayes,1312436891833102340,2020-10-03 16:58:33,"Beware of fraud schemes related to economic stimulus programs offered by the U.S. Small Business Administration in response to COVID-19.

Be skeptical, do not give your information away, always confirm with @SBAgov. 

For more information visit: https://t.co/4yypBufTCd https://t.co/fhe6rvx6RE"
RepJahanaHayes,1312403608466599937,2020-10-03 14:46:18,"I joined Ayman Moheldin on @MSNBC to discuss my battle with COVID-19. We all deserve a national testing strategy where everyone has access to rapid and accurate results. Please continue to wear a mask, wash your hands, and practice social distancing. https://t.co/vBuzJRU7TP"
RepJahanaHayes,1312059655556915203,2020-10-02 15:59:33,"I voted yes on the updated #HeroesAct. This bill will strengthen efforts to stop the spread of COVID, stabilize state &amp; local municipalities &amp; businesses, assist families with housing, nutritious meals, remote learning for their children, &amp; support USPS.

https://t.co/NEntbLUGHo https://t.co/mAlzITqRzF"
RepJahanaHayes,1311862179965140993,2020-10-02 02:54:51,"I wouldn‚Äôt wish this virus on anyone. Praying for the President, his family and staff for negative results and a quick recovery."
RepJahanaHayes,1311685185243688961,2020-10-01 15:11:32,"Today, marks 3 years since 58 people were killed and hundreds of others were wounded in a shooting in Las Vegas. My heart goes out to the victims and their families. There are not enough thoughts, prayers, or public policy to end this epidemic. We must put an end to gun violence."
RepJahanaHayes,1311446597675421697,2020-09-30 23:23:29,"Today, Education &amp; Labor Committee held a briefing on challenges facing domestic workers. These workers have been caring for our nation‚Äôs most vulnerable, in their homes, during this global health crisis. Ensuring their safety is a top priority. https://t.co/S55nDy77hh"
RepJahanaHayes,1311403328073617410,2020-09-30 20:31:32,"The #TRANSPLANTAct will continue the provision of lifesaving transplants to treat diseases like blood cancer, sickle cell anemia, and inherited metabolic or immune system disorders. This legislation provides hope to those who are struggling with life-threatening illnesses. https://t.co/t9i6ZnNZe9"
RepJahanaHayes,1311057663531376640,2020-09-29 21:37:59,"House Democrats released a new version of the #HeroesAct. This $2.2 trillion coronavirus response bill addresses the urgent needs of our communities and puts families first. We must act to get necessary relief to the American people.

https://t.co/aDjYtobiUD https://t.co/E5L63I1Tj6"
RepJahanaHayes,1311024341958701057,2020-09-29 19:25:35,"The bipartisan Helping MOMS Act is a historic step toward ensuring every mother in America has health coverage after giving birth.

My vote today will continue my commitment to expanding access to health care for postpartum women. 

https://t.co/OsSV41Y8tp"
RepJahanaHayes,1310952698028662787,2020-09-29 14:40:54,"On #WorldHeartDay I am reminded of my legislation, the Reducing COVID19 Disparities by Investing in Public Health Act. African American adults are 20% more likely to die from heart disease than non-Hispanic whites. This legislation begins to study and address these disparities. https://t.co/qi8KFm5F7P"
RepJahanaHayes,1309843798164484097,2020-09-26 13:14:31,"With COVID-19 on the rise, don‚Äôt forget to #WearAMask. https://t.co/1HCDLh9d19"
RepJahanaHayes,1308860079706386432,2020-09-23 20:05:35,"Today, the CDR John Scott Hannon Act and the Veterans COMPACT Act were passed ensuring veterans have access to mental health care. They are a joint House and Senate effort and include text from bills I introduced. https://t.co/TPWVEJYODx"
RepJahanaHayes,1308845358047473674,2020-09-23 19:07:05,"The impact that COVID-19 has had in our lives and communities can't be underestimated. Now, more than ever, we must ensure the rights of all Americans to accessible and quality health. #ACA https://t.co/Ej9B3Hd8ue"
RepJahanaHayes,1308437722353356806,2020-09-22 16:07:17,"This #NationalSmallBusinessWeek, we recognize the countless small businesses in #CT05 that support our community. The #CARESAct was passed to guarantee small businesses have the financial support to endure the impact of this crisis.

*Images were taken prior to COVID-19 https://t.co/xPNPE2LoCO"
RepJahanaHayes,1308106599052050433,2020-09-21 18:11:31,The COVID-19 pandemic has created an economic crisis. The U.S. Department of Housing and Urban Development recently awarded funding from the #CARESAct to help our #CT05 families. https://t.co/p0gbvkcxDQ
RepJahanaHayes,1308089707553849345,2020-09-21 17:04:24,"The USDA announced an expanded round of COVID aid to farmers. Applications open Sept. 21. 

If you are a farmer or a rancher visit https://t.co/9DdiCvE7oI to apply. https://t.co/RQYKgNkXJ5"
RepJahanaHayes,1308079860078833665,2020-09-21 16:25:16,"Yesterday we remembered the devastation of #HurricaneMaria in Puerto Rico. Many lost their homes, belongings, and lives. Puerto Ricans are still recovering from that devastation as well as the earthquakes and the pandemic. Three years later and still so far from recovery. https://t.co/hNYe3dNLBX"
RepJahanaHayes,1307694493181845507,2020-09-20 14:53:57,"My experience and the experience of my staff underscore the need for a nat‚Äôl testing strategy with a coherent way to receive speedy, accurate results. This level of anxiety and uncertainty is untenable. I am asymptomatic, except for breathing issues which are being monitored."
RepJahanaHayes,1307694491063799808,2020-09-20 14:53:57,"Contrary to popular belief, MOC do not get tested regularly. In fact we are not mass tested at all in DC. Masks, social distancing &amp; frequent floor cleanings are the precautions that are taken in the House. I have taken every possible precaution and still contracted coronavirus."
RepJahanaHayes,1307694487838363650,2020-09-20 14:53:56,"This morning I received a positive COVID-19 test result and will be quarantined for the 14  days. 

After going to 2 urgent care centers yesterday, I finally got an appointment at a 3rd site and was tested this morning. https://t.co/Yiw9yNLglU"
RepJahanaHayes,1307363646935306241,2020-09-19 16:59:17,"Interested in applying to one of our nation‚Äôs service academies? Due to COVID-19, our office is not requiring SAT/ACT scores. For more information:¬†https://t.co/KGTYQdwiKR https://t.co/QChAcGI1qH"
RepJahanaHayes,1307054266754969607,2020-09-18 20:29:55,L'shana tovah to all who celebrate #RoshHashanah. Wishing you a healthy and sweet new year. üçéüçØ https://t.co/nejUkO4wWI
RepJahanaHayes,1307032495981047810,2020-09-18 19:03:25,"With advanced treatment options, people w/ HIV/AIDS are living longer, healthier lives, however, older adults still face challenges in HIV prevention, care, and treatment. Let‚Äôs Stop HIV Together. #StopHIVTogether #NHAAD https://t.co/jjO5kTzTWd"
RepJahanaHayes,1306655775968894978,2020-09-17 18:06:28,"I‚Äôm a proud co-sponsor of the Pregnant Workers‚Äô Fairness Act, this is a bipartisan approach to address reasonable accommodations because women should not have to choose between a healthy pregnancy and their livelihood. https://t.co/bL2jSxyqBq"
RepJahanaHayes,1306629025700380672,2020-09-17 16:20:10,"Since the beginning of the pandemic, discriminatory behavior and bigotry against Asian Americans continue to rise. It‚Äôs why I will be voting in support of a resolution introduced by @RepGraceMeng. It‚Äôs our responsibility to condemn anti-Asian bias. 
 
https://t.co/IaDvZ7NjMX"
RepJahanaHayes,1306610704741543944,2020-09-17 15:07:22,Our district staff joined the Farm to School Collaborative and the ‚Äúput local on your tray‚Äù initiative. They discussed their mission of putting locally grown #CT food in school meals to provide access to healthy food for all students. https://t.co/O1lVzcxag1
RepJahanaHayes,1306232933271982081,2020-09-16 14:06:14,"Want to help give your kids a strong and healthy start? Fill out the census - it determines the resources your community will get for schools, child care, and early learning. Visit https://t.co/asRoNkImPC to be counted today. https://t.co/hkiD5OkYNn"
RepJahanaHayes,1305578708288368643,2020-09-14 18:46:35,Our district staff met with three UConn Students and #CT05 last week to discuss accessible healthcare and future COVID-19 relief funding. Thank you for your advocacy. https://t.co/ZmbR7DraZB
RepJahanaHayes,1305204898477244418,2020-09-13 18:01:11,"With flu season quickly approaching and COVID-19 already here, let‚Äôs make sure we keep each other safe and healthy. https://t.co/P7NIWiF3f9"
RepJahanaHayes,1304796627635499014,2020-09-12 14:58:52,"The House presented solutions to addressing the impact of the coronavirus over 100 days ago, when the Heroes Act was passed. This bill reflects the true needs of the American people and allocates the resources necessary to address them. https://t.co/tDJyg0PFLx"
RepJahanaHayes,1304058511727513601,2020-09-10 14:05:52,"The Secretary of the State began mailing out absentee ballot applications to all eligible voters, be on the lookout next week for yours.
 
Voting in-person at the polls will still be available on election day; these options protect the health of both poll workers and voters. https://t.co/zMKKhHTjA4"
RepJahanaHayes,1303769990974369798,2020-09-09 18:59:23,"The pandemic‚Äôs impact on farmworkers underscores how a worst-case scenario can develop when an essential workforce is ignored. That‚Äôs why I intro‚Äôd the, Helping America‚Äôs Farmers Act &amp; the Reducing COVID-19 Disparities by Investing in Public Health Act.

https://t.co/UURB2f1qo7"
RepJahanaHayes,1303371838865670144,2020-09-08 16:37:16,COVID-19 has created unique challenges for elections. Local registrars need all the help they can get to ensure the safety and security of voters. If you are interested in becoming a poll worker for the Connecticut general election sign up today at https://t.co/96scTbkvE7 https://t.co/O5evnS54rT
RepJahanaHayes,1302947367524728832,2020-09-07 12:30:34,Happy Labor Day to all workers and a special THANK YOU to the front line and essential workers who have continued to serve our communities during this pandemic. #HappyLaborDay https://t.co/622yxX8K6r
RepJahanaHayes,1301974600725729288,2020-09-04 20:05:08,"Thank you to @SenBlumenthal, @MayorOLeary and Superintendent of @WaterburySchool Dr. Verna Ruffin for this timely discussion on closing the digital divide that has been exacerbated by COVID-19. https://t.co/6BTZ3mmd6l"
RepJahanaHayes,1301932978046742529,2020-09-04 17:19:45,"September is Hunger Action Month 
 
Food banks help ~42M men, women &amp; children put food on the table and fill the gaps for those living on a budget.
 
During the COVID-19 pandemic, CT food banks stepped up to ensure those facing food insecurity have access to nutritious food. https://t.co/kUNPrAUcS4"
RepJahanaHayes,1301582677888372741,2020-09-03 18:07:47,"In response to COVID-19, the Department of State reduced passport operations in March of 2020. As a result many are experiencing longer wait times. You can check the status of your passport online, but if you have an emergency situation, please call my office. https://t.co/aS77CIfVPg"
RepJahanaHayes,1301264236006391809,2020-09-02 21:02:24,RT @rweingarten: Thank you @RepLoriTrahan and @RepJahanaHayes for the incredible roundtable discussion about teaching through #COVID19. We‚Ä¶
RepJahanaHayes,1300521468036603908,2020-08-31 19:50:55,"After two months of keeping COVID-19 under control, new cases in Connecticut have nearly doubled in the past week.
 
Please continue to practice social distancing, wear a mask, and wash your hands.

https://t.co/8AEUUGUscC"
RepJahanaHayes,1300086099096858624,2020-08-30 15:00:55,Did you know that wearing a mask protects others just as much as it protects you? Be considerate of your neighbors and prevent the spread of COVID-19. #WearAMask https://t.co/2kGNokx5kH
RepJahanaHayes,1299092554504376325,2020-08-27 21:12:55,"Complete your Census to determine future distribution of food programs, health care, government representation, housing, and other assistance to those communities where it is most needed. 

September 30th is the deadline. Complete the 2020 Census at https://t.co/XWVHKCeCgz. https://t.co/97ccHYNy5b"
RepJahanaHayes,1299045933238431744,2020-08-27 18:07:40,"The Federal Emergency Management Agency (FEMA) approved a grant on Monday allowing unemployed workers in Connecticut to collect an additional $300 a week in federal assistance during the COVID-19 pandemic.
¬†
For more information: https://t.co/zvCUcfK847"
RepJahanaHayes,1298995067026169863,2020-08-27 14:45:32,"August is Black Business Month. COVID-19 has hit minority-owned businesses particularly hard. By April 2020, the U.S. had lost an estimated 450,000 Black business owners.
We celebrate black businesses. #SupportBLKBusinesses 
https://t.co/Zr11dUxVGU https://t.co/iWrscIvULt"
RepJahanaHayes,1298638912714428416,2020-08-26 15:10:18,"CT-05 schools are returning in various capacities for what we can imagine will be an incredibly challenging year. I‚Äôm wishing our students, teachers, &amp; staff a happy, healthy &amp; productive school year.¬†This pandemic will pass &amp; schools will again be thriving learning environments. https://t.co/IxWBnKN8fV"
RepJahanaHayes,1297549325602562053,2020-08-23 15:00:41,"It‚Äôs Sunday, wear a mask. https://t.co/wnjABjC6h5"
RepJahanaHayes,1297212830312206336,2020-08-22 16:43:34,"The USPS is a vital service for all Americans. Like many of you, I am concerned about the sustainability of the USPS, especially during this national health crisis. Please take a look at my work to support the USPS and my thoughts on this issue.

https://t.co/jpAROPF8uv"
RepJahanaHayes,1296987999906017281,2020-08-22 01:50:10,"BREAKING: 

Public health officials have issued a COVID-19 alert in Danbury. The city reported 44 new cases on Friday, August 21st. 

Please take extreme precaution and stay at home as much as possible.

https://t.co/STBP1Bgm3B"
RepJahanaHayes,1296562665624678404,2020-08-20 21:40:03,"We must continue to put the health and safety of students, faculty and support staff above all else as we navigate the path to reopening schools. https://t.co/uGSyWRXjcM"
RepJahanaHayes,1296127095786135554,2020-08-19 16:49:15,"There are many reasons to #ThankAUnion
‚úÖFamily leave
‚úÖWeekends
‚úÖOvertime pay
‚úÖHealth and safety standards at the workplace
And so much more. I stand with my labor brothers and sisters. https://t.co/E422ed9icj"
RepJahanaHayes,1295753577462464512,2020-08-18 16:05:01,"Thank you, USPS workers, for ensuring Americans receive mail &amp; prescriptions throughout the COVID-19 pandemic. I co-sponsored H.R. 8015, The Delivering for America Act to maintain prompt &amp; reliable postal services during the pandemic. #DontMessWithUSPS @NALC_National @NRLCA https://t.co/t8WJpoUZiF"
RepJahanaHayes,1295352638108819461,2020-08-17 13:31:50,"I‚Äôve been fighting for months for adequate funding and proper precautions for school reopening. We must invest in the health and safety of students and faculty.

https://t.co/NlqeOpvuEG"
RepJahanaHayes,1295012669313908736,2020-08-16 15:00:55,"The HEROES Act provides critical funding to local municipalities to promote the testing and contact tracing efforts that are necessary to control the COVID-19 virus. 

#ProtectLocalGovernment https://t.co/x51sGW9MG8"
RepJahanaHayes,1294669714917134337,2020-08-15 16:18:08,The HEROES Act provides funding to ensure food security amidst this pandemic. Pass #HeroesAct now. https://t.co/griEpijQEM
RepJahanaHayes,1294635593071296513,2020-08-15 14:02:33,#Connecticut reported the first case of mosquitoes positive for EEE virus. Please take the proper precautions to protect yourself and your family. https://t.co/oWw20oGd1Z https://t.co/ufNPyPpEOb
RepJahanaHayes,1294269781567246341,2020-08-14 13:48:56,Social Security is fundamental to American life. A pandemic is NOT the time to cut funding.  #Happy85SocialSecurity https://t.co/so7huQkYqR
RepJahanaHayes,1293977363051622402,2020-08-13 18:26:58,"Robocalls, text messages, or emails offering free face masks? Social media posts about free #COVID19 testing kits, or personal protective equipment? These could be scams.
 Visit https://t.co/l4BOmbcUzI for tips on preventing #Medicare scams &amp; fraud.
https://t.co/7UvT6AGCOv"
RepJahanaHayes,1293609616836788230,2020-08-12 18:05:41,"I co-led a letter calling for the inclusion of the Child Care is Essential Act and the Child Care for Economic Recovery Act in the next COVID-19 supplemental package. Read more here: 
https://t.co/bUhV2Kzjvm"
RepJahanaHayes,1293577682031124482,2020-08-12 15:58:47,"Danbury‚Äôs Frankie DeMunda 12, crafted a device to protect against the spread of COVID-19. Thank you Frankie for using your woodworking talent for a great cause #CT05Excellence
Read more: https://t.co/MGny6hBlmA https://t.co/77LBTGFpfN"
RepJahanaHayes,1293251887383355404,2020-08-11 18:24:12,Home owners and renters are struggling due to COVID-19. The Executive Order signed by President Trump does not provide meaningful relief. https://t.co/QDPdJBw5zx
RepJahanaHayes,1293195846847270912,2020-08-11 14:41:30,"#Medicaid especially helps women, children and the disabled. We must pass the #HeroesAct to strengthen our most important social safety net during the #COVID19 pandemic. https://t.co/KjAaOatGZ4"
RepJahanaHayes,1292855038797320192,2020-08-10 16:07:15,"Join the Connecticut VA Healthcare System for a virtual Town Hall today from 3:00 to 4:00 PM

https://t.co/Z7PbKf5C94"
RepJahanaHayes,1292818544636375043,2020-08-10 13:42:15,It‚Äôs been 13 weeks since House Democrats passed the #HeroesAct.The Senate GOP HEALS Act fails to address the COVID-19 pandemic. The Senate must act now to pass the #HeroesAct. https://t.co/nFmQ1OIsQV
RepJahanaHayes,1292491754755719170,2020-08-09 16:03:42,"COVID-19 caused widespread financial strain on child care providers; capacity has been reduced &amp; many facilities have since closed. As a result, children &amp; families are suffering. The Senate must pass the #HeroesAct now. https://t.co/k304IQPDOG"
RepJahanaHayes,1292243778338787331,2020-08-08 23:38:20,"At some point, every worker will need to take time away from a job to care for their health, a child or a family member‚Äìbut millions still lack access to paid family and medical leave. Call your Senators and urge them to pass the #HEROES Act. https://t.co/am67fqoyIk"
RepJahanaHayes,1292162064354607104,2020-08-08 18:13:38,CT Department of Labor has extended the Pandemic Unemployment Assistance program for seven more weeks. Read more here: https://t.co/PI2dqoGaME
RepJahanaHayes,1291759158421848064,2020-08-07 15:32:37,"During this health and economic crisis, millions of families are struggling to keep food on the table. The Heroes Act will provide additional funding for SNAP and nutritional programs. https://t.co/ydHdpK9Hbk"
RepJahanaHayes,1291433791660142593,2020-08-06 17:59:44,A $10M pilot program of my Clean School Bus Act was approved by the House. Climate change has threatened the lives of our children &amp; the health of our environment for decades. The clean school bus act is a step towards addressing the emissions produced by diesel busses.üöå https://t.co/A1MC2Oxpti
RepJahanaHayes,1291424760568647686,2020-08-06 17:23:51,"Joined @LucyVN to discuss the things that are important @wherewelive~ the COVID19 pandemic, school reopening, Tropical Storm Isaias, and more.

Listen here: https://t.co/D3Ixazs3gE"
RepJahanaHayes,1291394534497189888,2020-08-06 15:23:44,#Medicare and #Medicaid are especially crucial during the #COVID19 Pandemic. We must pass the #HeroesAct now. https://t.co/y0ckYv7S3J
RepJahanaHayes,1291191517051260928,2020-08-06 01:57:01,"RT @wherewelive: Tomorrow, @RepJahanaHayes joins us for the hour. We'll talk school reopening, the economic impact of the pandemic, police‚Ä¶"
RepJahanaHayes,1291004437037641728,2020-08-05 13:33:38,"Testing, treatment, and tracing must be funded. House Democrats made this clear when we passed The HEROES Act 12 weeks ago. Senate must pass this legislation ASAP. https://t.co/A049Hkfdeg"
RepJahanaHayes,1290679894045790211,2020-08-04 16:04:01,"Due to border restrictions because of #COVID19, it was unclear if Gayle from Bethel would be able to see her daughter, and grandchildren anytime soon. Our office was able to help her family travel to the U.S. and be reunited. #HayesInYourHouse https://t.co/MbG0j4CORy"
RepJahanaHayes,1290329541819367427,2020-08-03 16:51:50,"Dr. Anthony Fauci will join Governor Ned Lamont today at 4:00 pm for a briefing on Connecticut‚Äôs response to the Coronavirus.

Watch Live: https://t.co/rUwbiXldkn"
RepJahanaHayes,1290320389562867712,2020-08-03 16:15:28,"It has been 12 wks since the House passed the #HEROESAct to provide direct assistance to the people. Senate Republicans introduced The HEALS Act, which fails to address issues Americans face due to COVID-19. This is unacceptable, the Senate must come back and pass the HEROES Act. https://t.co/C8m7wPdt16"
RepJahanaHayes,1289200603885793280,2020-07-31 14:05:50,"In the national conversations about the future of healthcare, it is critical that we recognize  #RacismIsAPublicHealthCrisis
Barriers created by unconscious bias in our healthcare have existed for generations. We have a unique opportunity to dismantle these inequities. https://t.co/U5rS9fNEyR"
RepJahanaHayes,1289189760276340737,2020-07-31 13:22:45,"Today the select subcommittee will hold a hearing on the urgent need for a national plan to contain the coronavirus.

Watch Live: https://t.co/Fq2gEcFDnu"
RepJahanaHayes,1288896059113177092,2020-07-30 17:55:41,"#OTD Medicare and Medicaid were signed into law. Today, these programs are an essential part of healthcare in this country and I am dedicated to protecting them. https://t.co/6MpcUhQA95"
RepJahanaHayes,1288839064624541697,2020-07-30 14:09:13,"Join me on @WTNH tonight at 7:00 PM for a Town Hall on Educating in a Pandemic.  
 
Watch: https://t.co/JZOIwxx4U1 https://t.co/XtzEghcnDV"
RepJahanaHayes,1288816523553968129,2020-07-30 12:39:38,"Good Morning
Wear A Mask  üò∑ üò∑ https://t.co/i8PLlhVRxo"
RepJahanaHayes,1288624402352017414,2020-07-29 23:56:13,"The COVID-19 pandemic will result in the loss of thousands of childcare providers and slots, &amp; have lasting consequences for the growth &amp; development of children &amp; the stabilization of the economy unless immediate, robust federal investments are made.
 https://t.co/gm6cfaF42G"
RepJahanaHayes,1288209949584228354,2020-07-28 20:29:20,"@JRosenworcel Two months ago, the House passed the #HeroesAct. Among many other things, it instructs the FCC to use #ERate to provide students with hotspots and modems to get connected during this pandemic. @JRosenworcel, school is just around the corner, what is next?"
RepJahanaHayes,1288203334722166787,2020-07-28 20:03:03,"@JRosenworcel The #homeworkgap needs attention. Millions of kids across this country can not do their homework or participate in class during this pandemic. So much of school during this time requires the internet. And this affects teachers too. @JRosenworcel, what are the latest stats?"
RepJahanaHayes,1288126762514132992,2020-07-28 14:58:47,We must extend the FPUC and ensure families are able to survive a long-term economic depression. We can‚Äôt punish workers for living through an unprecedented global health crisis. The Senate must take up the #HeroesAct now. (3/3)
RepJahanaHayes,1288126759561383943,2020-07-28 14:58:46,"At the end of this week, the $600 supplemental unemployment benefit and the moratoriums on evictions meant to get workers through this pandemic will expire. The Senate has refused to take up the Heroes Act, which would address these problems. (1/3)"
RepJahanaHayes,1287810077378916352,2020-07-27 18:00:23,Get educated about the mental health issues facing minority populations #MinorityMentalHealthMonth https://t.co/sSDYyj9FeU
RepJahanaHayes,1286763527676530689,2020-07-24 20:41:46,Today @EdLaborCmte held a virtual briefing on COVID-19 &amp; Native American students. Our focus was on ensuring the resources needed to safely reopen schools are available to tribal communities. https://t.co/GJHhdKyQrs
RepJahanaHayes,1286672335475376131,2020-07-24 14:39:24,Joining Chairman Neal and Moms Rising to discuss child care in the midst of COVID https://t.co/jrKe3qat5T
RepJahanaHayes,1286447188948717568,2020-07-23 23:44:45,RT @SierraClub: The disproportionate impact of air pollution on frontline communities has increased their risk of dying from #COVID19. @Rep‚Ä¶
RepJahanaHayes,1286333904958390279,2020-07-23 16:14:36,"We miss seeing you in person. Since March 10th, we stopped all in-person casework, but our office continues to work for you. If you need help navigating a federal agency regarding the Covid-19 pandemic, please reach out to us at (860) 223-8412 https://t.co/uwfp7dfMFc"
RepJahanaHayes,1285250069747441665,2020-07-20 16:27:50,Get educated about the mental health issues facing minority populations #MinorityMentalHealthMonth https://t.co/Ib24VrJFAs
RepJahanaHayes,1283748754382901249,2020-07-16 13:02:08,Small businesses are the backbone of our economy. The Paycheck Protection Program helped many businesses and their employees stay afloat through this pandemic. https://t.co/1I2TXDBdpJ
RepJahanaHayes,1282787807107391495,2020-07-13 21:23:40,Get educated about mental health and minority populations #MinorityMentalHealthMonth https://t.co/ahO9G198K8 https://t.co/CZJeoyMckp
RepJahanaHayes,1282047103058022402,2020-07-11 20:20:23,"I joined @rolandsmartin to discuss the impact of COVID-19 on reopening schools. Watch the full interview here: 
https://t.co/wiSjeg0VNS"
RepJahanaHayes,1281936651737092096,2020-07-11 13:01:29,"If you have to ask, wear a mask. Let‚Äôs all do our part in slowing the spread of COVID-19. https://t.co/sJCd3zJokX"
RepJahanaHayes,1280899588317229057,2020-07-08 16:20:34,"SCOTUS upheld a Trump administration rule that significantly cut back the ACA requirement that insurers provide free birth control coverage as part of health care plans. The fight to ensure affordable, reproductive healthcare is far from over.

https://t.co/ONeg8a1U6Q"
RepJahanaHayes,1280621038972403713,2020-07-07 21:53:43,"Excited about this grant to McCall Center to bolster telehealth efforts.
Removing barriers is crucial as we navigate this pandemic. Allowing ppl to safely visit Dr‚Äôs without worrying about social distancing or transportation will benefit so many in CT05 
https://t.co/Qq2sTNND83"
RepJahanaHayes,1280579439747903488,2020-07-07 19:08:25,"We were there to help small businesses during this pandemic. If you need help navigating a federal agency, please reach out to our office at 860-223-8412. #HayesInYourHouse https://t.co/vnz3CPT1fx"
RepJahanaHayes,1280175463705522179,2020-07-06 16:23:09,"July is Minority Mental Health Month üí≠ As we address disparities in minority communities, it is important to address the need for proper mental healthcare. #MinorityMentalHealthMonth https://t.co/G7vUgClLI6"
RepJahanaHayes,1279037583155175425,2020-07-03 13:01:37,"In response to COVID19 the  @IRS extended the deadline for filing a federal tax return and making payments to July 15. Taxpayers who are unable to meet the deadline can request an extension until Oct. 15, 2020. Learn more here: https://t.co/FGHCHn2lvh https://t.co/j6Nd3xLPnG"
RepJahanaHayes,1279005581572014081,2020-07-03 10:54:28,CT voters should not have to choose between their health and access to the ballot box. Thank you @SOTSMerrill for all you do to make elections safe. https://t.co/MPVFxPhOCA
RepJahanaHayes,1278766275427209216,2020-07-02 19:03:33,"My Clean School Bus Legislation has been recommended by @ClimateCrisis as they move toward a comprehensive plan for #SolvingTheClimateCrisis
 Climate solutions:
üë∑‚Äç‚ôÇÔ∏èüë©‚Äçüåæ put Americans back to work
üè†üè• make communities more resilient
üåéüë©‚Äç‚öïÔ∏èprotect public health
https://t.co/rUHxJwUnCc https://t.co/vlMu463zAK"
RepJahanaHayes,1278705743286452224,2020-07-02 15:03:01,"We were able to support community healthcare in #CT05 by bringing home much needed dollars. Equitable and accessible healthcare, especially during this pandemic, is my priority. #HealthAndHumanServices #HayesInYourHouse https://t.co/6K1qVPf2NA"
RepJahanaHayes,1278690712255639552,2020-07-02 14:03:17,"It should not have taken a concurrent civil rights, public health and unemployment crisis to draw attention to educational disparities. Let us seize this historic moment to move boldly and fearlessly towards our goal of equity. https://t.co/z053pn5glL"
RepJahanaHayes,1278317480579158018,2020-07-01 13:20:12,"Thank you to our diligent postal workers ‚úâÔ∏è Earlier this month, I signed onto a letter asking for $25 billion in emergency support to USPS during the COVID-19 crisis. I will continue to fight for you. #NationalPosterWorkersDay https://t.co/djKM4e2S0J"
RepJahanaHayes,1277613211613827074,2020-06-29 14:41:41,"SCOTUS upholds whole women‚Äôs health and protects access to crucial reproductive services in a 5-4 ruling.
#HealthcareIsAHumanRight
https://t.co/lxlSg4BqDV"
RepJahanaHayes,1276938790444007425,2020-06-27 18:01:46,"Yesterday, a federal judge denounced the Trump administration‚Äôs prolonged detainment of families in detention centers during the coronavirus pandemic. 

This ruling reduces the spread of COVID19 and ensures families are together. #KeepFamiliesTogether

https://t.co/mBCrncHC04"
RepJahanaHayes,1276863033676124160,2020-06-27 13:00:44,"Today is National #HIVTestingDay. Testing is the first step to maintaining a healthy life and preventing the spread of HIV. 
 
To find a testing location near you please visit: https://t.co/hgxZfguZ1y or https://t.co/k6PzUC1Rks. https://t.co/yuNrNbYoRI"
RepJahanaHayes,1276634124753797121,2020-06-26 21:51:08,Q3: What about the consequences from a mental health perspective? The importance of getting them out of the confines of their home and putting them around other kids and being around that environment. The health risks of not being in the class and the mental health implications. https://t.co/Hv3gyyx41o
RepJahanaHayes,1275459220171886592,2020-06-23 16:02:29,"Navigating federal agencies during  the COVID-19 pandemic has been tricky for so many. Our office is here to help. If you need help with a federal agency, please reach out to our office at (860) 223-8412. #HayesInYourHouse https://t.co/YddxLIdthQ"
RepJahanaHayes,1274314869349576705,2020-06-20 12:15:15,"It is vitally important in a democracy that the judicial system is fair, impartial and independent of all external pressures so the wider public can have confidence that their cases will be decided fairly and in accordance with the law.
#addthistothelist https://t.co/gTaR0Y8cOq"
RepJahanaHayes,1273677005247131649,2020-06-18 18:00:36,"Black transgender and gender non-conforming individuals experience extreme poverty, with rates eight times higher than the general population. Centering the economic, health, and safety issues of trans women of color is essential to building a movement that benefits everyone 1/2"
RepJahanaHayes,1273616093530251268,2020-06-18 13:58:33,"This week we honor Certified Nursing Assistants (CNAs) for their hard work and professionalism in the healthcare field. Thank you, Heroes.

Photo credit: @1199SEIU https://t.co/5z8TL1Lmzj"
RepJahanaHayes,1273270065257996289,2020-06-17 15:03:34,"TODAY: If you are a Latino Entrepreneur, please join @SBAgov for COVID-19 Resources in New England. 
 
Register Here: https://t.co/g40JnV21qJ"
RepJahanaHayes,1272995884851175437,2020-06-16 20:54:04,"@GovNedLamont reported the lowest number of COVID19 deaths today as the state prepares for a second round of business openings on Wednesday. Huge thanks to our healthcare workers for helping Connecticut get healthy and back to work.
https://t.co/BLRRYZiKyg"
RepJahanaHayes,1272589440003776512,2020-06-15 17:59:00,"This #2020Census week let‚Äôs use our collective power to build, protect, and support our communities. Complete your #2020Census today to ensure our communities receive funding for fundamental human rights like healthcare and housing. #WhyCensusMatters https://t.co/cxHEADHbOD"
RepJahanaHayes,1270817716438552576,2020-06-10 20:38:48,"This week is #MensHealthWeek an opportunity to raise awareness of the health issues affecting our men and boys. Please join us in spreading the word about mental health, cardiovascular disease, cancer, &amp; more. Let‚Äôs keep the men in our lives healthy. https://t.co/5n8qhLWRwE"
RepJahanaHayes,1268278827496738816,2020-06-03 20:30:10,"RT @emiliemunson: @RepJahanaHayes, black mother, former teacher and wife of a police officer, says she's not protesting, she's praying and‚Ä¶"
RepJahanaHayes,1266108792145575937,2020-05-28 20:47:13,Rounded out a productive work week of virtual committee and stakeholder meetings by presiding over the Chamber donned in PPE. Doing everything I can to continue the work of the people in this COVID19 era. https://t.co/JUPa8GIjSE
RepJahanaHayes,1265747652072878081,2020-05-27 20:52:11,"Join me today at 5:30 PM on NBC Connecticut for my interview with Dominique Moody to discuss how COVID-19 is disproportionately affecting African American and Latino communities.

Watch: https://t.co/LV4c4fawcP"
RepJahanaHayes,1265733760286363654,2020-05-27 19:56:59,"We must be creative during this pandemic, to educate and remind people how important it is to fill out the #2020Census. https://t.co/6zcGa5JcL9"
RepJahanaHayes,1265723725762134017,2020-05-27 19:17:06,"I sent letters to the Director of the Census Bureau asking that they have a plan to ensure an accurate count despite the unprecedented health emergency, as well as a plan that includes hard-to-reach communities. #Census2020 #RaiseTheRate"
RepJahanaHayes,1263923991443628035,2020-05-22 20:05:36,"RT @RepMarkTakano: .@BetsyDeVosED distributing #COVID19 relief funding:

$13 billion
#COVID19
 relief $
 üìå
¬†¬†| _ _ _ _ _ _ _ _ _ _ _ _
¬†¬†¬†¬†‚Ä¶"
RepJahanaHayes,1263829229717925889,2020-05-22 13:49:03,It is EMS week üöë Thank you to our EMS workers who are working vigilantly against the COVID-19 pandemic. https://t.co/ifQb1GpyQR
RepJahanaHayes,1263561170277019651,2020-05-21 20:03:53,The #HeroesAct provides relief to students borrowers amidst the COVID-19 pandemic https://t.co/z3sdVEHvOe
RepJahanaHayes,1263528213294264325,2020-05-21 17:52:55,"@CVSHealth has added Burlington and  Danbury to their drive-thru COVID-19 test sites

https://t.co/v9U10IMxml"
RepJahanaHayes,1263514417788006401,2020-05-21 16:58:06,"Now, more than ever, we are going to need extensive wraparound mental health support services when schools reopen to support students who are experiencing trauma due to COVID-19. #AxiosEvents"
RepJahanaHayes,1263190873422118912,2020-05-20 19:32:27,The #HeroesAct provides funding so that even incarcerated individuals are safe during this pandemic https://t.co/Oh4t9nsDBI
RepJahanaHayes,1263184762203766790,2020-05-20 19:08:10,"The #HeroesAct funds the United States Postal Service, ensuring Americans receive their mail throughout the COVID-19 pandemic https://t.co/CUGJ7osTe8"
RepJahanaHayes,1263127770743390209,2020-05-20 15:21:42,"The Cares Act allocates $49 million to CT for elections prep amidst COVID-19, ensuring those with health concerns can vote safely
#AARPTownhall"
RepJahanaHayes,1263123532101431297,2020-05-20 15:04:52,We need to make voting safer. People should not have to decided between casting a ballot or their health. #AARPCTTownHall
RepJahanaHayes,1263123312605093891,2020-05-20 15:04:00,Gov. Lamont has said those who are 65 or older or have underlying health issues should not be required to go into the office. #AARPCTTownHall
RepJahanaHayes,1263122328009007105,2020-05-20 15:00:05,We need to continue research about this virus. There is so much we that we don‚Äôt know. We have to think long-term about COVID-19 to keep people safe and continue to practice social distancing. #AARPCTTownHall
RepJahanaHayes,1263116159014092800,2020-05-20 14:35:34,1 in 3 people hospitalized with COVID-19 were African Americans. This is why I introduced the Reducing COVID-19 Disparities by Investing in Public Health Act.  #AARPCTTownHall
RepJahanaHayes,1263113169905635330,2020-05-20 14:23:41,The Heroes Act includes $150 million for States to establish and implement Nursing Home Strike Teams to be deployed to skilled nursing facilities or within 72 hours of three residents or employees being diagnosed with or suspected of having COVID19. #AARPTownhall
RepJahanaHayes,1263111147714215936,2020-05-20 14:15:39,"70% of CT COVID-19 deaths occurred in senior care facilities. Yet nursing homes have reported just under 30 percent of the state's 37,000 cases. #AARPTownhall"
RepJahanaHayes,1263098612466225153,2020-05-20 13:25:51,"I‚Äôm happy to introduce the Increasing Access to Snap Delivery During COVID-19 Act. We must act during this pandemic so that SNAP participants have reliable access to food while maintaining social distancing.

https://t.co/wOYeAfjOdh"
RepJahanaHayes,1262870902330609665,2020-05-19 22:21:00,"Today I participated in an Environmental Policy Salon. As we navigate the COVID-19 pandemic, it is important to remember that any solution must include addressing the climate crisis with the urgency it demands. #WorkingFromHome https://t.co/MSL5ryKD0y"
RepJahanaHayes,1262790765559898113,2020-05-19 17:02:34,The #HeroesAct protects the safety of elections so that no American will be disenfranchised due to health concerns. https://t.co/SO2e7UdnYz
RepJahanaHayes,1262776571158573056,2020-05-19 16:06:10,The #HeroesAct responds to the current food security crisis by putting food on the table of Americans impacted by COVID-19. It gives $10 Billion to SNAP and excludes the $600 unemployment plus up from eligibility consideration https://t.co/sTqyggDV4j
RepJahanaHayes,1262764082341560323,2020-05-19 15:16:32,The #HeroesAct gives $7 Billion directly to Connecticut state and local authorities so they can continue to operate at full capacity while they fight COVID-19 https://t.co/MfeJOqIHmK
RepJahanaHayes,1262536366090485761,2020-05-19 00:11:41,Follow along as CT elected officials and community stakeholders engage in a critical discussion about CT during COVID19 https://t.co/GUjGs3sdj4
RepJahanaHayes,1262461406642950148,2020-05-18 19:13:49,"Calling the roll for today‚Äôs Ed &amp; Labor Member Briefing on COVID-19, Seniors, and Individuals with Disabilities.
Mrs. Hayes
Present
#NotinDCbutstillworking https://t.co/odGSyciqs8"
