repjimcooper,1322212072957030404,2020-10-30 16:21:38,"RT @MeharryMedical: Tomorrow, October 31st, Meharry has partnered with Temple Baptist Church to provide free COVID-19 testing to congregant‚Ä¶"
repjimcooper,1322173721881333761,2020-10-30 13:49:14,RT @Tennessean: Second round of pandemic food aid approved for Tennessee families https://t.co/3RoOCzJZtl
repjimcooper,1321819434458238977,2020-10-29 14:21:26,"RT @VoteEarlyTN: Polls are open. This is it - the LAST DAY to #VoteEarlyTN. You know what to do: make a plan, gather your people, mask up,‚Ä¶"
repjimcooper,1321148223344566272,2020-10-27 17:54:16,"We‚Äôre all depending on a #COVID19 vaccine so we can begin to fully recover. It‚Äôs unfortunate that it has become so politicized, especially by the President. https://t.co/Lul5DaeETd"
repjimcooper,1321110897780293633,2020-10-27 15:25:57,This can never happen again. I joined @SenWarren and @RepRoKhanna in urging leadership to provide the relief people need now and make sure we are prepared to respond to and stop the next pandemic.
repjimcooper,1321110896312287233,2020-10-27 15:25:57,We have the worst #COVID19 mismanagement of any nation on earth. Trump literally could have saved tens of thousands of lives had he taken this virus seriously and acted just weeks earlier. https://t.co/CGJWHtWNin
repjimcooper,1320826812113539072,2020-10-26 20:37:06,Open Enrollment for health care plans begins November 1! You have until December 15 to shop for 2021 coverage on https://t.co/JJLHCTOhXq
repjimcooper,1320765764035629056,2020-10-26 16:34:31,HBCUs have historically been underfunded - especially in research. Yet institutions like @MeharryMedical have still been leading the fight against #COVID19 without equal access to funding. https://t.co/nyt6HLD5wW
repjimcooper,1319657478494314497,2020-10-23 15:10:35,"It‚Äôs totally awesome to see @NASA_Astronauts voting absentee from space! However, many Tennessee voters still don‚Äôt qualify for an absentee ballot during the pandemic. So it is easier to vote in space than in Tennessee‚Ä¶wow. https://t.co/IRWiI0Cd90"
repjimcooper,1319642084765302788,2020-10-23 14:09:25,"RT @VUMChealth: As we face the #COVID19 pandemic ahead of November, we have a duty to protect our community and each other. Let‚Äôs stay safe‚Ä¶"
repjimcooper,1319642000413642754,2020-10-23 14:09:05,RT @WXNAfm: There‚Äôs one more week of early voting left in Nashville. üó≥ Grab your mask üò∑ &amp; your photo ID and head out to one of Nashville's‚Ä¶
repjimcooper,1316130244974333954,2020-10-13 21:34:37,"The application for Metro CARES Act funds for live music venues &amp; small businesses impacted by #COVID19 will be open at 10am CT tomorrow, Oct. 14. Funds are limited &amp; are first come, first served, so don‚Äôt wait. Application &amp; more info can be found here: https://t.co/rzgD689Sec."
repjimcooper,1316067424060551168,2020-10-13 17:24:59,RT @DavidsonVotes: Early Voting begins tomorrow! 13 locations will be open for 14 days. You'll find Poll Officials wearing masks/PPE; hand‚Ä¶
repjimcooper,1314637118132695041,2020-10-09 18:41:28,"Small businesses, including minority-owned businesses &amp; nonprofits, affected by #COVID19 can apply for a Supplemental Employer Recovery Grant. If your business received a grant through the TN Business Relief Program you still may be eligible. More info: https://t.co/8zBPs31rfM."
repjimcooper,1313856700135411712,2020-10-07 15:00:22,"RT @NashLGBTCC: Early voting starts next week! Before you and your family head to the polls to @VoteEarlyTN, make sure to bring your mask,‚Ä¶"
repjimcooper,1311805611940761605,2020-10-01 23:10:04,"TN has hundreds of independent music venues. From Memphis to Mountain City, we need to #SaveOurStages. They were the first to close due to the #COVID19 pandemic and will be the last to reopen. I fought hard for #SOS to be in the next #COVID19 relief bill. https://t.co/7YrD0u1lmI"
repjimcooper,1311712720006320130,2020-10-01 17:00:57,RT @MeharryMedical: We are excited to continue our partnership with local churches to provide free COVID-19 testing to congregants and surr‚Ä¶
repjimcooper,1311687018259374080,2020-10-01 15:18:49,The #IRS is sending letters to individuals who are eligible for #COVID19 stimulus checks with instructions on how to register to receive them. You DO NOT have to wait to receive a letter. You may register online by Oct. 15 using the Non-Filers tool: https://t.co/tPnoBO6y4V https://t.co/B09OpeNOi9
repjimcooper,1311682674009026561,2020-10-01 15:01:34,"Families desperately need food, stimulus checks, and other relief while we battle the #COVID19 pandemic, not more shameless self-promotion by this president. https://t.co/PYwME0oApY"
repjimcooper,1311383954583420928,2020-09-30 19:14:33,"Today would have been SPC Guillen‚Äôs 21st birthday. The I am Vanessa Guill√©n Act establishes independent investigations &amp; prosecution of military sexual violence, and overhauls the handling of missing servicemembers cases. Congress must fight for all servicemembers. https://t.co/m7uokkYbNR"
repjimcooper,1310957132792160257,2020-09-29 14:58:31,The #IRS is sending letters to individuals who are eligible for #COVID19 stimulus checks with instructions on how to register to receive them. You DO NOT have to wait to receive a letter. You may register online by Oct. 15 using the Non-Filers tool: https://t.co/oTLCKWpKFQ https://t.co/EFyEhJ79cb
repjimcooper,1309553601401049088,2020-09-25 18:01:23,The deadline for small businesses to apply for #COVID19 relief funds from the Tennessee Business Relief Program has been extended to Sept. 30. See if your business is eligible here: https://t.co/GJz7qn2nUI
repjimcooper,1309516421303590912,2020-09-25 15:33:39,RT @repjimcooper: The #SaveOurStages Act would provide $10 billion in relief for music venues while we face the #COVID19 pandemic. Some ven‚Ä¶
repjimcooper,1309142527719673859,2020-09-24 14:47:55,Middle Tennesseans call or text me about this every day. We have had the worst #COVID19 management of any nation.
repjimcooper,1308515644892119040,2020-09-22 21:16:55,We can and must keep the Supreme Court from veering more to the right and killing our health care.
repjimcooper,1308515563753398274,2020-09-22 21:16:36,"The best ways to stop McConnell &amp; the anti-health care Repubs are
A) raise hell in the Senate to prevent a quick replacement of RBG, 
B) help more Americans understand that they will all need health care, especially people w/ pre-existing conditions (which is almost everyone!)."
repjimcooper,1308514862738427905,2020-09-22 21:13:48,"On Nov. 10, the Supreme Court will hear a Texas case that could cripple, even kill, the ACA, the Obama-led law that has done more to provide health care for all than anything in our country's history. We need to make sure that the anti-health people don't win in the Court in Nov."
repjimcooper,1308514329227145222,2020-09-22 21:11:41,Getting health care for all is the number one issue in the November election. Democrats are for universal coverage; Republicans are not.
repjimcooper,1308149604354056192,2020-09-21 21:02:24,The #SaveOurStages Act would provide $10 billion in relief for music venues while we face the #COVID19 pandemic. Some venues are at risk of closing their doors for good without this assistance. Who supports this bill from Tennessee? https://t.co/wx8BGPSqaN
repjimcooper,1308137879177252868,2020-09-21 20:15:49,"The Mixed Earner Pandemic Unemployment Assistance Act would give musicians, self-employed and gig workers unemployment assistance. Why doesn‚Äôt the entire Tennessee delegation support this bill? https://t.co/eMvd6bwvsS"
repjimcooper,1308131862901149703,2020-09-21 19:51:54,The RESTAURANTS Act would provide $120 billion to the restaurant and hospitality industry. Who from Tennessee supports this bill? https://t.co/Mc5RxQ5UoK
repjimcooper,1308125920901967872,2020-09-21 19:28:18,"RT @VUMChealth: Tennesseans have the advantage of a 14-day early voting period, which helps us avoid crowds and long lines on Election Day‚Ä¶"
repjimcooper,1308099754111520773,2020-09-21 17:44:19,Music venues and restaurants are at risk of closing their doors forever. The #RESTART Act gives these and other small businesses a vital lifeline to stay afloat while we face the #COVID19 pandemic. Why doesn‚Äôt the entire Tennessee delegation support this bill? https://t.co/TY9N5ZvR3T
repjimcooper,1306703533144711171,2020-09-17 21:16:14,Since the start of the #COVID19 pandemic there has been an increase of threats and attacks against Asian Americans. Today the House passed a resolution condemning the anti-Asian rhetoric and hate that has been fueled by President Trump. Bigotry and hate have no place in America. https://t.co/SOsX61SKfn
repjimcooper,1306666041653833728,2020-09-17 18:47:15,"Postmaster General DeJoy was CEO of New Breed Logistics, which was acquired by XPO in 2014. Multiple documented cases of pregnancy discrimination took place on his watch at one of his warehouses in TN. President Trump didn‚Äôt drain the swamp. He brought the swamp to Washington."
repjimcooper,1306316474215206912,2020-09-16 19:38:12,Zoos and aquariums are particularly vulnerable to financial ruin due to #COVID19. I joined my colleagues in urging leaders to include targeted relief for the @NashvilleZoo and others around the country. Zoos can‚Äôt stop caring for their animals because the economy is bad. https://t.co/CKT7EkFw4L
repjimcooper,1303876041883234305,2020-09-10 02:00:47,"Victory for voting rights in TN tonight by Judge Richardson, a Trump appointee. If the decision stands, now first time voters who qualify can vote absentee with no cumbersome work arounds, as long as they are eligible due to health concerns.
https://t.co/Hcx2k7jpGh"
repjimcooper,1303813143265767425,2020-09-09 21:50:51,"Nobody has access to presidents like Bob Woodward and Trump is already squirming. Nixon had Vietnam and Watergate but Trump‚Äôs negligence on #COVID19 has already given us more casualties than Vietnam, Korea, Iraq and Afghanistan. https://t.co/zk16KreEZr"
repjimcooper,1303013213232132096,2020-09-07 16:52:13,"On this Labor Day amid a deadly pandemic, I want to especially honor all the medical professionals, frontline and essential workers who are risking so much to keep us safe and healthy. I deeply appreciate your sacrifice and service."
repjimcooper,1301945297808044032,2020-09-04 18:08:42,"Providing masks, thermometers and cleaning supplies is one of the most important things we can do to protect our kids and teachers when they go back to school and should absolutely be considered ‚Äòemergency protective measures.‚Äô"
repjimcooper,1300534422219960320,2020-08-31 20:42:23,"Some TN small businesses that lost income as a result of COVID-19 mandatory closures are eligible for funding through the Tennessee Business Relief Program, but the deadline to certify is coming up on Sept. 25.  To see if your business is eligible, go to https://t.co/mlqOz72P3l."
repjimcooper,1299098852927123456,2020-08-27 21:37:57,"Even though @CDCgov changed its guidance, Nashvillians can still receive a #COVID19 test if you are asymptomatic. My colleagues &amp; I sent a letter to Director Redfield asking him for the reasons behind this counterproductive decision that could lead to further spread of the virus. https://t.co/jjUpueVAPI"
repjimcooper,1299045866259599360,2020-08-27 18:07:24,RT @DavidsonVotes: Davidson Co was given detailed guidance in April on how to vote nursing home residents amidst COVID-19. We register new‚Ä¶
repjimcooper,1299001300437303301,2020-08-27 15:10:18,RT @TNJusticeCenter: Have you had issues with Pandemic EBT? Were you denied? You can appeal your Pandemic EBT decision here: https://t.co/V‚Ä¶
repjimcooper,1298320424040902657,2020-08-25 18:04:45,.@EPAAWheeler‚Äôs rule guts sensible methane pollution standards and it should be withdrawn. Not only does it ignore science but goes against EPA‚Äôs mission to protect public health and the environment. https://t.co/ewUANh7ygv
repjimcooper,1296528358457647105,2020-08-20 19:23:43,"Public schools lack critical funding and that's been exacerbated by the pandemic. The next stimulus package should include funding for PPE for teachers and staff, a boost to the E-rate program to ensure virtual learning is a workable option, and special education funds.üìö https://t.co/9AsZM8Wphk"
repjimcooper,1296132548653875212,2020-08-19 17:10:55,"DeJoy‚Äôs behavior is totally outrageous. He is really there for one purpose‚Äîto sabotage the agency during a pandemic and right before the election. If he doesn‚Äôt step down, he should be removed. https://t.co/LAoAbqhjAn"
repjimcooper,1296106362376785926,2020-08-19 15:26:51,"Early voting is one of the most critical tools we'll have in Nov. It makes it possible for eligible voters to safely participate in our democracy &amp; limit #COVID19 health risks. By launching @VoteEarlyTN, we are hoping participants will make voting a celebratory event for all! https://t.co/HHPFGYh4Ho"
repjimcooper,1295853210285084672,2020-08-18 22:40:55,"Even while we battle the #COVID19  pandemic, the Trump Admin is still set on dismantling the ACA, denying healthcare benefits to LGBTQ+ Americans. This policy was discriminatory and I‚Äôm glad to know the rule of law stands. 

https://t.co/ycKE7YSuwy"
repjimcooper,1294309986856820742,2020-08-14 16:28:42,"Families with children who receive free or reduced meals at school may receive financial assistance to replace school meals through the Pandemic-EBT program, but the deadline is TODAY, 8/14, at 4:30 PM. To apply, visit: https://t.co/gWkLoTVPKX https://t.co/Q0DBhTWcO7"
repjimcooper,1293982939710214145,2020-08-13 18:49:08,"Only 60% of households in TN have completed the #2020Census. Because of cuts by the Trump administration, the Census Bureau now has limited time to reach unresponsive households in the middle of a pandemic. We need a fair and accurate count. Respond today: https://t.co/0LMGdrx8w2"
repjimcooper,1293279585342291971,2020-08-11 20:14:15,"The TN Community Cares Program is providing $150M in CARES Act federal funding to TN nonprofits that are responding to the #COVID19 pandemic, but the deadline for to apply is THIS Saturday, Aug. 15th. More info &amp; the application can be found here: https://t.co/Y1bYw4Rzfp"
repjimcooper,1293197806971363329,2020-08-11 14:49:18,Tennessee must expand Medicaid to beat COVID-19 | Opinion https://t.co/bxm4OYVIyV via @tennessean
repjimcooper,1292988705645432835,2020-08-11 00:58:24,"The Tennessee legislature should use this opportunity to help individual Tennesseans, not just companies, during the pandemic. EXPAND MEDICAID! https://t.co/fqsVlgXvof"
repjimcooper,1292823022122958848,2020-08-10 14:00:02,"If you receive unknown or unsolicited seeds from China, please call Tennessee‚Äôs State Plant Health Director at 615-907-3357. https://t.co/9M3eFyiYfZ"
repjimcooper,1291850187665813505,2020-08-07 21:34:20,We need to do everything we can to prevent hunger during the #COVID19 pandemic. I joined my colleagues @Ilhan &amp; @chelliepingree in urging Sec. Perdue to renew waivers for school meal programs through the next school year. It‚Äôs the only meal some children have access to. https://t.co/QAhxY7PpH6
repjimcooper,1291819373951438850,2020-08-07 19:31:54,"We need to keep the $1,200 monthly stimulus checks coming as well as the $600 weekly federal unemployment benefit. These two payments are keeping thousands of Tennessee families from total financial ruin during the pandemic."
repjimcooper,1291478643923914752,2020-08-06 20:57:57,I have repeatedly called for expanding SNAP benefits to help families in need during #COVID19. Millions of Americans are already facing food insecurity and now the cost of groceries is RISING. https://t.co/0u4LTvi1EX
repjimcooper,1291391254857744390,2020-08-06 15:10:42,"55 years after the enactment of the #VotingRightsAct, the right to vote is still at risk. Voting ID laws, purging voters from the rolls, making it hard to register, stopping mail-in voting during a pandemic are modern-day poll taxes and specifically designed to suppress the vote."
repjimcooper,1291375748100612096,2020-08-06 14:09:05,"Thanks, @yelyahwilliams! I support and have co-sponsored the #RESTART Act and #SaveOurStages. Our amazing venues, artists, and creators here in Music City need support as we battle COVID-19. https://t.co/Owu5Hm7TEB"
repjimcooper,1291373801784188930,2020-08-06 14:01:21,"It is unbelievable the TN Supreme Court is putting your health at risk. In the middle of a deadly pandemic, the Court has ruled that fear of covid will not be a valid reason to vote absentee in the November election."
repjimcooper,1290769183731482627,2020-08-04 21:58:49,"The Trump administration‚Äôs refusal of care rule expands the ways in which religious or moral objections can dictate care for patients, including women‚Äôs reproductive health and LGBTQ+ patients. The rule must be blocked and vacated.
https://t.co/X5LkuX39zq"
repjimcooper,1290712112017428485,2020-08-04 18:12:02,"PPP works well for a lot of businesses. But many, including independent music venues, need a forgivable loan program that‚Äôs more flexible and targets the smallest of businesses. I urge House leaders to include the RESTART Act in the next #COVID19 stimulus package. https://t.co/6GwYxjylW8"
repjimcooper,1290333872362856448,2020-08-03 17:09:03,The USPS is vital to ensure a safe election season this fall during the #COVID19 pandemic. The HEROES Act would give an additional $25 billion to USPS to continue operations. https://t.co/ClbVQurM0C
repjimcooper,1289945370798088193,2020-08-02 15:25:17,"Tennessee‚Äôs handling of the #COVID19 pandemic has been disastrous. The state did not act soon enough to close things down, then it moved too fast to open things up. The Governor still refuses a mask mandate, even when the Trump administration advises that he order one. https://t.co/MF3jbJfGYk"
repjimcooper,1288963856757399552,2020-07-30 22:25:05,The TN Dept. of Human Services needs to do more to help eligible families enroll in the P-EBT program. Families w/ children who receive free or reduced-price school meals may be eligible for financial assistance for previously missed school meals due to #COVID19.
repjimcooper,1288925139330048007,2020-07-30 19:51:14,Live music is the beating heart of Nashville but our independent venues have been hit hard by the #COVID19 pandemic.
repjimcooper,1288891929929961472,2020-07-30 17:39:17,Crazy talk from the White House while Americans are out of a job and losing loved ones due to #COVID19. Disgusting. https://t.co/gkDW6LnW31
repjimcooper,1288861730978881538,2020-07-30 15:39:17,"Medicaid provides health care for vulnerable Tennesseans &amp; we need to ensure coverage is protected during the pandemic. It is not the time for states to adopt new eligibility restrictions &amp; create unnecessary coverage disruptions. Now, more than ever, TN should expand Medicaid. https://t.co/GKR2IMWd65"
repjimcooper,1288583302362914816,2020-07-29 21:12:54,Community Health Centers have yet to receive dedicated funding from @HHSGov‚Äôs  Provider Relief Fund. This #COVID19 relief funding was meant for all health care providers but CHCs and other safety-net providers who treat our most underserved Tennesseans still need support. https://t.co/iq57LvFTnw
repjimcooper,1288459303821680641,2020-07-29 13:00:11,"Mitch McConnell‚Äôs #COVID19 package is dead on arrival. We need evictions stopped cold. Republicans do not understand real people with real problems.

https://t.co/F3XbkWO6WD"
repjimcooper,1288197430744416260,2020-07-28 19:39:35,"Despite tremendous interest, TN is fighting a court ruling permitting #COVID19 as an acceptable excuse for voting absentee in Nov. @GovBillLee &amp; @sectrehargett need to stop the anti-voting campaign &amp; accept many Tennesseans will need to vote absentee in Nov. as we fight #COVID19. https://t.co/oXUJG5xCQq"
repjimcooper,1286745383708786688,2020-07-24 19:29:40,"One of the bright spots on my way to vote is walking through the tunnel display of Congressional Art Competition winners, where Mattie Neal‚Äôs piece hangs on the wall. Her portrait of a young girl titled ‚ÄúLittle Sister‚Äù was last year‚Äôs winner for TN-05. #WearAMask https://t.co/FlZtOowAiK"
repjimcooper,1286745361936252928,2020-07-24 19:29:35,"As we continue to face the #COVID19 pandemic and tumultuous time in our country, I‚Äôm reminded of the joy Art brings to our community."
repjimcooper,1286674298934091779,2020-07-24 14:47:12,"RT @MeharryMedical: Tomorrow,  Saturday, July 25, Meharry has partnered with Lake Providence Missionary Baptist Church. Testing open to the‚Ä¶"
repjimcooper,1286351132592398342,2020-07-23 17:23:03,It is vital to expand telehealth programs while we face the #COVID19 pandemic. The CARES Act gave resources to great institutions like @MeharryMedical &amp; the HEROES Act would provide even more internet resources. The Senate needs to immediately pass the HEROES Act. https://t.co/UJsvIUJVcF
repjimcooper,1285998320310276096,2020-07-22 18:01:06,"RT @TheTNHoller: WATCH: 

@sectrehargett: ‚ÄúUnder Tennessee law law fear of contracting the virus is not an excuse to vote.‚Äù 

@SenAngusKing‚Ä¶"
repjimcooper,1285959026468061185,2020-07-22 15:24:58,I‚Äôm disturbed by @sectrehargett's testimony. USPS isn‚Äôt the problem. Hargett fighting tooth and nail to ban vote-by-mail during a pandemic is the problem.
repjimcooper,1285621707596861440,2020-07-21 17:04:35,"The CARES Act gave an estimated $650 million to local businesses that helped save more than 170,000 jobs when the #COVID19 pandemic hit Middle TN. The funds are running out and businesses still need help. We need the Senate to immediately pass the HEROES Act. https://t.co/3brSFlN5oL"
repjimcooper,1285337545551884289,2020-07-20 22:15:25,.@WFSKJazzy88 &amp; @NashvilleHealth will give away masks  tomorrow (7/21) outside @fristartmuseum from 10am-12pm. Details below! https://t.co/m41B2pIvqd
repjimcooper,1285267422254071808,2020-07-20 17:36:47,"The $600/week unemployment benefit from the CARES Act ends within 10 days. Instead of looking for solutions to help struggling Americans, Trump wants to undermine testing &amp; the CDC. Our country cannot safely reopen as long as the president rejects science.
https://t.co/1TlaH79MvV"
repjimcooper,1285250157647364096,2020-07-20 16:28:11,"The federal government has been keeping the country afloat while we face the #COVID19 pandemic. Our schools, health centers, nonprofits, and PEOPLE have received record aid. Unemployment benefits end this month unless the Senate acts and passes the HEROES Act ASAP. https://t.co/WaC8JPDu8F"
repjimcooper,1284854198459342849,2020-07-19 14:14:47,"We're recording the highest daily numbers of #COVID19 cases since the pandemic hit the U.S. From the start, the White House prioritized Trump's re-election over science and public health. A colossal failure of national leadership. https://t.co/p0mHK9FuvS"
repjimcooper,1284214711844851713,2020-07-17 19:53:41,The Trump administration is trying to hide everything because they don't want the American people to know how bad #COVID19 really is. This policy is dangerous and should be rescinded. https://t.co/PA95ZYzT6T
repjimcooper,1283777934176780289,2020-07-16 14:58:05,"If you live in a nursing home, according to @sectrehargett  you may not qualify for an absentee ballot ‚Äì despite a judge‚Äôs ruling that anyone can apply for an absentee ballot due to #COVID19."
repjimcooper,1283777931542695936,2020-07-16 14:58:04,"Nursing home residents are especially vulnerable to contracting #COVID19 so most are following health guidelines and not accepting visitors ‚Äì i.e., election officials. https://t.co/OVwZNfA5Oh"
repjimcooper,1283774474416984065,2020-07-16 14:44:20,"RT @tsucdc: Have you participated in an internship in 2019-2020? 
Tell us about it! 
https://t.co/OM4n2bc0Ca
PLUS a great opportunity to ap‚Ä¶"
repjimcooper,1283052134041346048,2020-07-14 14:54:01,Tennessee is being exposed as the 3rd worst state for voter suppression in the country. State officials should have followed the Nashville judge‚Äôs order to allow any Tennessean to vote via absentee ballot if they are afraid of #COVID19. The state did not comply. https://t.co/2Zzk89GaA1
repjimcooper,1282744752568512513,2020-07-13 18:32:35,"Everyone knew this bill was unconstitutional, which is why it was blocked as soon as it was signed. TN Republicans need to stop their war on reproductive health and try actually helping all Tennesseans get the care they need. https://t.co/4GNGulLpBX"
repjimcooper,1281604480086224897,2020-07-10 15:01:33,".@ICEgov's policy inflicts harm on international students, and is contrary to public health guidance from authorities within the Administration. I joined my colleague @RepPressley in a demand for answers to this policy change. Read the full letter here: https://t.co/gTsLd3aHLA"
repjimcooper,1281604479146745861,2020-07-10 15:01:33,"Changing the Student and Exchange Visitor Program to punish international students at colleges, universities, and other institutions that have decided to move their courses online in order to protect their communities from #COVID19 is callous."
repjimcooper,1281358388308389888,2020-07-09 22:43:40,"The Trump Admin ban on transgender military service members goes against recommendations of several former Surgeons General, military experts, &amp; healthcare orgs. It‚Äôs an attack on  service members risking their lives for our country &amp; it should be reversed immediately. #transban https://t.co/CMVx21ZEzi"
repjimcooper,1280865296342007808,2020-07-08 14:04:18,"RT @NashvilleHealth: The three Community Assessment Centers are open today from 9am to 3pm. It is free to get tested. 

If you haven‚Äôt been‚Ä¶"
repjimcooper,1280528172216397830,2020-07-07 15:44:41,"While Congress passed the CARES Act, it was the American taxpayers who provided much-needed funding to centers like @mwalkerhealth. CEO Katina Beard shares her appreciation and the need for these funds in our community: https://t.co/kY9cOzkAV7"
repjimcooper,1280259502860914688,2020-07-06 21:57:06,"ICYMI: @NIHDirector Dr. Francis Collins &amp; @NIAIDNews Director Dr. Anthony Fauci gave a research update on #COVID19 and answered some important questions. Watch here: 
https://t.co/bp1B3Wrt3n"
repjimcooper,1280227268854452231,2020-07-06 19:49:01,"Middle Tennesseans risk not getting our fair share of funding for roads, schools, hospitals, emergency preparedness &amp; disaster relief if we don‚Äôt have an accurate count from the 2020 Census. Have you responded?"
repjimcooper,1280132942547890178,2020-07-06 13:34:11,A global pandemic deserves a global response. I joined my colleagues to urge House leaders to include robust funding for international aid in the next emergency package. https://t.co/dH7b7LqloO
repjimcooper,1279476217515737088,2020-07-04 18:04:36,"Celebrate Independence Day with Music City as we honor healthcare heroes, first responders, and frontline workers with Nashville music from Keb' Mo', John Hiatt, Tenille Townes, and Lilly Hiatt. Watch the full show online or on @NC5 at 9pm. Happy July 4! https://t.co/FFcKRILZB8"
repjimcooper,1278723228626714625,2020-07-02 16:12:29,"RT @TNLookout: A Nashville judge has ruled any registered voter, regardless of age or health, can request an absentee ballot for the upcomi‚Ä¶"
repjimcooper,1278076198308982784,2020-06-30 21:21:25,HBCUs were already operating on tight budgets and #COVID19 has exacerbated the problem. Congress should pass the HBCU Capital Finance Debt Relief Act so that our awesome HBCUs have more money to support students. https://t.co/yJZMhvwYrC
repjimcooper,1278016607244165122,2020-06-30 17:24:38,"Facebook has an obligation to stop the promotion and spread of hate speech, conspiracy theories, and deadly misinformation across its platform. If Facebook doesn‚Äôt act on its own, Congress must step in and hold them accountable. https://t.co/VN3owRpRg6"
repjimcooper,1277990532384468992,2020-06-30 15:41:01,RT @TNLookout: The paycheck protection program was supposed to help small businesses stay afloat during COVID closures but a group of Congr‚Ä¶
repjimcooper,1277728002399494144,2020-06-29 22:17:49,Congress must address rising food insecurity in America. I joined my colleagues to urge House and Senate leaders to boost SNAP benefit levels during the COVID-19 pandemic. https://t.co/VTPZRjenGk
repjimcooper,1277714711753170950,2020-06-29 21:25:00,Minority communities are taking the brunt of the #COVID19 pandemic here in Nashville. They have less access to health care &amp; are more likely to get exposed as the country reopens. We must prioritize funding to decrease health disparities &amp; support our most vulnerable people. https://t.co/3oRsdCanaz
repjimcooper,1277694084837265408,2020-06-29 20:03:02,RT @NashDiaperBank: Tomorrow! Come join us and friends from @connectushealthcare @unitedhealthcare and @2harvestmidtn free curbside child v‚Ä¶
repjimcooper,1277642179540811776,2020-06-29 16:36:47,"Every race, gender and ethnicity should be represented in #COVID19 vaccine trials. We already know the virus affects people differently and it is the only way we will ensure the vaccine protects all communities. https://t.co/SxGGROTZRs"
repjimcooper,1277242774438531073,2020-06-28 14:09:42,"‚ÄúWe‚Äôre seeing a second outbreak and part of this is due to the macho behavior of Republicans. The fatal problem is the time lag because by the time people get religion on this issue, it‚Äôs too late and the epidemic has restarted.‚Äù - ‚Å¶@repjimcooper‚Å© https://t.co/vaj04hXHZY"
repjimcooper,1276905506800635911,2020-06-27 15:49:31,"RT @MeharryMedical: Our very own Dr. James E. Tyus, bringing joy through music at our testing site. Today, we‚Äôve partnered with First Bapti‚Ä¶"
repjimcooper,1276612424288874497,2020-06-26 20:24:54,"Child care is more important than ever as parents and guardians begin returning to work. We need to substantially increase our investment in safe and affordable child care as we face the #COVID19 pandemic, which is why I cosponsored the Child Care for Economic Recovery Act. https://t.co/i1jXLDWYLv"
repjimcooper,1276583170092216326,2020-06-26 18:28:40,"I supported the bipartisan CARES Act and am proud that it provided so much needed aid to our hospitals, including @NashGenHospital, during this time of #COVID19.

https://t.co/S8yvx6smo3"
repjimcooper,1276551462538051585,2020-06-26 16:22:40,"The Supreme Court has already upheld the Affordable Care Act. Trump is not only beating a dead horse, he is endangering the health of millions of Americans by trying to get the Court to reverse itself and overturn the ACA. https://t.co/BBijQ6GXQx"
repjimcooper,1274107912634449920,2020-06-19 22:32:52,"The TN General Assembly passed a blatantly unconstitutional ""fetal heartbeat"" bill. It bans abortion as early as five weeks, before most women even know they are pregnant. Politicians do not need to be involved in private healthcare decisions. https://t.co/zvcYfakmTu"
repjimcooper,1271561235465752577,2020-06-12 21:53:17,"On the day when we are remembering one of the worst attacks on the LGBTQ+ community &amp; in the middle of a public health emergency, the Trump administration stoops to a new low. No one should be discriminated against based on sexual orientation or identity. https://t.co/ySVinh6Qj7"
repjimcooper,1271555360726364165,2020-06-12 21:29:57,"RT @MeharryMedical: Tomorrow, Saturday, June 13,  free testing at Fairfield Missionary Baptist Church. 9am-1pm https://t.co/3yU8Klm9YV"
repjimcooper,1270745699920084992,2020-06-10 15:52:38,The #COVID19 pandemic has impacted everyone in our country and communities of color are being harmed disproportionately by this crisis. We must tackle these health disparities directly and prioritize policies in an equitable and just way. https://t.co/ful1229ffG
repjimcooper,1268916788248674310,2020-06-05 14:45:12,No one should have to choose between their health and voting this fall. I hope this decision will be upheld in court. https://t.co/JLrBmrtYhK
repjimcooper,1268306236195340289,2020-06-03 22:19:05,"3/3: Do we want him flouting Tennessee law or are we planning on bending our public health laws to stroke his ego? I put the health of our people, including Republicans, above the President‚Äôs ego."
repjimcooper,1268306235247546370,2020-06-03 22:19:05,"2/3: He thinks the rules don‚Äôt apply to him but, guess what? He is not above the law. Tons of people today are not wearing masks simply because he refuses. The only reason Republicans are even looking at Tennessee is that Trump is planning on flouting North Carolina law."
repjimcooper,1268306234358353921,2020-06-03 22:19:04,"1/3: My issue with Nashville possibly having the Republican Convention is not that they are Republicans, but that President Trump insists on violating the public health rules in virtually every state he visits."
repjimcooper,1267943409521754112,2020-06-02 22:17:20,"The abuse needs to stop! There is no place for police brutality, excessive use of force, and racial profiling, and it is sickening that incidents continue to plague black and brown people in our community. https://t.co/IBoJDk04ig"
repjimcooper,1266466162029801473,2020-05-29 20:27:17,A global pandemic needs a global response. We are abandoning our allies once again. https://t.co/uwzyiRZiYX
repjimcooper,1266466161161654273,2020-05-29 20:27:17,Withdrawing the U.S. from the world‚Äôs premier health organization in the middle of a global pandemic is a bad idea &amp; a deliberate distraction from the Trump administration‚Äôs mismanagement of the crisis.
repjimcooper,1266057916420968449,2020-05-28 17:25:04,We know voting by mail works and a recent Stanford study proves it doesn‚Äôt favor either political party. It is even more essential as we face the #COVID19 pandemic. Read the study here: https://t.co/rxQyIOHhuA.
repjimcooper,1265292413553250304,2020-05-26 14:43:14,"RT @NashvilleScene: .@repjimcooper assesses the congressional response to COVID-19: In his interview with @ElliottStephenB, the Nashville r‚Ä¶"
repjimcooper,1263894493058785281,2020-05-22 18:08:23,"We owe it to them to provide the health care, education, &amp; leave benefits they have earned. We remain reliant on, and grateful for our @NationalGuard https://t.co/1DvQGQUCjM"
repjimcooper,1263894492278665217,2020-05-22 18:08:23,"Since March, @TNMilitaryDept has activated nearly 1K National Guard members to provide 100% free &amp; voluntary testing to our communities. These citizen soldiers have answered the call during this pandemic."
repjimcooper,1263841318691917824,2020-05-22 14:37:06,Community Health Centers provide care for our most medically vulnerable individuals &amp; Middle TN has some of the best CHC facilities in the country. We must support them as we fight the #COVID19 crisis. https://t.co/XX5yaGvxUq
repjimcooper,1263580690353922048,2020-05-21 21:21:27,"Response rates for the #2020Census are down in Middle TN. We risk not getting our fair share of funding for roads, schools, hospitals, emergency preparedness &amp; disaster relief if we don‚Äôt have an accurate count. It‚Äôs quick &amp; easy to respond today: https://t.co/0LMGdrx8w2"
repjimcooper,1263552785615814658,2020-05-21 19:30:34,"I agree - I voted for the HEROES Act which has $75B for testing and contact tracing, in addition to fixing PPP and hundreds of billions in funding for state-local gov‚Äôts to help with COVID expenses and replace lost revenue. The Senate won‚Äôt vote on it. https://t.co/s0C5wnM0QS"
repjimcooper,1261467977104457735,2020-05-16 01:26:17,"4/4: The only thing that matters right now is defeating a dangerous virus, helping the people and small businesses that are hurting and financially at the end of their rope, and rescuing our economy."
repjimcooper,1261467975984590848,2020-05-16 01:26:17,"3/4: We have passed four #COVID19 relief bills with near unanimous support in both the House and Senate, but Republicans now seem more intent on saving their election chances than saving America."
repjimcooper,1261386681497858050,2020-05-15 20:03:14,"4/4: There are only a handful of states that have the qualifications to compete for Space Force &amp; SPACECOM HQ, so to tempt 45 other states during a time of record unemployment is senseless and cruel. Some states might even try to use pandemic funding to compete for the new HQ."
repjimcooper,1261309757488607233,2020-05-15 14:57:34,"RT @NashvilleHealth: If you are in need of a mask, volunteers will be handing them out at Metro Southeast (1417 Murfreesboro Pike) until 1p‚Ä¶"
repjimcooper,1261028048545230848,2020-05-14 20:18:10,"RT @SXMProgress: Talking about protecting inspectors general from political whims, responding to #covid19, and more w/ @repjimcooper of #te‚Ä¶"
repjimcooper,1260976600969027584,2020-05-14 16:53:44,"RT @BlueAngels: #Nashville! We‚Äôll be there in about 10 minutes to salute our #HealthcareHeroes and all those affected by #COVID19! 
Please‚Ä¶"
repjimcooper,1260240765822947329,2020-05-12 16:09:47,RT @MeharryMedical: Meharry‚Äôs testing site is open to the public Monday-Friday 9 am -3 pm https://t.co/yqYks47vPe
repjimcooper,1259966408617865219,2020-05-11 21:59:35,"The #COVID19 crisis continues to hit the vibrant arts &amp; cultural scenes hard. Places are closed &amp; artists, performers, &amp; others who are temporarily employed &amp; on contract, freelance, or self-employed are especially vulnerable. This big part of Nashville is hurting &amp; needs help. https://t.co/drWisdnswa"
repjimcooper,1259912531667189760,2020-05-11 18:25:30,"RT @nytopinion: In 2020, Nashville has faced not just pandemic but also tornados, bizarre weather patterns and power outages. @MargaretRenk‚Ä¶"
repjimcooper,1259889125123141632,2020-05-11 16:52:29,"Schools have been hit hard by the #COVID19 crisis. Costs for technology, training, student meal distribution &amp; cleaning services have increased exponentially. The K-12 system needs federal funds to provide schools w/ the needed lifeline to retain their workforce &amp; serve students. https://t.co/E6iysqKm4G"
repjimcooper,1258750173058138112,2020-05-08 13:26:42,Initial timelines &amp; limits put in place for small business assistance programs need revision as we face the #COVID19 crisis. I‚Äôve heard from several Middle TN businesses that need flexibility as they start to reopen. https://t.co/DhEGkhsqS4
repjimcooper,1258482038627319814,2020-05-07 19:41:14,"No one should worry about feeding their family while we face the #COVID19 crisis. I'm proud to cosponsor the FEED Act introduced by my colleagues @SenKamalaHarris, @SenatorTimScott, @RepMcGovern, @RepThompson,  @RodneyDavis &amp; @chefjoseandres. Help us feed America &amp; #EndHungerNow. https://t.co/Qg3Z8uql0o"
repjimcooper,1258474484924809217,2020-05-07 19:11:13,"RT @KFF: Explore our dashboard combining data for #COVID19 cases, deaths, testing, hospitalizations, and race/ethnicity into a single resou‚Ä¶"
repjimcooper,1258446838191001601,2020-05-07 17:21:21,"Homeowners should be able to defer missed payments to the end of a mortgage period while we face the #COVID19 crisis. Payments should be made at the same, evenly-distributed intervals as prior payments ‚Äì w/ no penalties, late fees, or additional interest. https://t.co/5YBvytKg3X"
repjimcooper,1258167684321198080,2020-05-06 22:52:06,Employers shouldn't make healthcare decisions for employees. The ACA gave access to affordable contraception &amp; this administration wants to rescind coverage. Women can make healthcare decisions for themselves &amp; I signed an amicus brief in support of that. https://t.co/WBVxtK1RVD
repjimcooper,1258132930918002694,2020-05-06 20:34:00,I have opposed the Trump administration‚Äôs Title IX changes from the beginning. Rolling back the Obama-era Title IX protections for sexual assault victims is dangerous &amp; makes students less safe. Rolling back the protections during a pandemic defies logic. https://t.co/Du3xMSXh8B
repjimcooper,1258071360217190403,2020-05-06 16:29:20,"RT @JohnCooper4Nash: Starting Wed., May 6, @NashvilleHealth will give away free cloth masks. Masks will be available at 8:00 am - 4:30 pm M‚Ä¶"
repjimcooper,1258051819646914560,2020-05-06 15:11:41,In the unforgiving light of the pandemic https://t.co/LVVdonfHeP via @tnlookout
repjimcooper,1257818816064688128,2020-05-05 23:45:49,"RT @SocialSecurity: Act by May 5, 2020! @IRSnews issues new guidance about #COVID19 Economic Impact Payments for Supplemental Security Inco‚Ä¶"
repjimcooper,1257763514783092738,2020-05-05 20:06:04,DREAMers are hard workers and many are going to college. They represent the best of America and shouldn‚Äôt be denied stimulus relief to help with unexpected expenses caused by #COVID19 because of their immigration status. https://t.co/SBwiVh27Lp
repjimcooper,1257739772749139968,2020-05-05 18:31:44,The president's global gag rule weakened the global health system &amp; closed clinics that treat child malnutrition &amp; HIV/AIDS. Global health funding should be exempt from the rule. Qualified organizations must receive resources to provide services to the most vulnerable people. https://t.co/BNKP2v4hWw
repjimcooper,1257661892635566084,2020-05-05 13:22:16,RT @MeharryMedical: Testing Site now open 5 days a week https://t.co/XwWWVAlQw2
repjimcooper,1257315678081544196,2020-05-04 14:26:32,The Emergency Economic Injury Grants &amp; EIDL Injury Disaster Loans (EIDL) were meant to provide help to small businesses &amp; non-profits impacted by #COVID19 within 3 days of an application. Small businesses are waiting &amp; it is unacceptable that people cannot get status updates. https://t.co/hNIeiYrLCC
repjimcooper,1256668842211848194,2020-05-02 19:36:14,"Ten years ago, Nashville pulled together with neighbor helping neighbor and strangers helping strangers. We rebuilt our community together then and are working on rebuilding together again as we face the COVID-19 crisis. https://t.co/U33n6G4Rkm"
repjimcooper,1256275761918590978,2020-05-01 17:34:16,RT @NashvilleHealth: After calling our hotline (615-862-7777) you might be directed to a Community Assessment Center. Scan the QR code or c‚Ä¶
repjimcooper,1256255178698903552,2020-05-01 16:12:29,"RT @CHCI: Today, CHCI announced the launch of our COVID-19 Response Fund! This initiative was developed to provide economic relief to Hispa‚Ä¶"
repjimcooper,1256208715524472836,2020-05-01 13:07:51,Cities &amp; states are relying on nonprofits to help mitigate the impact of the #COVID19 pandemic. Many of these organizations remain open to serve Middle Tennesseans during this crisis. They are doing a tremendous job &amp; are in desperate need of more resources. https://t.co/vgqC46YgZx
repjimcooper,1256206469810270214,2020-05-01 12:58:56,RT @RedCrossTN: The @RedCross is seeking people who are fully recovered from #COVID19 and may be able to donate plasma to help current pati‚Ä¶
repjimcooper,1255974006848700421,2020-04-30 21:35:12,"Ongoing testing, isolation, monitoring, &amp; contact tracing is necessary to contain the spread of #COVID19 until we have a vaccine. The actual number of Americans who have been exposed to or infected is still unknown. https://t.co/COGRoDGuIJ"
repjimcooper,1255926457685196802,2020-04-30 18:26:16,Research for a #COVID19 vaccine is in overdrive. Most other research has been slowed or stopped due to closures of college campuses &amp; laboratories. Congress must preserve our current scientific workforce &amp; ensure the U.S. is prepared to continue our global scientific leadership. https://t.co/jDG5kCq7JQ
repjimcooper,1255263858119368706,2020-04-28 22:33:20,"Tennessee has had limited mail-in voting for generations, and President Trump voted in the last election by mail. So why not expand mail-in voting now, when we need it most, so that voters and poll-workers can stay safer from the #COVID19 virus? https://t.co/nd2oRPEsum"
repjimcooper,1255196264993566720,2020-04-28 18:04:44,"Arts &amp; cultural organizations have been hit hard by social distancing &amp; stay-at home orders. It could be months before we go to the concerts, plays, or museums that make up a big part of Nashville. No one wants them closed forever due to #COVID19. https://t.co/WmdtYuN6i9"
repjimcooper,1253723719303913473,2020-04-24 16:33:22,"Social Security recipients &amp; low-income families may not get the $500 stimulus payment if they failed to complete a form by noon Wed., only 3 days after the #IRS notified the public of the deadline. An extension will support families as we try to slow the spread of #COVID19. https://t.co/j3pVkoHBrd"
repjimcooper,1253713857404702720,2020-04-24 15:54:11,"The Paycheck Protection Program (PPP) builds a bridge from where we were prior to the #COVID19 crisis to where we are going to be. Congress must remove arbitrary funding barriers, fully fund the PPP, &amp; ensure every eligible entity receives the funds and flexibility they need. https://t.co/Xd9JKdXlhU"
repjimcooper,1253695658671968260,2020-04-24 14:41:52,"8 In 10 Americans Support COVID-19 Shutdown, Kaiser Health Poll Finds https://t.co/N0CCKL3tDP"
repjimcooper,1253693567387795456,2020-04-24 14:33:33,"House lawmakers, returning to D.C. in the midst of a pandemic, donned masks and kept their distance from others as they prepared to approve the next infusion of aid for small businesses and hospitals  https://t.co/8hRnTFsEv6 via @WSJ"
repjimcooper,1253464889449951233,2020-04-23 23:24:52,"This is the latest COVID-19 relief effort, which follows the largest economic relief bill in America‚Äôs history. We also know that it doesn‚Äôt help everyone or every small business that needs it. We will begin to work on the next relief bill right away. https://t.co/xTjzhCU6ev"
repjimcooper,1253447945053253632,2020-04-23 22:17:32,I am going into the Capitol to vote for the next wave of #COVID19 relief funds. https://t.co/BDZA6AmNnO
repjimcooper,1253413220716437510,2020-04-23 19:59:33,I am approaching the Capitol to go vote for the next wave of #COVID19 relief funds. More later. https://t.co/aHDSsniatt
repjimcooper,1253408526136774657,2020-04-23 19:40:54,I‚Äôm on my way to vote for the next wave of #COVID19 relief funds. More later. https://t.co/lsORcQH5s1
repjimcooper,1253398061260423170,2020-04-23 18:59:19,"RT @mvalliance: .@DrCHWilkins joins @HaroldLoveJr and @MeharryMedical 's Stephanie Bailey, MD, MSC for a COVID-19 Webinar on April 30 at 12‚Ä¶"
repjimcooper,1253390147753857026,2020-04-23 18:27:52,I‚Äôm in D.C. preparing to vote for more #COVID19 relief funding. More later. https://t.co/2qBKbHsUkR
repjimcooper,1253337127443550210,2020-04-23 14:57:11,"With nearly a million uninsured Tennesseans prior to the #COVID19 crisis &amp; millions more Americans filing for unemployment each week, we must protect Medicaid. This lifeline provides health care coverage for those who need it most."
repjimcooper,1252954156798803968,2020-04-22 13:35:24,RT @JamesEKHildreth: Pleased to be featured in Wall Street Journal to discuss Covid-19‚Äôs outsize toll on people of color and why a vaccine‚Ä¶
repjimcooper,1252647878104944640,2020-04-21 17:18:21,"If you recently lost your health insurance or had a change in your income due to #COVID19, you may qualify for a special enrollment period for health insurance: https://t.co/RU7KQ2gpYp"
repjimcooper,1252266141327777792,2020-04-20 16:01:28,"RT @FTC: Join @FTC, other agencies and partners for a Twitter chat on coronavirus-related scams on Wed., April 22 at 3pm ET! We'll discuss‚Ä¶"
repjimcooper,1252242489244880896,2020-04-20 14:27:29,"RT @US_FDA: If you have fully recovered from #COVID19, you may be able to help patients currently fighting the infection by donating your p‚Ä¶"
repjimcooper,1251180459398234112,2020-04-17 16:07:21,RT @NashvilleHealth: Our community assessment hotline is taking calls until 7pm today. The number is (615) 862-7777. https://t.co/rN8FQ4qofb
repjimcooper,1251153864289431563,2020-04-17 14:21:41,"RT @JohnCooper4Nash: Mi oficina cre√≥ un diagrama de flujo de recursos financieros COVID19 para guiarlo a nivel local, estatal y federal. Vu‚Ä¶"
repjimcooper,1251153834426023948,2020-04-17 14:21:34,RT @JohnCooper4Nash: Learning where to turn for financial help during the COVID19 pandemic may be daunting. My Office created a COVID19 Fin‚Ä¶
repjimcooper,1250861837068972032,2020-04-16 19:01:16,American families need these stimulus checks to help them get through the uncertain economic conditions caused by the #COVID19 pandemic. Bad actor lenders and private debt collectors should not be allowed to intercept or garnish these payments that families need. https://t.co/ixNNEOITj7
repjimcooper,1250828750180233222,2020-04-16 16:49:47,RT @MeharryMedical: NBC News highlights Meharry‚Äôs efforts in the fight against COVID19 https://t.co/M2OJZ6i3JU
repjimcooper,1250544658024980485,2020-04-15 22:00:55,"RT @VUHealthPol: Let's help educate others about what it means to be #socialdistancing, #quarantining, and isolating. Use, share and distri‚Ä¶"
repjimcooper,1250483677525614594,2020-04-15 17:58:36,The @AmerMedicalAssn is right. ‚ÄúFighting a global pandemic requires international cooperation and reliance on science and data. Cutting funding to the WHO ‚Äì rather than focusing on solutions ‚Äì is a dangerous move at a precarious moment for the world.‚Äù https://t.co/lUHLCEYJWs
repjimcooper,1250153937229033475,2020-04-14 20:08:20,RT @HouseBudgetDems: 17 MILLION Americans have now applied for unemployment benefits because of the #coronavirus pandemic. As Americans str‚Ä¶
repjimcooper,1250136890776473600,2020-04-14 19:00:35,RT @RedCrossTN: The American Red Cross is seeking people who are fully recovered from #COVID19 and may be able to donate plasma to help cur‚Ä¶
repjimcooper,1249807684838326274,2020-04-13 21:12:27,Urging every American to do their part &amp; wear a mask in public is an important way @CDCgov can continue to slow the spread of #COVID19. @fema is working on supply chains &amp; one should be available for every American while ensuring health care providers receive what they need. https://t.co/AsWgkUQ2xX
repjimcooper,1249724942163345410,2020-04-13 15:43:39,"College students home due to #COVID19 should NOT be included on their parents‚Äô #2020Census. If the student lived off campus, they respond as though they are at that location. If they lived on campus, they will be counted by the school. Questions? Visit https://t.co/5uUFWBf4An."
repjimcooper,1249016799871619074,2020-04-11 16:49:45,I joined 92 colleagues to request $125 billion in housing assistance in the next stimulus package. This helps landlords stay solvent; shelters that are overwhelmed; and renters and low-income families who are worried they might lose their home due to the #COVID19 crisis. https://t.co/IssVU5JphH
repjimcooper,1248742320779988992,2020-04-10 22:39:04,"Families could lose thousands of dollars they put away for daycare, summer camps, or before/after-school care due to #COVID19. I joined a letter asking @USTreasury &amp; #IRS to revise their use-it-or-lose-it rules &amp; give flexibility to families for their dependent care funds. https://t.co/7KerG8tsE6"
repjimcooper,1248732425305415680,2020-04-10 21:59:45,"RT @VUHealthPol: Based on current, unique modeling our faculty have recommendations about how and when #Tennessee can relax #socialdistanci‚Ä¶"
repjimcooper,1248731944034197504,2020-04-10 21:57:50,Vanderbilt Projection Finds Transmissions Still Must Slow To Avoid Stressing Hospitals https://t.co/4FyHbzxS6Z
repjimcooper,1248621202131705866,2020-04-10 14:37:47,RT @BriteHeartNow: Watch live as #Nashville Mayor @JohnCooper4Nash provides an update on our city's response to the #COVID19Pandemic https:‚Ä¶
repjimcooper,1248618123294461955,2020-04-10 14:25:33,"RT @Tennessean: Nashville landmarks shined bright in blue Thursday to thank first responders, healthcare workers and essential staff battli‚Ä¶"
repjimcooper,1247899340523229184,2020-04-08 14:49:22,"RT @NashvilleHealth: Having trouble finding all of your WIC benefits at the grocery store? 
Good news! Additional food items have been temp‚Ä¶"
repjimcooper,1247506733171433474,2020-04-07 12:49:17,This is brazen voter suppression. Every vote should be counted and this is a terrible precedent to set while we face the #COVID19 pandemic. People should not have to choose between their lives and their vote. https://t.co/2hMXZ3nFLy
repjimcooper,1247170810525212672,2020-04-06 14:34:27,"RT @MNNGov: Watch the April 6, 2020 Metro Nashville COVID-19 update on our channel, https://t.co/msDXTsYpEq, or through @JohnCooper4Nash‚Äôs‚Ä¶"
repjimcooper,1246884733147140097,2020-04-05 19:37:41,RT @NashvilleHealth: Our #COVID19 #Coronavirus assessment hotline will be taking calls today from 7am to 7pm. The number is (615) 862-7777.‚Ä¶
repjimcooper,1246046730157776898,2020-04-03 12:07:45,"Students &amp; families are already struggling to meet basic needs ‚Äì including food, housing, &amp; health care. Safeguarding students‚Äô rights is important and @usedgov should not gut Title IX funding during the #COVID19 crisis. https://t.co/jOh02upsff"
repjimcooper,1245809652211822594,2020-04-02 20:25:41,"Some states still aren‚Äôt taking the COVID-19 pandemic seriously enough and too many lives are at risk, which is why a national stay-at-home order is needed."
repjimcooper,1245786677513240577,2020-04-02 18:54:24,RT @repjimcooper: REMINDER: Several resources to get access to the internet are available at little to no cost while the #COVID19 health cr‚Ä¶
repjimcooper,1245728364482224138,2020-04-02 15:02:41,"RT @KFF: Medicaid expansion could be a critical pathway to coverage of #COVID19 testing and treatment for low-income people.
 
It's associa‚Ä¶"
repjimcooper,1245486864817102852,2020-04-01 23:03:03,RT @MetroArtsNash: Join us for a webinar on the #CARESAct #coronavirus relief package &amp; how it relates to Nashville‚Äôs arts sector! Speakers‚Ä¶
repjimcooper,1245425264118697987,2020-04-01 18:58:16,"RT @JohnCooper4Nash: Our Metro #COVID19 Task Force, in partnership with area health care systems and medical colleges, has launched three C‚Ä¶"
repjimcooper,1245388905844793345,2020-04-01 16:33:48,"RT @NashvilleHealth: The new assessment center at 2491 Murfreesboro Pike is now open, but the system still runs the same.
You should first‚Ä¶"
repjimcooper,1245095827028283393,2020-03-31 21:09:12,The EPA must take its responsibility to protect the health and welfare of our communities seriously by continuing necessary enforcement on those who violate our critical environmental laws. https://t.co/HIv38gfktI
repjimcooper,1245095809445748742,2020-03-31 21:09:08,The EPA‚Äôs reckless decision to roll back enforcement actions during the #COVID19 pandemic puts all Americans‚Äô health at risk &amp; creates a dangerous precedent for future national emergencies.
repjimcooper,1245087793434542081,2020-03-31 20:37:17,Here‚Äôs how to get a small business loan under the $350 billion coronavirus aid bill - ‚Å¶@washingtonpost‚Å© https://t.co/qrSMcfsAms
repjimcooper,1245036373851156486,2020-03-31 17:12:57,ATTN: #DACA recipients can renew applications during #COVID19 office closures. @USCIS will reuse previously submitted biometrics to process work authorization applications. https://t.co/kN9daA61QK
repjimcooper,1245019610828636162,2020-03-31 16:06:21,"RT @NashvilleHealth: As we continue to track the #COVID19 #Coronavirus in Nashville, this chart shows both confirmed cases and the number o‚Ä¶"
repjimcooper,1244734327574933505,2020-03-30 21:12:44,RT @DougKreulen: If you are a Small Business working at ‚Å¶@Fly_Nashville‚Å© here‚Äôs a great link to help you deal with Coronavirus (COVID-19).‚Ä¶
repjimcooper,1244705477147181056,2020-03-30 19:18:05,Coronavirus Scams: What the FTC is doing https://t.co/rkNjB4wUfb
repjimcooper,1244650143946878979,2020-03-30 15:38:13,"RT @MeharryMedical: Meharry Medical College‚Äôs COVID-19 assessment site is open to the public. Mon, Weds and Fri 9am - 3pm. Residents should‚Ä¶"
repjimcooper,1244633496875827206,2020-03-30 14:32:04,"RT @MNNGov: Watch the March 30, 2020 COVID-19 Metro Nashville update: https://t.co/tw0y2m4Qhs"
repjimcooper,1244314782557241345,2020-03-29 17:25:37,RT @ecfite: Eyes are on what hospitals are doing to prepare for COVID-19 after horror stories emerged from Italian and now some US hospital‚Ä¶
repjimcooper,1244282190504083457,2020-03-29 15:16:06,I recommend everyone review this information. Tennessee is 22 days away from peak hospital resource use. https://t.co/8hYkycd0hP
repjimcooper,1243690208119459840,2020-03-28 00:03:46,Those actions were for public health. These EPA rollbacks would do exactly the opposite. https://t.co/4f2kScP8Fh
repjimcooper,1243690207192498176,2020-03-28 00:03:46,"During the #COVID19 pandemic, some federal agencies have suspended regulations to increase access to health care, encourage people to stay home &amp; help our nation grapple with the effects this deadly disease."
repjimcooper,1243674045020766212,2020-03-27 22:59:33,"The CARES Act passed the House today &amp; immediately authorizes $2 trillion in payments &amp; aid to individuals &amp; families, grants &amp; loans to small businesses, &amp; funding for hospitals impacted by the outbreak of this virus. Here‚Äôs a breakdown of how the funds will be used: https://t.co/aayR4CXpJX"
repjimcooper,1243668548825894912,2020-03-27 22:37:42,"Coronavirus is an unprecedented pandemic, and this is an unprecedented bill. It is the largest economic relief bill passed in America‚Äôs history."
repjimcooper,1243654955556392962,2020-03-27 21:43:42,"UPDATE: Resources are available for families, individuals, and businesses affected by the #COVID19 outbreak. Find an updated list of available resources here: https://t.co/yFAZOPfJvi"
repjimcooper,1243640079823839232,2020-03-27 20:44:35,"RT @washingtonpost: Calculate how much you‚Äôll get from the coronavirus checks

https://t.co/fBmgCAriFF"
repjimcooper,1243584287087177728,2020-03-27 17:02:53,ATTN: Great resources - from how to talk to young children about #COVID19 to what you should do if you have symptoms - are available in 30+ languages here: https://t.co/6yS1FA8Ah1 https://t.co/a9P6baTsqQ
repjimcooper,1243277898246754305,2020-03-26 20:45:24,"Tennesseans who were employed as of March 11 but have lost their job, or at least 50% of their income, due to #COVID19 may be eligible for emergency federal funds through Temporary Assistance for Needy Families (TANF). Apply now or learn more: https://t.co/p4g0aappKB"
repjimcooper,1243226323935473664,2020-03-26 17:20:28,"Due to the #COVID19 outbreak, @DHSGov announced the deadline to apply for a REAL ID is extended by one year to Oct. 1, 2021. This will allow extra time for people to get the updated ID to be in compliance with the law. https://t.co/ExuppxDddx"
repjimcooper,1243222706075643906,2020-03-26 17:06:05,"RT @NashvilleHealth: Our team is here for you, Nashville! https://t.co/XUFlNYmH7Y"
repjimcooper,1242825243988811778,2020-03-25 14:46:43,RT @NashvilleHealth: Our Coronavirus Information Hotline opens today at 7am. https://t.co/e3JIl80G7l
repjimcooper,1242547435995648004,2020-03-24 20:22:48,"As I said in an interview w/ @NC5PhilWilliams, Nashville has some of the best medical centers in America &amp; we are likely to be besieged w/ cases from all over our region, not just in TN. @TNDeptofHealth should be transparent about where it is receiving &amp; distributing supplies. https://t.co/GW3Nx82DT2"
repjimcooper,1242534933882638345,2020-03-24 19:33:08,"To effectively slow COVID-19‚Äôs spread, the president must follow states and cities like Nashville and require everyone to stay at home except for essential business. Experts agree steps like this are what is necessary to stop the deadly disease. https://t.co/8jD4OkNsmt"
repjimcooper,1242498306707783682,2020-03-24 17:07:35,REMINDER: Several resources to get access to the internet are available at little to no cost while the #COVID19 health crisis continues. Find available resources here: https://t.co/o0YFLndTAS
repjimcooper,1242432343853457409,2020-03-24 12:45:28,"RT @freddieoconnell: A must-read interview with @JamesEKHildreth, one of our leading #healthcare luminaries, about #coronavirus."
repjimcooper,1242425126232174592,2020-03-24 12:16:47,RT @Atul_Gawande: Great visual of what happens if we do things right on #COVID19. From @TheSpinoffTV https://t.co/WJmtssEOUu
repjimcooper,1242274471874105344,2020-03-24 02:18:09,"Nashville has some of the best medical centers in America - and we are likely to be besieged with cases from all over our region, not just within Tennessee. https://t.co/1j6J5onwRG"
repjimcooper,1242237885664944132,2020-03-23 23:52:46,"RT @UWNashville: If you're looking for assistance from the COVID-19 crisis, 211 can help. Our team of caring professionals is available 24/‚Ä¶"
repjimcooper,1242197798591901699,2020-03-23 21:13:28,Do you have limited or no internet access? Several broadband resources are available at little to no cost while the #COVID19 health crisis continues. Find available resources here: https://t.co/fO4BV4aiIL
repjimcooper,1242164208877350917,2020-03-23 19:00:00,"Rumors can easily circulate within communities during a crisis. Stay informed with @fema's ""myth vs. facts"" related to the federal #COVID19 response: https://t.co/g2WgdC5IKz"
repjimcooper,1241842989145690112,2020-03-22 21:43:35,"RT @JohnCooper4Nash: To protect Nashvillians and slow #COVID19, I‚Äôve announced a 14-day Safer at Home Order. I'm asking you to please stay‚Ä¶"
repjimcooper,1241797047352770562,2020-03-22 18:41:02,RT @NashvilleHealth: The Safer at Home Order goes into effect at midnight tonight. These measures are designed to help us #FlattenTheCurve‚Ä¶
repjimcooper,1241779110885588992,2020-03-22 17:29:45,"Due to recommended health precautions for #COVID19, @fema staff will no longer be at the Disaster Recovery Centers set up after the March 3 tornado in Nashville. If you were impacted, you can still apply for Fed assistance online: https://t.co/axpOGuOtJ5 or by phone: 800-621-3362 https://t.co/7grbjGI27W"
repjimcooper,1241758255774404608,2020-03-22 16:06:53,"RT @JohnCooper4Nash: To protect Nashvillians and slow #COVID19, I‚Äôve announced a 14-day Safer at Home Order. I'm asking you to please stay‚Ä¶"
repjimcooper,1241517322487189504,2020-03-22 00:09:30,"Good news! As part of the Families First Coronavirus Resource Act, TN was granted a physical presence waiver. The waiver allows WIC applicants to bypass a physical assessment as part of the application process."
repjimcooper,1241465854908338183,2020-03-21 20:44:59,RT @washingtonpost: One doctor‚Äôs straight talk about the coronavirus strikes a chord with anxious Americans https://t.co/7gInOTTJ0v
repjimcooper,1241115475171557379,2020-03-20 21:32:42,Tennesee businesses impacted by the #CoronavirusCOVID19 outbreak can now apply for Economic Injury Disaster Loans with @SBAgov. Affected businesses can apply online: https://t.co/KmoD11PhfC. https://t.co/yem2oXB0u1
repjimcooper,1241095500176203778,2020-03-20 20:13:20,"If you are healthy and able, I encourage you to donate blood during this time of a nationwide shortage, while also practicing social distancing. I donated today at Howard Office Building. Find a donation site: https://t.co/eYSv7K6QfP https://t.co/ov4twiXOTq"
repjimcooper,1241055140024659968,2020-03-20 17:32:57,RT @politico: BREAKING: The Education Department will not enforce federal rules on standardized testing for K-12 schools and will allow fed‚Ä¶
repjimcooper,1241044119302082560,2020-03-20 16:49:10,"Due to the spread of coronavirus, events &amp; live music performances are called off, &amp; contracts have been postponed or cancelled. Musicians, performers, contractors, freelancers, &amp; other independent workers lack the resources of a large employer in many cases."
repjimcooper,1241017114779140099,2020-03-20 15:01:51,"RT @politico: BREAKING: Tax Day will be pushed back three months to July 15 because of the coronavirus outbreak, Treasury Secretary Steven‚Ä¶"
repjimcooper,1240705176710897672,2020-03-19 18:22:19,How to Clean Your Phone to Help Protect Against Coronavirus https://t.co/3jOeAN1fRp
repjimcooper,1240681426347048961,2020-03-19 16:47:57,"The Families First Coronavirus Response Act, which was signed into law last night, suspends the work and work training requirements for SNAP recipients during this unprecedented time. We can‚Äôt be taking food off the table for anyone. https://t.co/AhhMuACfD5"
repjimcooper,1240678044139950083,2020-03-19 16:34:31,"My office is in touch w/ Middle TN students, individuals, &amp;  families who are stranded around the world because of the spread of coronavirus. My staff &amp; I are also in touch w/ the State Dept. &amp; various embassies &amp; we are doing everything possible to get them home."
repjimcooper,1240432571063943175,2020-03-19 00:19:05,"I think Tennesseans want strong, bipartisan relief from the terrible Coronavirus threat. We need help now, not NO votes."
repjimcooper,1240432566123053056,2020-03-19 00:19:04,What can you conclude when 1 of Tennessee‚Äôs 2 U.S. Senators is 1 of only 8 NO votes today to help American families cope w/ Coronavirus? That Marsha Blackburn is more extreme than President Trump &amp; Mitch McConnell? That she didn‚Äôt know what she was doing?
repjimcooper,1240394660142632960,2020-03-18 21:48:27,.@SBAgov loans will soon be available to Tennessee businesses affected by the #CoronavirusCOVID19 outbreak. Affected businesses will be able to apply here: https://t.co/oDsuRJaYdL https://t.co/eTIKNG30FV
repjimcooper,1240355979700637696,2020-03-18 19:14:44,"RT @MetroNashville: The latest you need to know about #COVID19's impact on Nashville:

üå≥ Parks facilities closed, outdoor parks open
üìö Libr‚Ä¶"
repjimcooper,1240349397440962564,2020-03-18 18:48:35,"Congress recently approved nearly $1 billion for pharmaceuticals and medical supplies to support healthcare preparedness and Community Health Centers, and to improve medical surge capacity."
repjimcooper,1240349396513980416,2020-03-18 18:48:35,"Today, the president invoked the Defense Production Act that allows private businesses to produce materials in the interest of national defense ‚Äì such as ventilators &amp; medical supplies for health care workers."
repjimcooper,1239998677734866945,2020-03-17 19:34:57,The Families First Coronavirus Response Act expands emergency paid sick leave to as many as 87 million workers. Many of these workers have no paid leave &amp; are forced to choose between their paycheck &amp; their health. The Senate should immediately pass this bill to provide relief. https://t.co/necYUSUvzL
repjimcooper,1239708474797424640,2020-03-17 00:21:47,"Two days ago, the House passed a bill to provide financial relief &amp; resources during the #coronaviruscovid19 outbreak. The Senate has yet to take a vote. In the meantime, the House is working on another bill to provide further relief as we combat the outbreak in the weeks ahead. https://t.co/beQzxKMgOw"
repjimcooper,1239670502043660289,2020-03-16 21:50:54,The House Attending Physician released a recommended decision tool related to #CoronavirusCOVID19: https://t.co/2a6ObQvWmK
repjimcooper,1239653631101722624,2020-03-16 20:43:51,"RT @NowatNPL: As we continue to monitor the ongoing COVID-19 outbreak, NPL is committed to staying as safe and healthy as possible.
That‚Äôs‚Ä¶"
repjimcooper,1239613158656016394,2020-03-16 18:03:02,Federal funds are available for Tennessee businesses during the coronavirus outbreak. @SBAgov is just waiting for a disaster declaration from @GovBillLee. https://t.co/BR3aXYXHcE
repjimcooper,1239609006974472192,2020-03-16 17:46:32,The House passed the Families First Coronavirus Response Act early Saturday morning. The bill helps provide food to families who rely on resources that are closed during the coronavirus outbreak. The Senate should immediately pass this bill. https://t.co/k7PuDM9NPi
repjimcooper,1239563921599664131,2020-03-16 14:47:23,RT @yihyun_jeong: How will tornado displacement and coronovirus concerns impact 2020 U.S. Census in Nashville as count gets underway? https‚Ä¶
repjimcooper,1239563243565219846,2020-03-16 14:44:41,"RT @CDCgov: New: Starting immediately and for the next 8 weeks, CDC recommends cancelling all events of 50 or more people. Full recommendat‚Ä¶"
repjimcooper,1239345932870782978,2020-03-16 00:21:10,RT @NashvilleHealth: The Nashville Board of Health has approved a Declaration of Public Health Emergency. The goal is to slow the spread of‚Ä¶
repjimcooper,1239205285027287041,2020-03-15 15:02:17,#COVID19 update from @NashvilleHealth: https://t.co/RwSeoomnQo
repjimcooper,1238589495752220672,2020-03-13 22:15:22,Natl. Institute of Allergy &amp; Infectious Diseases Director Dr. Fauci frequently talks about ‚Äúflattening the curve‚Äù when it comes to the spread of coronavirus. I‚Äôm in Washington preparing to vote on funding to help combat the the spread of the virus. https://t.co/0OrtQTF9Jf
repjimcooper,1238505523525361664,2020-03-13 16:41:41,"RT @CDCgov: Join CDC for a Q&amp;A on #COVID19. CDC Deputy Director for Infectious Diseases, Dr. Jay Butler, will answer questions about #coron‚Ä¶"
repjimcooper,1238217545074839552,2020-03-12 21:37:22,"If you have a fever, cough or shortness of breath &amp; are concerned about possible exposure to COVID-19, call your primary care doctor. If you don‚Äôt have a primary care doctor, contact the TN Coronavirus Public Information Line at (877)-857-2945 between 10am‚Äì10pm (CST) daily. https://t.co/ZhJRvTMTOs"
repjimcooper,1238136829343342592,2020-03-12 16:16:38,".@GovBillLee's emergency declaration for TN opens up more federal funding, in addition to the $10M granted yesterday, to help with the state‚Äôs response to coronavirus. I‚Äôve asked the Trump administration to increase the availability of test kits, as well. https://t.co/nJeKG3hTdk"
repjimcooper,1238129155428007936,2020-03-12 15:46:08,"RT @Atul_Gawande: Informative @WSJ article on the status and details of testing. Capacity is clearly behind track, though gearing up. https‚Ä¶"
repjimcooper,1237867497883197449,2020-03-11 22:26:24,"RT @julianborger: Robert Redfield, CDC Director, said there are no plans to set up drive through #COVID19 test centres because ""We're tryin‚Ä¶"
repjimcooper,1237792877771661313,2020-03-11 17:29:53,"4/4: My question: So the professional, monetary, relationship comes before public health?"
repjimcooper,1237792875540348929,2020-03-11 17:29:53,"2/4: I asked @CDCgov Director Dr. Redfield if the administration has plans to conduct drive-thru testing, and to produce and distribute more test kits so we are not overwhelming America's emergency rooms."
repjimcooper,1237792874554707972,2020-03-11 17:29:53,1/4: It is unacceptable that American patients and doctors have to use Google to find answers about coronavirus and test kits.
repjimcooper,1237733716547551234,2020-03-11 13:34:48,"RT @OversightDems: Tune in NOW as @oversightdems hear from a panel of health officials from @cdcgov, @hhsgov, @DeptofDefense, @usgao &amp; @NIH‚Ä¶"
