RepKimSchrier,1321559504799047681,2020-10-28 21:08:33,"I recently visited the CarePoint Clinic in Fall City to learn more about the services these volunteers provide. Now more than ever, we want to make sure that cost isn't a deterrent to accessing health care. Thanks for keeping our community healthy! https://t.co/5bPF0giWYm"
RepKimSchrier,1320811979485941761,2020-10-26 19:38:10,Today I spoke with 3 frontline workers in our district about what it has been like to be essential workers during the pandemic. We can all do our part to help keep them safe by wearing masks and distancing when we go out. You can watch it in full here: https://t.co/DBqKFY0Ibu https://t.co/42UHFx81k3
RepKimSchrier,1319751260233453569,2020-10-23 21:23:14,The coronavirus has not gone away. I know how hard it has been for many of us to not see family and friends in person for the last six months. But we must continue to keep our distance when we're out of the house and wear masks. https://t.co/WUjKvlycZN
RepKimSchrier,1318317486903906304,2020-10-19 22:25:56,"Today I was thrilled to speak with Dr. Larry Corey, President and Director Emeritus at Fred Hutch, about the process of developing a COVID-19 vaccine and what to expect from it: https://t.co/3OEzmCYyrX"
RepKimSchrier,1316842677078495243,2020-10-15 20:45:34,"It was great to meet with excellent partners like Director Sandison of @WSDAgov @NWHarvest @FoodLifeline, Cascadia Produce, and LINC Farmers‚Äô Cooperative this week to discuss how farmers and families have been affected by the pandemic. https://t.co/KknD2WpnFa"
RepKimSchrier,1315013973994016770,2020-10-10 19:38:57,"The ongoing pandemic has taken a physical and mental toll on many of us. It is ok to ask for help. On #WorldMentalHealthDay , I wanted to share a state resource, the Washington Listens Support Line: 833-681-0211, if you or a family member need to talk to someone."
RepKimSchrier,1314292410273366017,2020-10-08 19:51:43,"Had a great visit w/ Dr. Elijah Lotz at the HealthPoint Renton High School Clinic. I was shown their telehealth system with a student, Michelle, on the line. We talked about how she is coping with remote learning and what the school clinic means to her. https://t.co/kpiZywbvpK"
RepKimSchrier,1313943730915889153,2020-10-07 20:46:12,RT @KCPubHealth: Residents of south King County will soon have two more options for free #COVID19 testing. We‚Äôre partnering with @CHIFranci‚Ä¶
RepKimSchrier,1313121840735420416,2020-10-05 14:20:18,"In honor of National Child Health Day today, I am holding a discussion on child abuse prevention. You can tune in here: https://t.co/yygmnMsyc0 https://t.co/eLZPRABqt9"
RepKimSchrier,1312060647027376128,2020-10-02 16:03:29,"Wishing the President and First Lady a full recovery. COVID-19 is a horrible disease that has not gone away and is still prevalent in much of our country. Wear a mask, keep your distance from others, and don't give this virus a chance to spread to others."
RepKimSchrier,1311823226599866369,2020-10-02 00:20:04,It also included several of my bills to help the health and well-being of children and their families. The people in my district continue to struggle with the economic effects of the COVID-19 pandemic. We are one step closer to getting the help that our communities need.
RepKimSchrier,1311823225437990912,2020-10-02 00:20:04,"Today the House voted on an updated coronavirus economic aid package that includes more financial assistance to small businesses and families, and re-starts enhanced unemployment benefits that expired in August. https://t.co/b9hQgz7RT8"
RepKimSchrier,1311687414906343425,2020-10-01 15:20:24,"RT @CityofNorthBend: The City is encouraging residents who were at the Salish Lodge from 9/16/20-9/30/20 to seek COVID-19 testing, monitor‚Ä¶"
RepKimSchrier,1311686190437986304,2020-10-01 15:15:32,RT @SnoqualmieGov: Public Health investigates COVID-19 outbreak associated with Salish Lodge &amp; Spa in Snoqualmie - King County https://t.co‚Ä¶
RepKimSchrier,1311019075636736000,2020-09-29 19:04:39,It was important to me to bring up federal funding needs for local and county jurisdictions and hear USFS‚Äôs ongoing actions to keep our first responders and communities safe from fire and COVID-19. I‚Äôm honored to be the only member on the Ag Committee from the Pacific NW.
RepKimSchrier,1309570347964997636,2020-09-25 19:07:56,"RT @WADeptHealth: If you or anyone you know is struggling to manage stress from #COVID19, call the Washington Listens support line at 1-833‚Ä¶"
RepKimSchrier,1309247209490329601,2020-09-24 21:43:54,"575 days. That‚Äôs how long it has been since the House passed HR 8, a bipartisan background checks bill. Today we #WearOrangeMasks to honor and remember the victims of gun violence and urge the Senate take action now. https://t.co/aXGmPLKZzK"
RepKimSchrier,1308481429668585473,2020-09-22 19:00:57,"200,000 Americans dead. That‚Äôs enough to fill three CenturyLink Fields. Three times the population of Auburn, the largest city in our district. Today I visited the site of 20,000 flags, each representing 10 people who have died from COVID-19. https://t.co/eLrWpTSgm4"
RepKimSchrier,1307026749516132352,2020-09-18 18:40:35,We're getting there! But still some unhealthy air out there so please continue to be careful. https://t.co/NXqac5NW8t
RepKimSchrier,1306317426703949825,2020-09-16 19:41:59,Substance use &amp; mental health disorders don‚Äôt discriminate. They affect our loved ones and friends. That is why I‚Äôm proud to support National #RecoveryMonth with my colleagues in Congress. Thanks to @RepDavidTrone for his leadership on this important issue! https://t.co/WzxVXUAyDw
RepKimSchrier,1306274417647980545,2020-09-16 16:51:05,Have you gotten your flu shot yet? I got mine last week. It was easy and quick. Getting a flu shot is especially important this year so our health care system doesn't have to combat two pandemics. https://t.co/G8m5Z0UWdF
RepKimSchrier,1305504658065100800,2020-09-14 13:52:20,RT @NWSSeattle: Early morning air quality readings. Most places very unhealthy or hazardous. Not posting latest smoke model run with model‚Ä¶
RepKimSchrier,1305243285296943105,2020-09-13 20:33:44,"I‚Äôm live right now for a Children‚Äôs Town Hall on COVID, wildfires and back to school. Tune in here: https://t.co/gTR5bXK5Xn"
RepKimSchrier,1304761648406843394,2020-09-12 12:39:52,"RT @EcyLauraWatson: Much of Western WA is suffering from very unhealthy to hazardous air quality. 

The smoke is making its way east ‚Äì Spok‚Ä¶"
RepKimSchrier,1304502728048115720,2020-09-11 19:31:01,"RT @NWSSeattle: Air quality this morning in now ranging from ""Unhealthy"" to ""Hazardous"" across the area. Smoke will likely become thicker t‚Ä¶"
RepKimSchrier,1304412909708210184,2020-09-11 13:34:07,"Today is the final day to apply for the Pandemic EBT (P-EBT) program. Earlier this Summer, I held a conversation with local experts about the importance of this program: https://t.co/6vCoQ6ShVk Apply by 5pm today https://t.co/PxnX8oBHm7 or by calling DSHS at 877-501-2233."
RepKimSchrier,1304152313158926343,2020-09-10 20:18:36,"It's #WorldSuicidePreventionDay. The pandemic has been hard on our mental health, but especially difficult for children, people who live alone, and the elderly. Check on your loved ones.

‚û°Ô∏è Suicide Prevention Lifeline: 1-800-273-8255
‚û°Ô∏è Veterans Crisis Line: 1-800-273-8255"
RepKimSchrier,1303054382158745603,2020-09-07 19:35:48,"On #LaborDay, we honor all of the contributions and achievements of American workers. A special thank you this year to all of the frontline and essential workers who are keeping us safe and our communities running during the pandemic. https://t.co/HSGwkJlv7a"
RepKimSchrier,1302673896311791616,2020-09-06 18:23:54,"The @WAFarmBureau is holding a distribution of hand sanitizer and face masks for anyone involved in agriculture. You don‚Äôt need to be a Farm Bureau member to participate. Tuesday, Sept. 8th, 10am-2pm. GS Long Company, 1012 Walla Walla Ave, Wenatchee. https://t.co/h8AqIE3amL"
RepKimSchrier,1301253378777980929,2020-09-02 20:19:16,"Nationally, these courts save up to $13,000 for every individual they serve and return as much as $27 for every dollar invested. They treat the participant as a whole person, addressing housing, education, medical and mental health needs, and employment."
RepKimSchrier,1300526190160158720,2020-08-31 20:09:40,"As part of #NationalBlackBusinessMonth, my WA @NewDemCoalition and I held a discussion with Black business leaders to learn about the challenges they are facing and how #COVID19 has affected them. Thanks to @RepDelBene for hosting! https://t.co/weuWgrAAEB"
RepKimSchrier,1298983519423668232,2020-08-27 13:59:39,"In WA, health guidance has not changed. If you have COVID-19 symptoms or if you have been in close contact with someone who has COVID-19, you still need to get tested. More info below. https://t.co/J1cCL1EhK2"
RepKimSchrier,1294633608066498560,2020-08-15 13:54:39,"Thank you to Kent Community Partners, Cascadia Produce, and Mosby Farms for providing 8th district residents access to healthy food."
RepKimSchrier,1294017263033561088,2020-08-13 21:05:31,"A special thank you to HealthPoint, ICHS and everyone working hard to keep our community healthy and safe. #NHCW20"
RepKimSchrier,1294017261959819265,2020-08-13 21:05:31,"It is National Health Centers Week! So I spoke with HealthPoint and International Community Health Services (ICHS) about the importance of getting children their immunizations, even if they aren't going to be physically in the classroom this fall. https://t.co/Zp6f0MoD9v"
RepKimSchrier,1293667230769729536,2020-08-12 21:54:37,"Thanks @ASP! We've got to take our time and get this right. We need a COVID-19 vaccine that is safe, effective, and accepted by the American people. Time and lots of rigorous testing will get us there. https://t.co/H4mf6AWuzq"
RepKimSchrier,1293315303049506817,2020-08-11 22:36:11,"Thank you to Karen from @BalancePhysical for joining me today to talk with @awbolympia members about the difficulties businesses like hers are facing during the pandemic, and what I am working on in Congress to help. https://t.co/V7XJ0tsdhm"
RepKimSchrier,1292175894883303424,2020-08-08 19:08:35,"Read my op-ed in this weekend‚Äôs @Wenatcheeworld: https://t.co/3vfx0UtV8j Then on Tuesday, join me for a webinar to hear from growers about how they‚Äôve been impacted by the pandemic &amp; I‚Äôll answer questions about my bill. Register &amp; submit questions here: https://t.co/NG40C0muE9"
RepKimSchrier,1292175893402718212,2020-08-08 19:08:35,The farming community needs immediate financial support to cover the costs of added worker safety protections while weathering the changes in markets caused by the pandemic. That is why I have introduced the Farm and Food Emergency Assistance Act.
RepKimSchrier,1292173619037118464,2020-08-08 18:59:32,RT @NewDemCoalition: #NewDem Health Care Task Force Co-Chair @RepKimSchrier penned an op-ed in @AmerIndependent on the need curb the spread‚Ä¶
RepKimSchrier,1290757068308258819,2020-08-04 21:10:40,"As a pediatrician, a mom, &amp; the daughter of a teacher, I look at reopening schools from many perspectives. To get this right, we first need to dramatically reduce community spread, which means wearing a mask and continuing to socially distance. Check out my op-ed below. https://t.co/QlKMDfz69h"
RepKimSchrier,1289295974850891778,2020-07-31 20:24:49,It's #RuralBroadbandDay! The pandemic has shown that reliable internet access is more important than ever. It has allowed people to connect with their doctors and ensured our children can continue learning at home.
RepKimSchrier,1288970239808614400,2020-07-30 22:50:27,Today the House passed my amendment to increase funding so @CDCgov can research and get a better understanding of COVID-19 vaccine concerns within specific communities. Researchers across the globe are working on vaccines to protect us from COVID-19.
RepKimSchrier,1288950037272309760,2020-07-30 21:30:11,"Thanks @ASP! We‚Äôve seen scientists around the world come together and make encouraging progress toward a COVID-19 vaccine. Once it is proven safe and effective, we'll need to do an equally difficult and impressive task of getting the world immunized. #VaccinesWork https://t.co/N0wzJLOhMl"
RepKimSchrier,1287864145363128320,2020-07-27 21:35:14,"I'm holding my next COVID telephone town hall tomorrow at 5pm PDT. I'll be joined by a representative from OSPI to talk school reopenings, or anything else COVID-related. You may get a call, but to ensure you can participate, sign up here: https://t.co/j1dXI96FBS https://t.co/tSnx5kK8HM"
RepKimSchrier,1287504096623316992,2020-07-26 21:44:31,"We‚Äôve made great progress in the 30 years since the ADA was signed. But there is still much more to do on employment, affordable health care, and the right to live independently for people with disabilities. You can bet that I‚Äôll keep fighting for these rights. #ADA30 https://t.co/ABu95Q8nrb"
RepKimSchrier,1286675912839307267,2020-07-24 14:53:37,"RT @GovInslee: I‚Äôm extending the eviction moratorium until October 15th. 

This virus hasn‚Äôt gone away, and neither have the impacts on ren‚Ä¶"
RepKimSchrier,1285999660851757056,2020-07-22 18:06:26,#OnWednesdaysWeWearPink... masks. And everyday I wear a mask to protect those around me. Make sure today and everyday you #MaskUpWA! https://t.co/F8QhloOb5j
RepKimSchrier,1284205396803100672,2020-07-17 19:16:40,"The @WAFarmBureau is distributing over 500,000 masks to farmers and farmworkers, at no cost. You don't need to be a member of the Farm Bureau to receive the masks. Click the link below for more information. https://t.co/8FN8qdaAQB"
RepKimSchrier,1283886481069821954,2020-07-16 22:09:25,Are you or a loved one a Vietnam-era Veteran? Let my office know here: https://t.co/acSickmjjd
RepKimSchrier,1281287125279924230,2020-07-09 18:00:30,"ICYMI, @USDA has announced that apples, blueberries, garlic, potatoes, and raspberries will now be eligible for expanded category direct payments under CFAP, which helps offset price declines due to #COVID19. https://t.co/5MOmpe2gFg"
RepKimSchrier,1280981016254046210,2020-07-08 21:44:08,"While we had some good news in June, there is still a lot up in the air for DACA recipients, many of whom are frontline workers supporting our communities during the pandemic."
RepKimSchrier,1280157438604435457,2020-07-06 15:11:32,"Today at 10:30 a.m. PDT, I will be speaking with @wsdot Secretary Roger Millar about how his department has responded to COVID and how we can ensure infrastructure projects get completed safely. You can tune in here: https://t.co/yygmnMsyc0 https://t.co/tmuoov2y2c"
RepKimSchrier,1278788083148881920,2020-07-02 20:30:12,"Last night I held my 50th town hall! Thank you to Dr. Kathy Lofy from @WADeptHealth for being my special guest. And thank you to all of you who have joined the town halls in person, on the phone or online. I look forward to the day when we can again meet in person. https://t.co/pgKlLZ7iem"
RepKimSchrier,1278042320647176198,2020-06-30 19:06:48,"Happy #PrideMonth! As it comes to an end, I wanted to highlight some health care and mental health resources for the LGBTQ community:  

https://t.co/bvoxGbqUyV
https://t.co/0Yb4p7uCE5
https://t.co/nXVBaMZvht
https://t.co/0DKS0zqw94 https://t.co/xDAf198rpS"
RepKimSchrier,1277985621198471168,2020-06-30 15:21:30,"I will be holding my 50th Town Hall tomorrow night! I'm excited to be joined by State Health Officer Dr. Kathy Lofy to talk about the latest with reopening &amp; the coronavirus. You may get a phone call to join. But to ensure your participation, sign up here: https://t.co/j1dXI8P4Kk https://t.co/kNdvWUa9aS"
RepKimSchrier,1277732551692615681,2020-06-29 22:35:54,The most consistent concern I hear from my constituents is the cost of health care and prescription medications. Today the House acted to expand health care access while reducing costs. No family should ever face bankruptcy because of medical expenses. https://t.co/gtXPS1N5J1
RepKimSchrier,1277628600842412033,2020-06-29 15:42:50,"This is a major win for women and reproductive rights in the United States. As the only female doctor in Congress, you can bet that I will keeping fighting to make sure that women have access to ALL of the health care they need. https://t.co/ffxBZdhaUg"
RepKimSchrier,1276931670222999562,2020-06-27 17:33:29,"Thank you Gen. Mattis. I've often said that reopening states has to be like a dimmer switch, not an on/off switch. We're seeing cases increase in many states at alarming rates. Wearing masks will allow WA to keep reopening safely &amp; not lose the progress we've made. https://t.co/ivaja8ioUN"
RepKimSchrier,1276623890752712709,2020-06-26 21:10:28,"I'm excited that my bill to improve @forestservice roads and watershed health will be included in the House infrastructure bill we'll be voting on next week. Many of these roads are not drivable, obsolete, or causing harm to aquatic resources.  https://t.co/cYDEYmPYg7"
RepKimSchrier,1276320474629386241,2020-06-26 01:04:48,"Today Congress passed the George Floyd #JusticeInPolicing Act. This is the beginning. Much more is needed to dismantle systems that unfairly target Black people and people of color like income, housing, education, preschool access &amp; healthcare,. https://t.co/xyW8JB1a0P https://t.co/G7EVYIJQ7a"
RepKimSchrier,1276255348945489921,2020-06-25 20:46:01,"Tomorrow WA‚Äôs order requiring masks goes into effect. Today, in the latest edition of Fact or Fiction, I‚Äôm talking about how masks slow the spread of #COVID19. https://t.co/aTeecIF698"
RepKimSchrier,1275903529547452424,2020-06-24 21:28:01,"Masks are more about protecting others than it is about protecting yourself. From what we know, people are still contagious even when they don't have symptoms, which is why it is so important to wear a mask even if you don't feel sick. https://t.co/fp2bbhj0W0"
RepKimSchrier,1274019239339458561,2020-06-19 16:40:31,"RT @KingCountyWA: As we carefully reopen, please continue practices to slow the spread of #COVID19: physical distancing, minimize contact w‚Ä¶"
RepKimSchrier,1270751561585737728,2020-06-10 16:15:56,"I've missed doing in-person town halls that have been on hold during the pandemic. That's why I'm excited to announce a new virtual town hall series called Coffee Breaks with Kim. First one is tomorrow ""in"" Enumclaw at 5:30p.m. RSVP here: https://t.co/Qui67bmWO6 https://t.co/SX54SoMJJX"
RepKimSchrier,1270102370027024384,2020-06-08 21:16:17,I've started a series on my Facebook page called Fact or Fiction about the coronavirus. My latest is on the theory that children aren't affected by COVID-19. You can watch here: https://t.co/kFsDgY3ypP
RepKimSchrier,1268226242261762051,2020-06-03 17:01:13,"Now that it is getting warmer out, I wanted to bring together some experts to talk about how we can all hike, bike, and recreate safely this summer as the pandemic continues. Join us on Zoom tomorrow. Register here: https://t.co/vHupenP2iC https://t.co/6xHmVV9u9H"
RepKimSchrier,1267925243735216128,2020-06-02 21:05:09,"In just a few minutes, at 2:30pm PDT, I'll be joined by AARP to talk about scams and fraud that have popped up during the COVID-19 pandemic. And what to do if you have been affected. You can tune in here: https://t.co/2bA8gNee0M"
RepKimSchrier,1267546949198196737,2020-06-01 20:01:57,"Today I spoke w/ Women, Infant and Children (WIC) leaders about how COVID-19 is affecting the program &amp; what people should know. I have intro'd a bill with @RepRonWright that would triple WIC $ for fresh fruit &amp; veggies for the next few months. Watch here: https://t.co/2bA8gNee0M"
RepKimSchrier,1265397829834547201,2020-05-26 21:42:07,"Calling all WA farmers! The Coronavirus Food Assistance Program (CFAP) opened today. If you have experienced supply chain disruptions or price declines, you may be eligible for assistance. Apply at https://t.co/2uVsZkUX0h And you can always call my office 425-657-1001 for help. https://t.co/XPw2eS6R23"
RepKimSchrier,1265359752168648707,2020-05-26 19:10:48,"King County has announced additional testing sites for people who can't get a test through their provider. It is suggested that if you have even mild COVID-19 symptoms, or have been around someone who has tested positive, that you get tested. https://t.co/w1cODeSKMw"
RepKimSchrier,1265319321166848000,2020-05-26 16:30:09,"I'll be holding my next coronavirus telephone town hall tomorrow at 5:00 p.m. You may get a call but to make sure you can participate, sign up here: https://t.co/j1dXI8P4Kk https://t.co/9xYRq8h99l"
RepKimSchrier,1263194211559657473,2020-05-20 19:45:43,This morning I had the opportunity to speak with Dr. Anthony Fauci on a call hosted by @NewDemCoalition. I'm glad we could discuss treatments for #COVID19 and what to expect from a vaccine.
RepKimSchrier,1261757943537680384,2020-05-16 20:38:30,"... before they become a problem. We can‚Äôt do that without the proper swabs for testing, something the administration promised weeks ago. Their failure to deliver is crippling our ability to restore economic activity. Frustrating, to say the least."
RepKimSchrier,1261757942040268802,2020-05-16 20:38:30,"We all want to move back towards some degree of normalcy, but that hinges on being able to test in real-time for coronavirus, isolate people with positive tests, &amp; quarantine their contacts. It also hinges on baseline surveillance testing so we know about emerging hot spots... https://t.co/NIxek4fiwH"
RepKimSchrier,1260322863782993920,2020-05-12 21:36:01,Tomorrow I'll be speaking with @GrahamFireWa Chief Dale at 2pm PDT to talk about the upcoming wildfire season and how they are responding to the COVID-19 pandemic. Tune in here: https://t.co/yygmnMsyc0
RepKimSchrier,1258511683959447552,2020-05-07 21:39:02,"I am excited about my ""Farmers Feeding Families Act"" that I have introduced with @cathymcmorris and @SenBobCasey. It will connect small and medium-sized farmers who have surplus products and food banks that are seeing unprecedented need to keep our communities fed and healthy."
RepKimSchrier,1257763239049519106,2020-05-05 20:04:58,"RT @EdLaborCmte: WATCH‚¨áÔ∏è
@RepKimSchrier explains the number one thing we can do to support schools during this pandemic. #TeacherAppreciati‚Ä¶"
RepKimSchrier,1257434057081794562,2020-05-04 22:16:55,"The ""PPP and Healthcare Enhancement Act"" that the House passed last month included small business assistance for farms. Starting today, farmers and agribusiness owners can now apply for assistance. https://t.co/wyraEqSPIe"
RepKimSchrier,1256981048451305477,2020-05-03 16:16:50,On Friday I joined @KOHO101 to talk about what I am working on in response to the COVID-19 pandemic. Listen here: https://t.co/WvwwnCmFZU
RepKimSchrier,1256322741646450689,2020-05-01 20:40:57,"May 1st is also known as #InternationalWorkersDay. This crisis is showing just how important workers are to keeping our economy strong. Especially right now, I stand with frontline workers who are putting a lot on the line to keep us safe and healthy. https://t.co/cX73MbixBC"
RepKimSchrier,1255867870824800259,2020-04-30 14:33:27,"This #WorldImmunizationWeek I am particularly concerned about the children who are missing out on life-saving #vaccines because of the coronavirus pandemic. Now more than ever, we must invest in public health systems to make sure they are resilient, even to global pandemics."
RepKimSchrier,1255585390993592321,2020-04-29 19:50:59,This week @PattyMurray and I led the WA Dem delegation members in sending a letter to @VP Pence asking the Administration to implement a comprehensive national testing plan. We cannot restart the economy without more testing. This needs to happen now! https://t.co/CISrIrgHZx
RepKimSchrier,1255511663110959106,2020-04-29 14:58:01,"Today at 3pm PDT, @RepDerekKilmer and I will be answering your questions over on Facebook Live about the COVID-19 pandemic and how Congress has responded. Tune in! https://t.co/yygmnMsyc0"
RepKimSchrier,1253748344687677441,2020-04-24 18:11:13,"RT @AmerAcadPeds: As a pediatrician in Congress, @RepKimSchrier serves as a trusted source of health information for her constituents, who‚Ä¶"
RepKimSchrier,1253460970262761472,2020-04-23 23:09:18,Small businesses in the 8th district are hurting so I was happy to vote for $310 billion more for PPP. The bill also allocates funding for critically-needed testing. We need to be testing 10-20x more than we are right now. Testing is the key to getting back to work. https://t.co/MqnZVkIAy1
RepKimSchrier,1252664003769311232,2020-04-21 18:22:26,"I'll be hosting my next coronavirus telephone town hall tomorrow at 4:50pm PDT. To make sure you can participate, sign up here: https://t.co/j1dXI8P4Kk https://t.co/PHDY9K0pGw"
RepKimSchrier,1250515493561253888,2020-04-15 20:05:01,"Curious about the status of your COVID19 stimulus check? @IRSnews has launched the ""Get My Payment"" portal that will allow you to check the status of your payment or input direct deposit information if you haven't listed that on your previous tax returns. https://t.co/es1SCFTtfj"
RepKimSchrier,1248665992630349830,2020-04-10 17:35:46,RT @WAplanfinder: Washington Health Benefit Exchange (Exchange) today is reminding uninsured individuals impacted by the Coronavirus (COVID‚Ä¶
RepKimSchrier,1247552959224971267,2020-04-07 15:52:58,"RT @RepJayapal: Proud to lead colleagues from #WA in urging @FEMA &amp; @HHSGov to provide additional sample testing kits &amp; swabs, continue sup‚Ä¶"
RepKimSchrier,1245371930175291392,2020-04-01 15:26:20,We have all been focused on keeping our loved ones &amp; communities safe from COVID-19. But I wanted to take a minute to remind you to fill out your Census today on #CensusDay. It only takes a few minutes but the impact will be felt for years to come. Visit https://t.co/JbR3NkHfpn https://t.co/tpgDp2K1ra
RepKimSchrier,1244757846815911938,2020-03-30 22:46:11,RT @cheddar: .@RepKimSchrier on Washington State‚Äôs response to the coronavirus: ‚ÄúOur state has had to operate with one hand tied behind our‚Ä¶
RepKimSchrier,1244751856007630854,2020-03-30 22:22:23,"To all of my fellow doctors who now find themselves on the frontline of this pandemic, on behalf of the 8th District, I want to say thank you for your work keeping us safe and healthy during this uncertain time! #NationalDoctorsDay"
RepKimSchrier,1244700050808283139,2020-03-30 18:56:32,Last week we introduced a bill that would provide immediate relief for rural hospitals. Today we are calling on HHS @SecAzar to use the funding included in the CARES Act to keep rural hospitals open. We cannot lose them. https://t.co/pEhgvJgGGT
RepKimSchrier,1244657324389732352,2020-03-30 16:06:45,"2/2 Please, if you have diabetes and go to the ER with COVID-19 symptoms or call emergency services to your home, take 3 - 4 weeks of diabetes supplies and medications with you. This includes your meter and test strips, or CGM. #diabetes #T1D"
RepKimSchrier,1244657323601211393,2020-03-30 16:06:45,"Hospitals in some areas are being overwhelmed with COVID-19 patients, and because of a lack of PPE, some COVID-19 patients with diabetes are not having blood sugars adequately checked or managed. 1/2"
RepKimSchrier,1244034895887970305,2020-03-28 22:53:26,RT @GovInslee: The field hospital at Century Link will address non COVID-19 medical needs to free up our health delivery system to deal wit‚Ä¶
RepKimSchrier,1243654343456366598,2020-03-27 21:41:16,"Today the House passed a much-needed rescue package for 8th district families, small businesses, and hospitals. We need to make sure that they receive the financial help they need to make it through this uncertain time. My full statement: https://t.co/9ZzVJUKVb7"
RepKimSchrier,1243260619853303809,2020-03-26 19:36:45,"Due to the #COVID2019 outbreak, rural hospitals are facing unprecedented challenges and urgently need the resources to respond. @DrPhilRoe and I have introduced a bill that will provide immediate relief for rural hospitals. We can‚Äôt lose them. https://t.co/a3XCmAfZOc"
RepKimSchrier,1242963102976692225,2020-03-25 23:54:31,RT @RepDennyHeck: I led a letter today with @RepJayapal and other members of the WA delegation urging @fema and @HHSGov to allow #COVID19 t‚Ä¶
RepKimSchrier,1242573942285574144,2020-03-24 22:08:08,"RT @RepAdamSmith: WA state is overwhelmed by the exponential growth of #COVID„Éº19 hospitalizations„Éºwe need additional beds, federal medical‚Ä¶"
RepKimSchrier,1241851403393536006,2020-03-22 22:17:01,I‚Äôm live taking coronavirus questions from kids on my Facebook page right now: https://t.co/q1OGkH8lKU
RepKimSchrier,1241087143516217347,2020-03-20 19:40:07,I'll be holding my next coronavirus-related telephone town hall on Monday at 5:00 p.m. The best way to guarantee you can participate is to sign up here: https://t.co/j1dXI8P4Kk https://t.co/xMCGEItxW4
RepKimSchrier,1241014036399095808,2020-03-20 14:49:37,"Do your children have questions about #Covid_19? As a pediatrician, I thought it might be helpful to hold a kids press conference to get some of their questions answered. Comment below with their questions, and I'll be answering them in the next few days. https://t.co/nsYRewz3OO"
RepKimSchrier,1240741429607108610,2020-03-19 20:46:23,Today the full WA delegation sent a letter to @CMSGov  urging the quick consideration of waivers that will provide the flexibility needed by our hospitals so they can expand their capacity to treat patients with COVID-19 and critical health care needs. https://t.co/dOaDxNqU2P
RepKimSchrier,1240334972105437185,2020-03-18 17:51:16,"RT @cheddar: Washington @RepKimSchrier on the coronavirus outbreak: 

""My big plea to everybody is to air on the side of extreme caution ri‚Ä¶"
RepKimSchrier,1240334881172881413,2020-03-18 17:50:54,The response to this pandemic should not be political or partisan. I‚Äôm glad to be partnering with Washington members on both sides of the aisle to make sure that individuals and families will receive the assistance they need to weather the economic effects of this outbreak. https://t.co/Md2mtN7eaZ
RepKimSchrier,1239707137569443856,2020-03-17 00:16:28,"RT @RepJayapal: #WA is at the epicenter of the #COVID„Éº19 outbreak in the U.S. Without personal protection equipment (PPE), our frontline he‚Ä¶"
RepKimSchrier,1239594898317328384,2020-03-16 16:50:28,"RT @WADeptHealth: ""Tomorrow, we will temporarily shut down restaurants, bars and entertainment/recreational facilities statewide."""
RepKimSchrier,1239304551456440324,2020-03-15 21:36:44,"It can be beyond challenging when schools close. Outside play is important, healthy, and safe! Keep group activities to just a few to limit risk. Guidance from @KCPubHealth https://t.co/1vfXph1obZ"
RepKimSchrier,1238586675699294218,2020-03-13 22:04:09,"Washington local and state officials have done everything they can with limited resources to keep people safe and prevent the spread of COVID19. A national emergency declaration means access to supplies, staffing, and hospital space needed to fight a pandemic. https://t.co/Y925amZNuh"
RepKimSchrier,1238121150288297985,2020-03-12 15:14:20,"To stay up to date with what I am working on related to COVID-19, and other issues like the environment, veterans, and children, sign up for my newsletter here: https://t.co/6MRVxq4S2q"
RepKimSchrier,1237879657443127297,2020-03-11 23:14:43,This afternoon I held a call w/ 8th district mayors to hear how COVID-19 is affecting their towns. Getting more masks to our frontline health workers and help for small businesses were two shared concerns. I‚Äôm pleased that the House will be taking action on these this week. https://t.co/4DqqquHiSJ
RepKimSchrier,1237800494493556740,2020-03-11 18:00:09,RT @EllensburgDR: Kittitas Valley Healthcare opens novel coronavirus clinic on hospital campus https://t.co/fxq9nprlj9
RepKimSchrier,1237783807757090817,2020-03-11 16:53:51,"RT @WHO: üö® BREAKING üö®

""We have therefore made the assessment that #COVID19 can be characterized as a pandemic""-@DrTedros #coronavirus http‚Ä¶"
RepKimSchrier,1237781588102066179,2020-03-11 16:45:02,"RT @knkxfm: NEW: ""We always have to be on guard for the next epidemic or pandemic."" KNKX All Things Considered host @edronco talks with @Re‚Ä¶"
RepKimSchrier,1237772295680245761,2020-03-11 16:08:06,"RT @cspanwj: .@RepKimSchrier on misinformation that coronavirus was manufactured in a lab

""There is no evidence that this came from a lab‚Ä¶"
RepKimSchrier,1237692890299666432,2020-03-11 10:52:34,"RT @WAplanfinder: In response to the potential growth of Coronavirus (COVID-19) cases, the Washington Health Benefit Exchange (Exchange) to‚Ä¶"
RepKimSchrier,1237117995291418626,2020-03-09 20:48:09,RT @TPCHD: ‚ÄúWhat would you do if you had the flu?‚Äù Our director of health explains COVID-19 is about as infectious as the flu or common col‚Ä¶
RepKimSchrier,1237115647395598337,2020-03-09 20:38:49,Tonight I will be holding a COVID19-specific telephone town hall. I'm excited to be joined by former CDC Director and infectious disease expert Dr. Tom Frieden. Sign up here: https://t.co/j1dXI8P4Kk https://t.co/ph73v5R7MS
RepKimSchrier,1236356593324785664,2020-03-07 18:22:36,"RT @KingCountyWA: You can help prevent the spread of #COVID19 by accessing King County services online or by phone whenever possible.

Visi‚Ä¶"
RepKimSchrier,1236356468514992128,2020-03-07 18:22:07,RT @CDCgov: Be prepared if your child‚Äôs school or childcare facility is temporarily dismissed due to a #COVID19 outbreak in your community.‚Ä¶
RepKimSchrier,1235754783014862849,2020-03-06 02:31:14,"This is very good news, especially for elderly Americans who right now have been most affected by COVID19. https://t.co/kY59TIGTFP"
RepKimSchrier,1235657050153201667,2020-03-05 20:02:52,RT @WADeptHealth: Welcome news!
RepKimSchrier,1235640857006571522,2020-03-05 18:58:32,RT @cathymcmorris: I‚Äôm with my Washington state colleagues in Congress. We‚Äôre headed back to WA with @SeemaCMS &amp; @CDCDirector. We will join‚Ä¶
RepKimSchrier,1235598386683883520,2020-03-05 16:09:46,"I am so sorry to do this, but I have to postpone tonight's tele-town hall until Monday, March 9th, 6pm. I am now traveling with the delegation &amp; VP Pence to WA to meet with local and state emergency officials. On Monday I will still be joined by former CDC Director Tom Frieden. https://t.co/0EAM3x2co9"
RepKimSchrier,1235572320564965376,2020-03-05 14:26:11,"Yesterday, the House passed an $8.3 billion emergency response package that will alleviate the financial burden on local and state governments fighting #COVID19 and make sure we are moving swiftly and safely to a vaccine."
RepKimSchrier,1235302843894181890,2020-03-04 20:35:23,"Tomorrow night I will be holding a coronavirus-specific telephone town hall. I am very excited that former CDC Director Dr. Tom Frieden, an infectious disease expert, will be joining me to assist with Qs. To make sure you can participate, sign up here: https://t.co/j1dXI8P4Kk https://t.co/AfjaulF4FJ"
RepKimSchrier,1235290487910735873,2020-03-04 19:46:17,I'm currently presiding over the House debate on the coronavirus spending bill. The House will be voting for it later this afternoon. https://t.co/rqE8oe7Aoh
RepKimSchrier,1235289705832423432,2020-03-04 19:43:11,"RT @SBGC2C: Former pediatrician @RepKimSchrier on #COVID19 virus: ""This is serious and this will get worse before it gets better. There‚Äôs n‚Ä¶"
RepKimSchrier,1234970219485024257,2020-03-03 22:33:39,"RT @KCPubHealth: If you're in @KingCountyWA and believe you were exposed to a confirmed case of #COVID19, or if you're a healthcare provide‚Ä¶"
RepKimSchrier,1234919030080835584,2020-03-03 19:10:15,"RT @WADeptHealth: If you are having trouble reaching out office by phone, thank you for your patience. Our lines are very busy. You may be‚Ä¶"
RepKimSchrier,1234896119827701762,2020-03-03 17:39:12,RT @iandraffairs: The @USCIS Seattle Field Office located in Tukwila is closed today due to concerns about COVID-19. They are also offering‚Ä¶
RepKimSchrier,1234859981385674754,2020-03-03 15:15:36,I‚Äôll be talking about #COVID19. Tune in here. https://t.co/13AhbGSBHt
RepKimSchrier,1234617828701036544,2020-03-02 23:13:23,"Stay up-to-date with information from your local and state health departments. As the situation evolves, I will be consolidating all local/state/federal information and resources here: https://t.co/pYtHZ8do7Y https://t.co/9DQ3oTgS1L"
RepKimSchrier,1234253541818105862,2020-03-01 23:05:50,"RT @WADeptHealth: A new Washington call center can answer questions about the Novel Coronavirus (2019-nCoV), how it spreads and what to do‚Ä¶"
RepKimSchrier,1233961632277114880,2020-03-01 03:45:53,"My statement on today's Washington state #COVID2019 news. For updated information, please visit the @WADeptHealth webpage here: https://t.co/E5x3J78kgZ https://t.co/FOh9XMrtFf"
RepKimSchrier,1233954272754184192,2020-03-01 03:16:39,"RT @seattletimes: Because of public health and safety concerns, we are allowing unlimited access to critical COVID-19 stories and resources‚Ä¶"
RepKimSchrier,1233773214267998208,2020-02-29 15:17:11,"The most productive things you can be doing right now are:
‚úÖ wash your hands often                     ‚úÖ don‚Äôt touch your face                       ‚úÖ stay home if you are sick                   ‚úÖ call your doctor if you are sick"
RepKimSchrier,1233773212300910592,2020-02-29 15:17:10,"I am monitoring this situation closely. In the past week, I have had several meetings with WA &amp; federal public health agencies to discuss #COVID19 and their response. Right now there is no need to panic. https://t.co/oMJKbkK9Lw"
RepKimSchrier,1229534894814044160,2020-02-17 22:35:37,Tomorrow @RepJeffries and I will be holding a Health Care Affordability Town Hall at the Issaquah Senior Center at 12:15pm. We‚Äôll provide some background on what the House Democrats have been working on and hope to hear your priorities. RSVP here: https://t.co/fbZHMeVdq3
RepKimSchrier,1225457617696362501,2020-02-06 16:33:58,"RT @NewDemCoalition: The NDC, led by the #NewDem Health Care Task Force Co-Chairs @RepAngieCraig, @RepSchrader, @RepKimSchrier, &amp; @RepGregS‚Ä¶"
RepKimSchrier,1217492173387681792,2020-01-15 17:02:08,"No family should have to choose between getting care from a doctor and putting food on the table. The most expensive care is in the hospital. This legislation will ensure that people get the care they need, when they need it."
RepKimSchrier,1217492172339077120,2020-01-15 17:02:08,I'm excited for a nurse and doctor team up with @RepUnderwood on the Primary and Behavioral Health Care Access Act! I have had parents wait to bring their sick child into the doctor's office to make sure the severity of the illness was worth an expensive copay. https://t.co/0cUgdo2dVF
RepKimSchrier,1217213997411438596,2020-01-14 22:36:46,This is common sense and good policy. Pregnant women should be allowed basic accommodations like more bathroom breaks or not lifting heavy things. Having these in place will mean safer and healthier moms and babies. https://t.co/o3tV1mZsNk
RepKimSchrier,1214255644976521218,2020-01-06 18:41:20,Thank you to everyone who came out to my first 2020 Town Hall in Auburn. And a special thank you to Auburn Mayor Nancy Backus who was our moderator. Great questions on what's happening w/cuts to SNAP benefits &amp; how to bring down the cost of health care and prescription drugs! https://t.co/ixnTGZQHZy
RepKimSchrier,1211669613739675648,2019-12-30 15:25:22,"I‚Äôm heartbroken to learn that our dear friend and colleague, our national civil rights hero and our moral North Star, has been diagnosed with pancreatic cancer. Sending prayers for a full and speedy return to health. https://t.co/grISdjNxUz"
RepKimSchrier,1207055605371985920,2019-12-17 21:50:56,"Today I voted for spending bills that:
‚úÖ invest in health care, education, election security &amp; environmental protection
‚úÖ have specific funding for gun violence prevention research
‚úÖ provide for our veterans 
‚úÖ keeps our government open https://t.co/CM3LZi1CgA"
RepKimSchrier,1206690706510827521,2019-12-16 21:40:58,"Thank you to all of the students who participated in my Congressional App Challenge! Some groups focused their apps on health and wellness, others on productivity, and even one on finding what kind of pet is right for you and your family."
RepKimSchrier,1206269440138055685,2019-12-15 17:47:00,"Today is the last day to sign up for health care coverage for 2020. Visit https://t.co/jtnNMQk3F3 and compare different options to find the best plan for you and your family. 

Take the time to #GetCovered today!"
RepKimSchrier,1205248582124744704,2019-12-12 22:10:29,"It will also cap out of pocket drug expenses for seniors at $2,000/year. This is groundbreaking legislation that will make a meaningful difference in the lives and health of Americans all over the country. The American people can't wait another day for this to become law."
RepKimSchrier,1204781222255321090,2019-12-11 15:13:21,"RT @HouseDemocrats: This week, Caucus Chairman Hakeem Jeffries and Vice Chair Katherine Clark outline House Democrats‚Äô signature health car‚Ä¶"
RepKimSchrier,1202249498946416644,2019-12-04 15:33:11,"The policy of not vaccinating people at the border is short-sighted. As flu season kicks into high gear, the threat of an outbreak at the border is heightened. Vaccines are one of the most cost-effective tools we have. We all benefit from a healthier population. https://t.co/iOfNN4z0eh"
RepKimSchrier,1198678302598291462,2019-11-24 19:02:32,"RT @CDCgov: CDC‚Äôs warning not to eat romaine lettuce from the Salinas, California, growing region includes ALL types of romaine (whole head‚Ä¶"
RepKimSchrier,1197632483057164289,2019-11-21 21:46:49,"We need solutions to expand access to healthcare, strengthen rural workforce retention, and utilize broadband and other tele-health technologies to ensure patients receive adequate and quality care."
RepKimSchrier,1197632482247622656,2019-11-21 21:46:49,Today is #NationalRuralHealthDay! Patients and their families in rural communities often have to travel long distances to see providers and receive the services they need. https://t.co/OcYOnNq1Vs
RepKimSchrier,1197616991932166144,2019-11-21 20:45:16,"I was proud to vote for this bill today that will create stronger protections for health care &amp; social service workers, who have a higher rate of workplace violence in their jobs. https://t.co/LZasZvEskv"
RepKimSchrier,1196860304136822784,2019-11-19 18:38:27,"Last week I joined @OversightDems hearing to talk about the unnecessary restrictions states are putting on health providers. But as a doctor, I couldn't let one of the witness's comments that were pseudoscience and baloney go without responding to them. https://t.co/GnuLbhzAUM"
RepKimSchrier,1196448365845856256,2019-11-18 15:21:34,"RT @CDCDirector: HCPs: Please remind your patients that the best way to prevent #flu, and possible hospitalization because of flu, is to ge‚Ä¶"
RepKimSchrier,1193958859179745280,2019-11-11 18:29:09,"Back in the district, my office has helped veterans who are struggling to access the benefits they deserve, whether that‚Äôs health care, a loan for a house, or getting a degree. Freedom is not free and I am committed to making sure we honor veterans for their service every day."
RepKimSchrier,1192869895584669696,2019-11-08 18:22:00,"Had a great time at an employee town hall at Darigold. They asked me thoughtful questions about the House's work on reducing healthcare costs, student loan forgiveness plans, agriculture sustainability practices, and much more. https://t.co/Ux7gxe26Wp"
RepKimSchrier,1191836372274954244,2019-11-05 21:55:09,"This Saturday I will be holding a pinning ceremony for Vietnam-era veterans who have given so much to our country, and deserve recognition. Are you a Vietnam-era veteran but can't make it on Saturday? Let my office know here: https://t.co/acSickmjjd https://t.co/j2T0Mna43f"
RepKimSchrier,1190376965502636032,2019-11-01 21:15:59,"Open enrollment for health insurance begins today and runs through December 15th. It's time to #GetCoveredWA, whether you are signing up for a plan or renewing your current one. More info here: https://t.co/xGCdTi9HWr https://t.co/U3yNK8cdrj"
RepKimSchrier,1187830904342896641,2019-10-25 20:38:51,In today's letter video I am responding to Judith about taking care of nurses. I'm a better doctor because of the nurses I learned from along the way &amp; will always bet indebted to them. Nurses are on the front line of health care and deserve good pay &amp; safe working conditions. https://t.co/vrkYgM2rDk
RepKimSchrier,1182304379019386881,2019-10-10 14:38:24,"According to the @CDCgov's new report, more than half of pregnant women are not getting their flu &amp; pertussis immunizations. The vaccines are very safe for pregnant women AND they will help lower the chance of babies getting sick after they are born. #VaccinesWork https://t.co/JuwMFCSB43"
RepKimSchrier,1179772096173486080,2019-10-03 14:56:01,"This is devastating. We parents in Sammamish and Issaquah mourn with the parents of these two teens, as this could have happened to any of our children. The opioid epidemic touches every one of our lives. https://t.co/YgIDjPn0FQ"
RepKimSchrier,1179074208942428160,2019-10-01 16:42:52,"I just introduced a bill with @DrPhilRoe to stop this from happening by requiring health plan providers to swiftly update their website when they are told there is incorrect information on it, saving money and headaches. https://t.co/ThJWXWxOCN"
RepKimSchrier,1179074208283934726,2019-10-01 16:42:52,"Have you ever tried to look up a phone number for a doctor on your health plan provider website only for it not to be there? Or worse, have you gone to a doctor the website said was in-network, but you were billed with out-of-network charges?"
RepKimSchrier,1176903620496941058,2019-09-25 16:57:43,"RT @HealthCareVoter: ""I happen to have Type 1 Diabetes myself. There has been no change to the medication, and I still don't know why the c‚Ä¶"
RepKimSchrier,1176591721540591617,2019-09-24 20:18:21,"As a doctor, I know substance use &amp; mental health disorders don‚Äôt discriminate. For many of us, these issues have affected friends and family. I‚Äôm proud to support National #RecoveryMonth with my colleagues in Congress. https://t.co/7RR7n4SUMD"
RepKimSchrier,1173596875095756800,2019-09-16 13:57:54,"The conditions I saw at the border highlighted the urgent need for enhanced infection control. As flu season begins, the threat of an outbreak is heightened. Vaccines are one of the most cost-effective tools we have. We all benefit from a healthier population."
RepKimSchrier,1173596873380286464,2019-09-16 13:57:53,".@RepBera, @CongressmanRuiz and I have sent a letter to @DHSgov and @CDCgov asking them to rethink their policy of not vaccinating migrants at the border for the flu. This policy is short-sighted and dangerous. https://t.co/4W4W1ACFIS"
RepKimSchrier,1171899296331026434,2019-09-11 21:32:19,"Coastal states like WA rely on clean water for healthy ecosystems. Oil drilling in the Pacific will destroy our beaches and waterways, and all of the life they support.

I just voted for two bills to #ProtectOurCoast &amp; will keep fighting to protect our environment. https://t.co/g4NDpY1Sy2"
RepKimSchrier,1171486743356305416,2019-09-10 18:12:59,This afternoon I‚Äôm at the @HouseGVP‚Äôs forum on the urgent need to address the gun violence epidemic in our country. https://t.co/ImW588iPX6
RepKimSchrier,1170046348709781504,2019-09-06 18:49:22,"This week I met with child nutrition advocates and staff at Columbia Valley Community Health WIC clinic in Wenatchee. We discussed the Child Nutrition Reauthorization coming up soon in Congress, and how we can give every child a strong start in life. https://t.co/JTw7O4lfY9"
RepKimSchrier,1169714850408345603,2019-09-05 20:52:07,Great to talk with @MomsDemand &amp; visit w/ farmers market goers in Sammamish about the importance of ending our country‚Äôs gun violence epidemic &amp; bring awareness to Suicide Prevention Month. Thank you to Mayor Malchow and City Councilmember Stuart for joining in the conversation! https://t.co/e5rs2mvJPo
RepKimSchrier,1166734443731701760,2019-08-28 15:29:02,"Thank you to everyone for coming out to my veterans forum this weekend! And thank you to our panelists for offering their expert knowledge on veterans health and benefits services. If you weren‚Äôt able to attend but have questions, you can always call my office at 425-657-1001. https://t.co/Hmay4e7UNT"
RepKimSchrier,1164265280501157888,2019-08-21 19:57:28,"Not vaccinating migrants puts them at risk, especially in overcrowded conditions. We all benefit from a healthier population, and we put our communities at risk when we fail to take basic steps to protect public health."
RepKimSchrier,1158056146164486144,2019-08-04 16:44:35,I came to Congress to protect the children and families in my district and in our great country. I will not stop fighting until we end this epidemic of #gunviolence in the United States.
RepKimSchrier,1155554584699580417,2019-07-28 19:04:16,"The people of #WA08 elected me to protect their health care &amp; our environment. Those will always remain my focus while I have the privilege of serving them in Congress. They also elected me uphold the Constitution. So, I am formally calling for an impeachment inquiry. https://t.co/JqDlwJDcLO"
RepKimSchrier,1152246695381671936,2019-07-19 15:59:54,"The American people want lower health care costs. I was proud to vote to repeal the ""Cadillac Tax"" this week. Studies have shown it will hurt millions of middle class families. https://t.co/FTLPPIAkSf"
RepKimSchrier,1143222522885935106,2019-06-24 18:21:04,Grateful that @RepDavidTrone invited Brown professors to speak on Rhode Island‚Äôs success in reducing opioid-related deaths in their state. I‚Äôm glad to be part of the Freshman Working Group on Addiction; we need to address this crisis with evidence-based solutions. https://t.co/WDwye4urgQ
RepKimSchrier,1136330106484482048,2019-06-05 17:53:04,It's #WorldEnvironmentDay! I wrote an op-ed with my friend and fellow doctor @RepBera  about how the effects of climate change affect our health and why we must #ActOnClimate. https://t.co/5qXuaRlBZU
RepKimSchrier,1134194029808291844,2019-05-30 20:25:03,The restrictive abortion law in Missouri is an appalling setback for women in Missouri and across the country. The removal of in-state abortion providers harms women's rights and health care. Abortion must remain accessible. #StopTheBans https://t.co/KNBDPAnc9J
RepKimSchrier,1133445998188126212,2019-05-28 18:52:39,Let‚Äôs be clear: this won‚Äôt stop abortions. It will just make them less safe. Abortion is health care. Period. This is a public health crisis and cannot stand. #StopTheBans https://t.co/cCw3LM0vNg
RepKimSchrier,1131678873220001793,2019-05-23 21:50:43,Happy to work with my friend and colleague @RepDelBene on legislation to help home health care workers. Our bill just passed the House as part of the #SECUREAct that will help strengthen Americans' retirement security. https://t.co/euNcYpeoQk
RepKimSchrier,1131591344802213889,2019-05-23 16:02:55,RT @WaysMeansCmte: (8/9): @RepDelBene and @RepKimSchrier‚Äôs legislation which allows certain home healthcare workers to contribute to a defi‚Ä¶
RepKimSchrier,1131558844600131596,2019-05-23 13:53:46,"Proud to be a sponsor of the  Women‚Äôs Health Protection Act, a federal law that will address the state-based attacks on #abortion rights. Abortion is a legal, safe, common medical procedure. These attacks must stop! https://t.co/UZPObDIZKc"
RepKimSchrier,1131197573241430017,2019-05-22 13:58:12,"@nothingofwater Thanks, I agree. That's why my bill will help the CDC with data gathering about immunization rates across the country. And then target education and information campaigns to where they are needed most."
RepKimSchrier,1130943086639616001,2019-05-21 21:06:58,"With my colleagues today, in white, in honor of the #WomensVote100. We‚Äôve come a long way! But with women‚Äôs health care and black maternal mortality, equal pay, and parity in Congress, we have a long way to go. https://t.co/rBwTtBxajR"
RepKimSchrier,1130613538735755265,2019-05-20 23:17:28,"Thrilled that my bill, #StrongerCAPTA, has passed the House unanimously. This bill will help states &amp; communities address the recent rise in cases of child neglect and abuse. And make sure that every family gets the support they need. My full statement: https://t.co/uMDxv8WU6k"
RepKimSchrier,1129143987762282502,2019-05-16 21:57:59,"Happy National Women's Health Week! I want to remind all of the women who are so used to taking care of everybody else, to also take care of yourself. Get screened, make sure you put on sunblock, eat well and don't smoke! #NWHW https://t.co/T3w1f9aSjW"
RepKimSchrier,1127997557152669696,2019-05-13 18:02:29,Thank you! We should be doing everything to #GiveYourKidsAShot at being healthy well into the future. I made sure Sam was vaccinated because #VaccinesWork. https://t.co/SVvuunluEr
RepKimSchrier,1126618575282819072,2019-05-09 22:42:54,"No one should have to wonder whether their health insurance will cover their asthma, diabetes or hypertension. We must bring back some certainty back into the health care system. I just voted to make sure insurance actually insures! #ProtectOurCare"
RepKimSchrier,1126501906258382849,2019-05-09 14:59:18,"At noon today, I will be in the Speakers chair overseeing the debate on pre-existing conditions. As someone with a pre-existing condition, I understand how hard these constant attacks on health care are. Today we're voting to #ProtectOurCare"
RepKimSchrier,1125811279967469568,2019-05-07 17:15:00,"Millions of Americans, including me, stand to lose health insurance or be priced out if the Administration's insurance guidance stands. We cannot go back. This week we are voting to bring certainty to families who've asked us to #ProtectOurCare"
RepKimSchrier,1123379003065237504,2019-05-01 00:10:00,"As a mother, a pediatrician, and a U.S. Representative for Washington, I am committed to protecting the health of our children. #iVax2Protect my patients to help assure a strong, bright future for them.  https://t.co/l8iwmHyisO"
RepKimSchrier,1123353838218428416,2019-04-30 22:30:00,Children are our future and we must protect their health. That is why #IVax2Protect and why I'm working to improve the health care system in our country. https://t.co/8G9kuf6tKh
RepKimSchrier,1123338331176275968,2019-04-30 21:28:23,"As a pediatrician, and a new member of Congress, I know that vaccines are safe, they are effective, and they so important not just in keeping your own child healthy, but in keeping our community safe. #IVax2Protect #VaccinesWork https://t.co/rOFLhKGcPa"
RepKimSchrier,1120811416548782080,2019-04-23 22:07:20,Enjoyed a powerful conversation about the ways that #VAWA protects survivors of domestic and intimate partner violence. I‚Äôm proud my amendment to provide more funding for health care providers to address impacts of DV on children recently passed the House. https://t.co/pa5l7iiBl8
RepKimSchrier,1115303790217965570,2019-04-08 17:21:59,"Our community is healthier and our local environment is stronger because of the Mountains to Sound Greenway. Thankful that with an NHA designation, local residents and visitors will be able to enjoy the Greenway for years to come! https://t.co/71AvFRZdd4"
RepKimSchrier,1114547338893320192,2019-04-06 15:16:07,"RT @RepColinAllred: I was proud to share Natalie‚Äôs story this week, and her fight to protect health care and the ACA.

Let‚Äôs carry on Natal‚Ä¶"
RepKimSchrier,1113845866073403392,2019-04-04 16:48:43,"#VAWA19 also passed with my, @RepUnderwood &amp; @RepShalala's amendment to increase the number of health care professionals who are able to assist with children exposed to violence."
RepKimSchrier,1112822994823516161,2019-04-01 21:04:11,Thank you to @cheddar for the opportunity to talk about health care &amp; why we need to bring down costs and shore up protections for people like me with a pre-existing condition. Watch the full interview here: https://t.co/V0s7ty5WVv https://t.co/uofnk58sK9
RepKimSchrier,1110661029309177856,2019-03-26 21:53:19,"Attempts to dismantle the #ACA &amp; threats of taking away care for people like me with pre-existing conditions has led to uncertainty. And as a doctor, I know that families are very concerned about health care costs. It's long overdue to #ProtectOurCare"
RepKimSchrier,1109601098736824320,2019-03-23 23:41:31,"9 years ago today, the #ACA was signed into law. It guaranteed me and over 3 million Washingtonians access to #healthcare even with pre-existing conditions. In building on this legacy, we will keep fighting to bring down costs and increase access."
RepKimSchrier,1109457908826337280,2019-03-23 14:12:32,"Great meeting with King County Mayors. We talked about transportation and infrastructure, local funding needs, and social media impacts on teen mental health. Hopefully the first of many! https://t.co/d8d7aOXmCQ"
RepKimSchrier,1106589268309393408,2019-03-15 16:13:35,"Heartbreaking news out of New Zealand. None of us is safe as long as this epidemic of violent, hateful extremism exists. We must condemn it &amp; those who inspire this white supremacist rhetoric at every turn. Sending condolences and prayers. Salaam Alaikum"
RepKimSchrier,1104137311003074560,2019-03-08 21:50:23,"When scared parents are searching the internet about how to best protect their young children, websites like the @CDCgov‚Äôs should be the first results, not hoax videos. We must do more with fact-based #vaccines info. Read my full op-ed here: https://t.co/dkvZXlGQN4"
RepKimSchrier,1101222716009562113,2019-02-28 20:48:49,RT @HouseNewDems: Affordable health care is critical to the financial security and wellbeing of American families. We cannot allow partisan‚Ä¶
RepKimSchrier,1100871325172858880,2019-02-27 21:32:31,"After too many years of ""thoughts and prayers"", we are finally getting something done to fix the gun violence epidemic in our country. Proud to support #HR8 #endgunviolence"
RepKimSchrier,1099072146150735872,2019-02-22 22:23:14,"The President‚Äôs gag rule is dangerous because patients deserve to know all of their options. Health care decisions should be left to patients and their provider-there‚Äôs no place for politics in the exam room.¬†As a doctor, I strongly oppose the gag rule. #nogagrule"
RepKimSchrier,1098001455624134656,2019-02-19 23:28:41,"RT @AAPNews: First pediatrician elected to Congress @RepKimSchrier prioritizes health care, gun safety, https://t.co/iW2YdI8Lgd   #PutKids1‚Ä¶"
RepKimSchrier,1093168743335841794,2019-02-06 15:25:13,Getting ready for my first @EdLaborCmte hearing on healthcare and preexisting conditions. Right in my wheelhouse! https://t.co/Cf6W3zRLDz
RepKimSchrier,1091377918918492161,2019-02-01 16:49:07,"Yet another attempt to restrict women's access to healthcare. Rather than creating medically unwarranted barriers to abortion care, how about focusing on real threats to women like maternal mortality? Make no mistake, delayed abortion only increases risk to women. Enough! https://t.co/wXhNbqEK55"
RepKimSchrier,1087761162060611584,2019-01-22 17:17:25,46 years after #RoevWade and we still cannot count on abortion remaining safe and legal. I stand strong against all efforts to curb women's access to reproductive healthcare. Stand with me. #Roe46
RepKimSchrier,1083122991079276555,2019-01-09 22:06:59,"As the lone woman doctor in Congress, and as a patient with Type 1 Diabetes, I look forward to leading healthcare conversation in my new role: https://t.co/8Wcds0ONoz"
RepKimSchrier,1083055695723925507,2019-01-09 17:39:34,"Just walked off the floor after giving my first floor speech! As the House‚Äôs lone female pediatrician, it was important to me to talk about protecting #healthcare. Check back for a video clip later today!"
