RepLaHood,1321987736690188289,2020-10-30 01:30:12,"At Nucor‚Äôs American Buildings in El Paso, I toured the steel facility &amp; spoke with workers about the impact of COVID-19, trade &amp; infrastructure. Their Made in America steel helps provide good-paying jobs in central Illinois, &amp; I want to thank Nate &amp; his team for the warm welcome. https://t.co/Dn5mBamhHP"
RepLaHood,1321180602708668423,2020-10-27 20:02:56,"Great to join the Washington Rotary Club over lunch at Countryside today to discuss issues related to COVID-19, our small businesses, and the economy. Thanks to Mayor Gary Mainer, Stephanie Deiters, and Kristi LaHood-Cape for the warm welcome. https://t.co/TWqOhJndmz"
RepLaHood,1319285700907266048,2020-10-22 14:33:16,RT @JoeGalvanHUD: Thank you for the collaboration in our joint efforts to ensure the safety of children and families by keeping healthy hom‚Ä¶
RepLaHood,1318933292222205957,2020-10-21 15:12:56,"RT @nic_fisher: There aren't a lot of feel good stories to tell in 2020 about successes that are a result of the Covid-19 pandemic.

But 1‚Ä¶"
RepLaHood,1317182577921413120,2020-10-16 19:16:13,The academy is also a current site for the @OSFHealthCare mobile unit that offers much needed medical access and screening in Peoria. Thanks for all you do for our community! https://t.co/bOewN0jwKd
RepLaHood,1317121157586423811,2020-10-16 15:12:09,The cookie factory in Wenona has been a staple in Marshall County for years. I appreciated touring the facility and learning about all the safety measures Hearthside has taken to keep production going and workers safe during the pandemic. Thanks for doing business in #IL18! https://t.co/YogJ83Nn0B
RepLaHood,1316756469405175809,2020-10-15 15:03:01,"Washing your hands with soap is an effective way to slow the spread of COVID-19 and keep your loved ones safe. On #GlobalHandwashingDay, we reaffirm our commitment to promote health and good hygiene.

Read more about our efforts on the WASH Caucus: https://t.co/ju9WEAQt4X https://t.co/y4YWiAlJ8B"
RepLaHood,1314588380836106241,2020-10-09 15:27:48,"Thanks to the Hancock County Farm Bureau and the Hancock County EDC for hosting me this week to discuss trade, ethanol, and the impact of COVID-19 and state-mandated closures on the region. Congress must continue to work to provide relief and reinvigorate our economy. https://t.co/6R7uV1Tic0"
RepLaHood,1313223161211748354,2020-10-05 21:02:54,"In Springfield today, I spoke with @JordanElderTV about the #ChinaTaskForce final report and getting additional COVID-19 relief to small businesses and families in central Illinois. Watch the full discussion on @wics_abc20. https://t.co/37HtZN1XL9"
RepLaHood,1312043865629696005,2020-10-02 14:56:48,"RT @WaysandMeansGOP: Manufacturing is an essential part of America‚Äôs economy.

In the face of #coronavirus, implementation of #USMCA and @H‚Ä¶"
RepLaHood,1310948728103219201,2020-09-29 14:25:07,"RT @RiponAdvance: ‚ÄúThrough no fault of their own, state and local governments face significant challenges because of the COVID-19 pandemic‚Ä¶"
RepLaHood,1309142099426770945,2020-09-24 14:46:13,"I joined @USGLC yesterday to discuss the impact of COVID-19 on #IL18 communities, national security, and the Illinois economy. Thanks to the U.S. Global Leadership Coalition for their work to strengthen American diplomacy.https://t.co/20CVpWiWSr"
RepLaHood,1308791265308413953,2020-09-23 15:32:08,RT @RepTimButler: Great virtual town hall this morning with @RepLaHood and @USGLC discussing the impact of COVID19 on Illinois. https://t.c‚Ä¶
RepLaHood,1308500680060018688,2020-09-22 20:17:27,"Continuing to support access to quality, coordinated healthcare with providers, hospitals, caregivers, &amp; patients is critical in our fight against COVID-19 &amp; to lower healthcare costs. I joined a bipartisan group to urge Congress to address a timely challenge facing ACOs. https://t.co/i7NmQouwgM"
RepLaHood,1305937486942789633,2020-09-15 18:32:14,Inadequate water is a risk to our security &amp; health. Prioritizing clean water &amp; hygiene will help get ahead of the next virus before it becomes a pandemic &amp; the next scuffle before it becomes a conflict. That's why we've launched the bipartisan WASH Caucus.https://t.co/fG08bb6E4K
RepLaHood,1305201291514306561,2020-09-13 17:46:52,"The cost of not having youth and high school athletics this fall will be significant. Sports play an integral role in the health and education of our children. Our kids want to play, and they can do so safely.

@GovPritzker, it‚Äôs time to let them play.
https://t.co/1JS90khN5O"
RepLaHood,1304790202779602946,2020-09-12 14:33:20,Quincy is blessed to have a great healthcare community. I visited leadership at QMG &amp; Blessing Hospital to get feedback on COVID relief. I also saw the ongoing projects at each organization that will improve healthcare options &amp; further Quincy‚Äôs first class medical community. https://t.co/iB35E0FYkW
RepLaHood,1301952729355612161,2020-09-04 18:38:14,"In Springfield today, I spoke with @JonHansenNews about getting Illinois workers safely back on the job, reinvigorating our economy, &amp; additional targeted relief for workers &amp; families in response to the COVID-19 pandemic. Watch the full discussion on @wics_abc20. https://t.co/jcEpW7NOdb"
RepLaHood,1301930986645618689,2020-09-04 17:11:50,I visited Manito Trucking to talk about the need to authorize a long-term infrastructure bill &amp; industry-wide initiatives to recruit &amp; train drivers. Thank you to the truck drivers who are delivering products &amp; keeping our supply chain moving during the COVID-19 pandemic. https://t.co/GHRsG1jqvx
RepLaHood,1301169767965954048,2020-09-02 14:47:01,"RT @RepRonWright: COVID-19 has shown us the importance of securing our supply chains &amp; becoming medically independent from the #CCP.

I'm p‚Ä¶"
RepLaHood,1301144414774067202,2020-09-02 13:06:17,"Thanks to JBS for investing $2.5 million in the Beardstown community as part of their Hometown Strong Initiative. This funding will help respond to needs resulting from the COVID-19 pandemic and strengthen Beardstown's future.
https://t.co/PM2Lo2U8t2"
RepLaHood,1300129835201843200,2020-08-30 17:54:42,"In central Illinois, cutting edge research &amp; clinical trials are helping our country‚Äôs effort to find a COVID-19 vaccine. I spoke with @PeoriaChamber &amp; the @USChamber‚Äôs @globalIPcenter to discuss the innovative work our medical community is doing in #IL18. https://t.co/aF13QQejsR"
RepLaHood,1298769545616912384,2020-08-26 23:49:24,Thank you to Adjutant General Neely of the @IL_Natl_Guard &amp; Colonel Carpenter of the 183rd Air Wing in Springfield for an update on the 183rd‚Äôs mission &amp; their COVID-19 relief support. I will continue to support the men &amp; women who serve in the Air National Guard in Congress. https://t.co/smKn5GbC7w
RepLaHood,1298706446796939265,2020-08-26 19:38:40,"I joined the @PeoriaChamber, @globalIPcenter &amp; medical professionals to discuss innovative research happening in our hospital systems in central IL as part of the national effort to find a COVID-19 cure. We also talked about protecting US innovation from IP theft in trade policy. https://t.co/grY8KFJvi9"
RepLaHood,1298276242479865858,2020-08-25 15:09:11,"Great to visit with Adjutant General Neely of the @IL_Natl_Guard, Assistant Adjutant General Nezamis &amp; Colonel McDonough of @the182AW in Peoria for an update on the 182nd‚Äôs mission. The Guard played a key role in our COVID-19 response &amp; I‚Äôll continue to support them in Congress. https://t.co/KFk9HUYPsr"
RepLaHood,1296614267282694145,2020-08-21 01:05:05,RT @MDH_Hospital: Thank you @RepLaHood for visiting MDH during your recent trip to Macomb. We appreciate you spending time with our hospita‚Ä¶
RepLaHood,1296550793454247942,2020-08-20 20:52:52,Thank you to the @mcleancochamber for having me this afternoon to provide a #StateofCongress update with @RodneyDavis. We had a good discussion about the COVID-19 impact on McLean County small businesses and the challenges they face in our recovery from the virus. https://t.co/YOwKK5QLEn
RepLaHood,1296448777000280066,2020-08-20 14:07:29,"It was great to be in Macomb yesterday for move-in day at WIU and to visit with the McDonough Co. Hospital personnel. I will take what I heard back to DC to ensure west-central Illinois continues to get the resources we need to combat COVID-19. 
https://t.co/rA18TqvS69"
RepLaHood,1296189610108870657,2020-08-19 20:57:39,I want to thank @WesternILUniv President Abraham &amp; his team for the campus tour &amp; highlighting all of the new safety protocols implemented in response to COVID-19. I was impressed with WIU‚Äôs approach &amp; want to wish them all the best as they start the school year. Go Leathernecks! https://t.co/6GiThGry2A
RepLaHood,1296116360653819905,2020-08-19 16:06:35,"RT @WMBDNews: An ethanol plant in Galva is finding a new purpose during the COVID-19 pandemic. In a matter of weeks, Global Impact Innovati‚Ä¶"
RepLaHood,1296074223413342208,2020-08-19 13:19:09,Global Impact Innovation &amp; Big River Resources in Galva started making ethanol-based hand sanitizer in March to help combat COVID-19. They hired 20 additional people &amp; the innovation holds great potential for midwestern ethanol. We are grateful for the investment in central IL! https://t.co/4X6ROOOhBs
RepLaHood,1295792849984925697,2020-08-18 18:41:04,"I recently joined @WITA_DC for a discussion about US-China relations, my work on the #ChinaTaskForce &amp; trade. As America works to recover from COVID-19, strengthening our global competitiveness through trade is critical to rebuilding our economy. Watch‚¨áÔ∏è
https://t.co/H0UyVnC6qz"
RepLaHood,1295729970006892546,2020-08-18 14:31:13,"It was a great morning at the 111 Coffee in Wyoming! I heard from constituents in Stark County about the need for increased rural broadband funding and financial support for small communities, schools, and law enforcement in the next COVID-19 relief bill. https://t.co/2qGglOTdpQ"
RepLaHood,1295717730612649985,2020-08-18 13:42:34,"Hardin Industies Inc. is expanding their manufacturing operations in Lacon, bringing 65 news jobs to Marshall County. As we work to recover from COVID-19, this is great news for Lacon that will spur economic opportunity.
https://t.co/do24NbRSa0"
RepLaHood,1295468928018382849,2020-08-17 21:13:55,"Community Health Centers play a critical role in keeping our communities in #IL18 healthy, particularly now as they protect us from COVID-19. Last week, we celebrated #NHCW20. I am proud to support the work they do to provide affordable and reliable healthcare to IL residents. https://t.co/BJTJSX1qNj"
RepLaHood,1295453394300219394,2020-08-17 20:12:12,"As we work to recover from COVID-19, Congress can take important steps to support food and beverage distributors, their workers, and their customers impacted by this pandemic with the PLUS Act. Read my op-ed with @IFDA:  https://t.co/Q97I3nGd7l"
RepLaHood,1295112536166195202,2020-08-16 21:37:45,"It was great to be in Quincy this week to visit Kohl Wholesale and discuss the PLUS Act, which will support food and beverage distributors, their workers, and their customers as we rebuild from COVID-19. Read more from @WGEM: https://t.co/pnK8A5HKsM"
RepLaHood,1294355289475616769,2020-08-14 19:28:43,"In Beardstown, I enjoyed joining Mayor Leslie Harris to hear from city leadership and residents. We discussed the impact of COVID-19, state-mandated closures, and the importance of infrastructure in Cass County. https://t.co/iQNCgBC67D"
RepLaHood,1294280673885401095,2020-08-14 14:32:13,"Thanks to Kohl Wholesale in Quincy for having me to discuss my bill, the PLUS Act, and tour their facility. Food distributors, like Kohl, ensure our food supply chain stays strong. The PLUS Act will allow distributors to continue supporting customers as we rebuild from COVID-19. https://t.co/W2gw2sehiU"
RepLaHood,1293239745020071936,2020-08-11 17:35:57,"Salons &amp; barbershops have been disproportionately impacted by COVID-19. My bipartisan legislation will provide these small businesses relief as we work to reinvigorate our economy.

Read more from Paola at Five Senses Spa, Salon &amp; Barbershop in Peoria ‚§µÔ∏è
https://t.co/CgZH4qOoxP"
RepLaHood,1292979309901225986,2020-08-11 00:21:04,"In Jacksonville today, I sat down with @wldsnews to discuss COVID-19 relief, my visit to Morgan County, reinvigorating our economy, and many more issues. You can listen to and read our conversation this week at https://t.co/4mfCQHQuRn. https://t.co/agzq0izt9e"
RepLaHood,1290722887524114434,2020-08-04 18:54:51,"The economic impact on Peoria from COVID-19 &amp; state-mandated closures is being felt across our community. Pleased to announce that $1.4 million in CARES Act funding is being directed to Peoria to support businesses &amp; workers during this difficult time.
https://t.co/lNwO0l5CVW"
RepLaHood,1290720470824820739,2020-08-04 18:45:15,RT @pjstar: City of Peoria lands $1.4 million for COVID-19 relief loans to businesses https://t.co/8BM7tAS147
RepLaHood,1290719351289589764,2020-08-04 18:40:48,"RT @HOIABC_News: ‚ÄúThe economic impact on Peoria by COVID-19 and state-mandated closures is being felt across our community,‚Äù said Rep. LaHo‚Ä¶"
RepLaHood,1289568170190286848,2020-08-01 14:26:25,"I joined Joey McLaughlin on @WTAX this week to discuss the new regulations on youth sports, the importance of telehealth, and COVID-19 relief.

Listen ‚§µÔ∏è https://t.co/5eJHm7SKsa"
RepLaHood,1289240205522685954,2020-07-31 16:43:12,"RT @RodneyDavis: New data shows that as of June 30, the State of Illinois has only spent roughly 14% of the federal COVID-19 relief funding‚Ä¶"
RepLaHood,1289230141592227840,2020-07-31 16:03:13,I continue to hear from local leaders in #IL18 who are struggling because of COVID-19 and Governor Pritzker‚Äôs stay-at-home orders. Congress intended for this federal relief money to be disbursed to those in need. Not to be withheld by Governors.
RepLaHood,1289230136353554436,2020-07-31 16:03:11,The lack of transparency regarding federal COVID-19 funding sent to Illinois from @GovPritzker is unacceptable. Congress &amp; the federal gov't sent $3B+ but only 14% has been utilized. The Governor must immediately provide information on how federal taxpayer money is being spent.
RepLaHood,1288865905615802374,2020-07-30 15:55:52,"Spoke with @BrianMackey about a variety of issues including additional COVID-19 relief, our economic recovery, the new rules for youth sports in Illinois, and more. 

You can listen to our conversation at 11 am central ‚¨áÔ∏è https://t.co/aCgXmV6BvQ"
RepLaHood,1288251363122647040,2020-07-28 23:13:54,"Given the COVID-19 pandemic, now more than ever the government should do all it can to promote certainty and economic growth. That's why I joined some of my Illinois colleagues to urge the Army Corps to speed up maintenance of the LaGrange Lock and Dam ahead of the Fall harvest. https://t.co/dou1gpFbvb"
RepLaHood,1288221674358353921,2020-07-28 21:15:55,"Listen to my discussion from this morning with @BishopOnAir on @NewsTalkWMAY about COVID-19 relief, my Clean Start legislation that will incentivize a safe return to work, and the developments in the federal corruption investigation that implicated Speaker Madigan ‚¨áÔ∏è https://t.co/f8F2aDUy7k"
RepLaHood,1288201236790022146,2020-07-28 19:54:43,RT @RiponAdvance: ‚ÄúThe Value in Healthcare Act is a commonsense proposal that includes substantive reforms to encourage and support greater‚Ä¶
RepLaHood,1288081770731241474,2020-07-28 12:00:00,"Joining @ScottMillerShow on @WJBC at 7:10 am central time to provide a Washington update and discuss COVID-19 relief. Listen ‚§µÔ∏è
https://t.co/jXasBoOF7J"
RepLaHood,1286752576957034496,2020-07-24 19:58:15,"RT @WaysandMeansGOP: Yesterday we introduced our agenda for restoring a healthy American economy

Part of this agenda is @RepLaHood's Make‚Ä¶"
RepLaHood,1286383791364349953,2020-07-23 19:32:50,"Today, I introduced the Bringing Back American Jobs Through IP Repatriation Act as part of @WaysandMeansGOP's Agenda For a Healthy American Economy.

Learn more about our efforts to strengthen America's competitiveness and increase innovation ‚¨áÔ∏è
https://t.co/TIbMIfoNAQ"
RepLaHood,1286363814078947330,2020-07-23 18:13:27,"RT @WaysandMeansGOP: Americans deserve action when it comes to fighting #coronavirus.

Today Ways and Means Republicans introduced our agen‚Ä¶"
RepLaHood,1285691833343971328,2020-07-21 21:43:14,"COVID-19 has severely impacted Illinois food and beverage distributors. I joined @RepJimmyPanetta today to introduce legislation that will help distributors keep their employees on the payroll and protect our food supply chain.
https://t.co/COdeluAELY"
RepLaHood,1285290350505013254,2020-07-20 19:07:53,"RT @WaysandMeansGOP: We can grow the economy, return to work, and innovate our health care system safely and responsibly.

Republicans on t‚Ä¶"
RepLaHood,1283394922498883585,2020-07-15 13:36:08,"Thanks to everyone who joined last night‚Äôs telephone town hall! We had a productive conversation about COVID-19 and issues that matter to constituents of #IL18. If you would like to participate in future calls, you can subscribe here: https://t.co/xStfeS7ZNG https://t.co/hn0qsrRjxQ"
RepLaHood,1282358673575215104,2020-07-12 16:58:27,"Great news for @ConnectTransit! This week, @RodneyDavis and I announced that over $930,000 in CARES Act grant funding was awarded to support Bloomington-Normal's public transportation system in the wake of COVID-19.
https://t.co/FT13ZH2D0G"
RepLaHood,1282357041072349187,2020-07-12 16:51:58,"This week, I joined @USIP, @nancylindborg, and my fellow co-chair of the US-China Working Group @RepRickLarsen for a discussion on the current US-China relationship, human rights, Hong Kong, trade, COVID-19, and more.

Watch our full conversation ‚¨áÔ∏è
https://t.co/zMtLzXWmLE"
RepLaHood,1280550881730183169,2020-07-07 17:14:56,"Salons and barbershops have disproportionately impacted by #COVID19. My bipartisan, commonsense legislation will provide these small businesses needed relief during this difficult time.
https://t.co/dezra4gkC2"
RepLaHood,1278693301772640256,2020-07-02 14:13:34,"#USMCA will create more opportunities for #IL18 farmers, manufacturers, and workers. It will provide needed certainty for our ag producers and create jobs‚Äîwhich is critical for our #COVID19 recovery.
https://t.co/H7H8rh3gL0"
RepLaHood,1277719478369951744,2020-06-29 21:43:57,"RT @WaysandMeansGOP: What's in Pelosi's H.R. 1425 health care plan:
 
‚û°Ô∏è Fewer Cures for Americans
 
‚û°Ô∏è Expanding Obamacare
 
‚û°Ô∏è Subsidies‚Ä¶"
RepLaHood,1277616442289147904,2020-06-29 14:54:31,"I joined @MarkMaxwellTV for yesterday‚Äôs @CapConnectIL. We discussed the #COVID19 response, the #PaycheckProtectionProgram, police reform efforts in DC, and more.

Watch ‚¨áÔ∏è
https://t.co/AXpn9LLrIX"
RepLaHood,1275459916187254785,2020-06-23 16:05:15,"This weekend, I met with my #IL18 Veteran Advisory Board to discuss priorities facing our veteran community. We had a good conversation about the impact of #COVID19 on veterans, suicide prevention awareness, health care &amp; veterans‚Äô services. Learn more: https://t.co/qxwbKbCwbM https://t.co/7O919Gk1P2"
RepLaHood,1273683350172110850,2020-06-18 18:25:49,Joined the Ways and Means Subcommittee on Select Revenue Measures for a hearing on tax relief to support workers and families during #COVID19. We must focus on incentivizing a safe return to work to put our country back on strong economic footing. Watch: https://t.co/LoHWxOyboN https://t.co/fzYY2EXWro
RepLaHood,1272914416456138752,2020-06-16 15:30:21,"Important: the #PaycheckProtectionProgram application deadline is June 30th. This program has been a lifeline to small businesses across Illinois during the #COVID19 pandemic. If you need assistance, learn more ‚¨áÔ∏è https://t.co/kvQRxzeSrf"
RepLaHood,1272643537046208512,2020-06-15 21:33:58,"RT @China_TaskForce: #ChinaTaskForce chair @RepMcCaul releases interim report on origins of COVID-19 Pandemic‚¨áÔ∏è

""It's become crystal clear‚Ä¶"
RepLaHood,1271480584414642176,2020-06-12 16:32:48,"China presents us with a unique challenge because of #COVID19. As we look to the future, we must strengthen our supply chains and build off of the Phase One trade deal to increase competitiveness. Learn more from my discussion with the @RiponSociety about the #ChinaTaskForce ‚¨áÔ∏è https://t.co/zBZnREb2J9"
RepLaHood,1270818886376730625,2020-06-10 20:43:27,"My shoes haven‚Äôt looked this good in months, but they do now, thanks to Peoria‚Äôs own George Manias. For 74 years, George‚Äôs Shoeshine &amp; Hatters has been a staple in Peoria, but #COVID19 closed his shop. It‚Äôs great to see him back in business.

Nobody does it better than George! https://t.co/UZY0WqXFue"
RepLaHood,1270722485655187458,2020-06-10 14:20:24,"I had the pleasure of joining @PSimonInstitute this week for their #UnderstandingOurNewWorld series. We had a great discussion about state &amp; federal politics, #COVID19 response, reopening our economy, IL's fiscal challenges, fair maps &amp; more.

Watch ‚§µÔ∏è
https://t.co/JOTihFgB91"
RepLaHood,1267903940483518469,2020-06-02 19:40:30,"Illinois must deliver #COVID19 federal aid allocated for small, rural communities in need. Additional funding from Congress should go directly to cities &amp; municipalities, instead of being routed through states who have circumvented Congressional intent. https://t.co/dF9oLK6bnl"
RepLaHood,1267543491074195465,2020-06-01 19:48:12,Getting folks back to work is critical to reinvigorating our economy. I've cosponsored @RepKevinBrady's back-to-work bonus proposal that will incentivize the temporarily unemployed to return to work. This will help Main Street rebuild in the wake of #COVID19. https://t.co/cqIvYWMhBk
RepLaHood,1265772952252973057,2020-05-27 22:32:43,"#COVID19 &amp; forced shutdowns are threatening the jobs of first responders &amp; firefighters like those in @AFFI1935 &amp; @pfdlocal50. That's why I've called on FEMA to give greater flexibility to SAFER grantees, so experienced firemen &amp; women can keep their jobs. More from @WMBDNews ‚¨áÔ∏è https://t.co/wbDn3Mm5ic"
RepLaHood,1265684593669214208,2020-05-27 16:41:37,"RT @WaysandMeansGOP: By reopening our economy safely, continuing to fight #coronavirus, and getting hard-working Americans back into their‚Ä¶"
RepLaHood,1264248986980024321,2020-05-23 17:37:01,"Chip‚Äôs Handyman Service is fighting hunger and giving back to the Jacksonville Food Bank in wake of #COVID19.

Thanks to Chip Williams and his team for helping those in need during these difficult times. #InItTogether #HeroesUnmasked @journalcourier
https://t.co/iWSc6LDT8a"
RepLaHood,1263496258674720779,2020-05-21 15:45:57,"It's unacceptable that Illinois continues to withhold federal #COVID19 aid from municipalities in need. Smaller, rural communities need help too.

That's why I joined my IL GOP colleagues to call on Gov. Pritzker to provide transparency about where this federal funding is going. https://t.co/WpJTJhQFu3"
RepLaHood,1263487120972427265,2020-05-21 15:09:38,"RT @RepKevinBrady: Illinois &amp; @GovPritzker under fire for withholding COVID-19 aid Congress sent for small &amp; rural communities.

@RepLaHood‚Ä¶"
RepLaHood,1262505927313416197,2020-05-18 22:10:43,"The threats against communities fighting to save their livelihoods in the wake of #COVID19 are unconscionable.

I agree with @NikkiHaley &amp; @standamericanow. We should empower local leaders who balance the health &amp; economic needs of their towns, not harm them with top-down fiats. https://t.co/ZyDOF82jAt"
RepLaHood,1261471033154043906,2020-05-16 01:38:25,It is deeply troubling that during a global pandemic &amp; in the middle of an economic crisis that House Dems took an unserious approach that puts their political agenda over #COVID19 relief. Congress must focus on providing bipartisan assistance to those in need. Full statement ‚¨áÔ∏è https://t.co/a0UpxEfdiZ
RepLaHood,1260950737342906368,2020-05-14 15:10:57,"Joining @wgnkingjohn on @WGNRadio at 10:15am to discuss #COVID„Éº19 and Congressional action to provide relief for Illinois. Listen ‚¨áÔ∏è
https://t.co/4vISmSH276"
RepLaHood,1260896550131134470,2020-05-14 11:35:38,"Joining Joey McLaughlin on @WTAX at 6:45am this morning to discuss #COVID„Éº19 and our recovery efforts. Tune in ‚¨áÔ∏è
https://t.co/z73DZY6FzC"
RepLaHood,1260672832620691462,2020-05-13 20:46:40,"RT @RepBradWenstrup: With all of the interruptions that the COVID-19 outbreak caused, I recently sent a bipartisan letter with @RepLaHood a‚Ä¶"
RepLaHood,1260298759986167811,2020-05-12 20:00:14,"GOOD NEWS ‚Üí @FTA_DOT is sending $10.2M+ in #CARESAct funding to the @CityLinkPeoria for #COVID19 recovery. This will ensure residents have access to safe public transportation and that workers get the proper equipment to stay safe.
https://t.co/mjK0gY0alo"
RepLaHood,1259882204391444480,2020-05-11 16:24:59,"We can balance the health and economic needs of individual communities. It is not an either/or proposition. Illinoisans are resilient, resourceful people.

We can keep our residents safe while getting our state on a path to prosperity."
RepLaHood,1259564026444595202,2020-05-10 19:20:40,"Looking forward to joining @rap30 for @SundaySpin on @WGNRadio this evening. I‚Äôll be on around 6:30pm to discuss the impact of #COVID„Éº19 on downstate Illinois, our response, and how we recover.

Tune in: https://t.co/PgFuXe6xek https://t.co/MLCnsaxr2O"
RepLaHood,1258860605831876608,2020-05-08 20:45:31,"I‚Äôll continue to advocate for a community-focused approach. I am grateful to the local leaders in #IL18 who have stepped up during this pandemic. As we balance the health and economic needs of IL, we must listen to these local leaders and put IL on a path to prosperity."
RepLaHood,1258487924200558592,2020-05-07 20:04:37,Honored to be named by @GOPLeader to @HouseGOP‚Äôs China Task Force. It‚Äôs important that we hold China accountable for mishandling #COVID„Éº19. I look forward to doing just that &amp; being a strong voice for American workers &amp; farmers on critical trade issues. https://t.co/C2hlF8p4Vk
RepLaHood,1258391872936054786,2020-05-07 13:42:56,"#COVID„Éº19 is putting an incredible strain on Illinois pork producers, gutting their market. That's why I joined my Illinois Republican colleagues this week to urge the Governor to seek available assistance from @fema for our pork producers.  
https://t.co/OVmnLRmd8m"
RepLaHood,1258098580583260164,2020-05-06 18:17:30,"Nurses in Illinois are on the frontlines of the #COVID19 response, keeping our families and communities safe.

On #NationalNursesDay, I want to say THANK YOU to all of #IL18's nurses! https://t.co/wPk9v51Vzt"
RepLaHood,1257733550343946246,2020-05-05 18:07:00,"On #TeacherAppreciationDay, I want to say thank you to educators across central and west-central Illinois. #COVID„Éº19 has forced our schools to close, but that hasn't stopped Illinois teachers from educating students in new ways.

Thank you, #IL18 teachers! https://t.co/LcJ4u9ZJ7o"
RepLaHood,1257476341403967488,2020-05-05 01:04:57,"#COVID19 didn't create IL‚Äôs pension crisis &amp; taxpayers shouldn‚Äôt be on the hook to bail out decades of fiscal mismanagement. IL needs real reform &amp; Congress should focus on helping everyday Americans.

My conversation with @guypbenson on @GuyBensonShow  ‚¨áÔ∏è
https://t.co/KXPqVtl5LK"
RepLaHood,1257417676407832578,2020-05-04 21:11:50,"Congress should be in DC doing the People‚Äôs business, not sitting on the sidelines while essential workers fight #COVID„Éº19.

@GOPLeader, @RodneyDavis, and @TomColeOK04‚Äôs safe, reasonable plan to get Congress back to work is the right approach.
https://t.co/Bw7q8BHZtg"
RepLaHood,1257358106671157262,2020-05-04 17:15:07,"As we work to combat #COVID19 in Illinois, we must take an approach that balances the health and economic needs of individual communities. I spoke to @WMBDNews over the weekend about the need for a safe, phased, and regionally focused approach to reopening Illinois. https://t.co/yeNwSTkeNe"
RepLaHood,1256756410723024897,2020-05-03 01:24:12,RT @AFThunderbirds: We salute the healthcare workers and first responders who are at the forefront of our nation‚Äôs fight against COVID-19.‚Ä¶
RepLaHood,1256346341053214721,2020-05-01 22:14:44,"I joined @NewsTalkWMAY with @BishopOnAir and Chris Murphy this morning to discuss the extension of Illinois' stay-at-home order, the need to begin regionally, safely reopening our state, and the next steps Congress may take in the fight against #COVID19. Listen ‚¨áÔ∏è https://t.co/zfzzQv37ym"
RepLaHood,1256326600838139904,2020-05-01 20:56:17,"üì∫ Coming up at 4:05 pm I‚Äôll be on @WMBDNews with @eugenedanielTV to discuss #COVID19 and the need for a safe, regional, and tiered approach to reopening Illinois."
RepLaHood,1255943991868227584,2020-04-30 19:35:56,"Illinois is a regionally diverse state, and #COVID19 is impacting downstate differently. That's why I joined @RepKinzinger @RodneyDavis @RepBost and @RepShimkus to call for a safe, regional approach to reopening that meets the health and economic needs of individual communities. https://t.co/gsATDNudrp"
RepLaHood,1255558297249361920,2020-04-29 18:03:19,"#COVID19 impacts communities differently. How we reopen our economy in Illinois must recognize our regional differences. The City of Quincy &amp; Adams County's ""Road to Recovery,"" developed by health experts &amp; leaders, is the model for safely reopening.
https://t.co/U4ceyDjVXZ"
RepLaHood,1255534603412082690,2020-04-29 16:29:10,"Pleased that #CARESAct funding will support Public Housing Authorities across west-central Illinois in #IL18. With this funding, PHAs impacted by #COVID19 can support management and resident services.

More from @WhigNews ‚¨á
https://t.co/3FhLNieflm"
RepLaHood,1255522348779876352,2020-04-29 15:40:29,"Good to join @SteveScully last night on @cspanwj to talk about #COVID19 in #IL18, the federal government‚Äôs response, getting Congress back to work, and a smart, safe reopening of our economy in downstate Illinois.

Watch from @cspan ‚¨áÔ∏è https://t.co/8XWaH6LZYw"
RepLaHood,1255181778672922638,2020-04-28 17:07:10,"RT @cspanwj: Tonight we continue our conversation on #COVID19. Our guests will be:
¬†
- @DrRichBesser, president and CEO of @RWJF and former‚Ä¶"
RepLaHood,1255150000201297921,2020-04-28 15:00:54,"GOOD NEWS: @HUDgov will be sending over $1.8 million in funding to #IL18 Public Housing Authorities. This important funding will help PHAs in central and west-central Illinois impacted by #COVID19 with management, maintenance, and resident services. https://t.co/m4KaUl7FsB"
RepLaHood,1255144208504983563,2020-04-28 14:37:53,RT @pjstar: Housing authorities get coronavirus money https://t.co/XvRFHYAZte
RepLaHood,1254850277649285121,2020-04-27 19:09:54,RT @GOPLeader: The federal government has acted to provide emergency relief for all Americans affected by the coronavirus pandemic. Whether‚Ä¶
RepLaHood,1254484992262111238,2020-04-26 18:58:24,"I spoke with @wgnkingjohn on @WGNRadio this week about the relief bill Congress passed, the importance of replenishing the #PaycheckProtectionProgram, and the health and economic challenges that are ahead of us.

Listen ‚¨áÔ∏è
https://t.co/7ZeQQUuvFU"
RepLaHood,1253744597769093122,2020-04-24 17:56:20,"RT @HouseGOP: üö® President Trump just signed the Paycheck Protection Program and Health Care Enhancement Act to empower American families, w‚Ä¶"
RepLaHood,1253706599195119622,2020-04-24 15:25:20,"At 10:40 am, I'll be on @WGNRadio with @wgnkingjohn to discuss the latest on #COVID19 and our response. Tune in ‚¨áÔ∏è 
https://t.co/4vISmSH276"
RepLaHood,1253452496107945986,2020-04-23 22:35:37,"GOOD NEWS: The #PaycheckProtectionProgram &amp; Health Care Enhancement Act is headed to @realDonaldTrump‚Äôs desk.

This bill provides needed relief for Illinois workers, small businesses, hospitals, and health care professionals. More: https://t.co/6JUaJaRjRA https://t.co/SGVRNHECQO"
RepLaHood,1253393294291275776,2020-04-23 18:40:22,"Great to see @hellocountry helping out their customers during the #COVID„Éº19 pandemic! With fewer drivers on the road, this will help central Illinoisans get through this difficult time. 

Country Financial to refund 15% of auto premiums @Pantagraph 
https://t.co/jFyd3QF2NX"
RepLaHood,1253328055918972932,2020-04-23 14:21:08,"Left the house at 4:00 a.m. and drove to @fly2midway so I can get back to DC to vote on #COVID„Éº19 relief for small biz through the #PaycheckProtectionProgram, our hospitals, and expand states‚Äô capacity to test.

Thanks to the staff at @SouthwestAir for keeping everyone safe. https://t.co/7IGbf6VkQf"
RepLaHood,1253019705415290880,2020-04-22 17:55:52,"The IRS will be holding a webinar for small businesses and workers tomorrow, April 23rd, at 1 pm to answer questions about #COVID„Éº19 relief. 

More information ‚¨áÔ∏è
https://t.co/GuJRzYajlO"
RepLaHood,1253013772299644933,2020-04-22 17:32:17,"#ICYMI: @Walgreens opened a #COVID„Éº19 testing site in Springfield this week. To learn more information about getting tested, go here: https://t.co/wrUn9ELh9m

https://t.co/l7kuSU0J6Q"
RepLaHood,1252676663881666566,2020-04-21 19:12:44,"Decades of bad policy caused Illinois‚Äô pension crisis, not #COVID„Éº19. I will continue to support funding for Illinois to combat this virus &amp; recover, but Congress shouldn‚Äôt bail out Illinois‚Äô fiscal mismanagement. We should be helping everyday Americans.
https://t.co/VEu3XT7VLu"
RepLaHood,1252591812050669568,2020-04-21 13:35:34,"I‚Äôll be on the Greg and Dan Show at 8:40 am to discuss the #COVID„Éº19 response and the next steps for Congress. Tune in @1470WMBD ‚¨áÔ∏è 
https://t.co/jr35WsFIrv"
RepLaHood,1252340157597937669,2020-04-20 20:55:35,"China must remove unnecessary rules causing the delay of critical testing supplies from getting to the U.S. immediately.

As we work to get back to normal, it's important we continue to get testing supplies. I joined my colleagues to call on China to remove its new export rules. https://t.co/lxbB2qkEaI"
RepLaHood,1252292292943233024,2020-04-20 17:45:23,"I joined @RodneyDavis, @RepTimButler, and Rep. Mike Murphy this morning to visit the new @Walgreens #COVID„Éº19 testing site in Springfield, which will bolster testing efforts in central Illinois. To learn more about getting tested click here: https://t.co/Il8aFWe7MF https://t.co/F4dpQlx27Y"
RepLaHood,1252275945886621701,2020-04-20 16:40:26,"RT @RodneyDavis: Today I visited the new @Walgreens COVID-19 testing facility in Springfield with @RepLaHood, @RepTimButler, and Rep. Mike‚Ä¶"
RepLaHood,1251906286293262337,2020-04-19 16:11:32,"RT @FEMA_Pete: A #ProjectAirbridge flight arrived yesterday in Chicago with 7.5M masks, 1.9M thermometers, 109K stethoscopes, 135K cannulas‚Ä¶"
RepLaHood,1250777986967756805,2020-04-16 13:28:05,RT @WMBDNews: Peoria Charter Coach will hire back nearly all full-time employees impacted by the COVID-19 pandemic thanks to a loan the com‚Ä¶
RepLaHood,1250776183307984896,2020-04-16 13:20:55,"Thanks to @StateFarm for its efforts to provide customers relief during the #COVID„Éº19 pandemic. Fewer folks are driving right now, and this credit will provide support through a challenging time. Great to see Central Illinois companies #InItTogether!
https://t.co/NyzamaMGNn"
RepLaHood,1250540640062103553,2020-04-15 21:44:57,"RT @WaysandMeansGOP: TAX DAY IS POSTPONED. Families and small businesses can defer tax payments for 90 days, as we face #coronavirus.
https‚Ä¶"
RepLaHood,1250525076560261126,2020-04-15 20:43:06,"Great news for @PeoriaCharter! Thanks to the #PaycheckProtectionProgram they can bring back staff who were furloughed because of #COVID„Éº19. #PPPloans are helping small biz across our country, and this will bolster the Peoria and central IL community.
https://t.co/l1YYOzGrXg"
RepLaHood,1250202514974269440,2020-04-14 23:21:21,"Great to see Illinoisans pulling together to help during this challenging time!

Advanced Technology Services in Peoria is making 20k face shields for @OSFHealthCare workers around the state. #InItTogether #PeoriaProud 
https://t.co/PkjuY9AOrB"
RepLaHood,1250128634226061313,2020-04-14 18:27:47,Spoke with @KHQA yesterday about the impact of #COVID„Éº19 on west-central Illinois and federal efforts to support our response. Watch ‚¨áÔ∏è https://t.co/aalTErbWDR
RepLaHood,1249379335842271233,2020-04-12 16:50:20,Thank you to Peoria‚Äôs @the182AW and the servicemen and women of the @IL_Natl_Guard who are working day and night to support the #COVID„Éº19 response! https://t.co/vQ15k3ceOz
RepLaHood,1248699818366717956,2020-04-10 19:50:11,"GOOD NEWS: The first phase of #CARESAct funding is being delivered to local hospitals, health care providers &amp; orgs from @HHSGov. Illinois will receive $1.2 billion in federal dollars for hospitals &amp; providers, including rural areas in #IL18.
https://t.co/XBz7iuw6oy"
RepLaHood,1248398428943470592,2020-04-09 23:52:34,"At 8 pm, I‚Äôll be on @WTVP for another live At Issue Coronavirus special with H Wayne Wilson. I‚Äôll be answering questions about Congress and the federal government‚Äôs response and the impact of #COVID„Éº19 on #IL18. You can watch on @WTVP or Facebook: https://t.co/1bOMLvUJQl https://t.co/BXjyojMEdx"
RepLaHood,1248392064712077313,2020-04-09 23:27:16,RT @RodneyDavis: I was glad to be able to thank our @IL_Natl_Guard serving at the McLean Co COVID-19 testing site in person today &amp; announc‚Ä¶
RepLaHood,1248361366072721409,2020-04-09 21:25:17,"This site is the model for how testing should be done. It would not be possible without the incredible work of Adjutant General of the @IL_Natl_Guard Brig. Gen. Neely, the servicemen &amp; women on site, @HHSGov, @IDPH &amp; @McLeanHealth.

Thanks to a team effort, it will continue. https://t.co/bSNlBZkMbx"
RepLaHood,1248355881475022850,2020-04-09 21:03:30,"Joined @RodneyDavis today to visit the #COVID„Éº19 testing site in McLean County. 

We are pleased to announce that the federal government intends to extend its support &amp; funding for this pilot testing site through May.

Thanks to @SecAzar, @HHSGov, @McLeanHealth &amp; @IL_Natl_Guard! https://t.co/nhki6BBRgA"
RepLaHood,1248227118103834625,2020-04-09 12:31:50,"At 7:40 am, I am going to join Greg and Dan on @1470WMBD to provide an update and discuss #COVID„Éº19. Tune in ‚¨áÔ∏è 
https://t.co/YfgRQzzzBX"
RepLaHood,1247586978457178112,2020-04-07 18:08:09,"On #WorldHealthDay, I want to say thank you to the brave health care workers in Illinois on the front lines of the #COVID„Éº19 response. https://t.co/PP2E0FK2vW"
RepLaHood,1247203419678523392,2020-04-06 16:44:01,"As we confront #COVID„Éº19, we are seeing Americans rise to the occasion to help. I was happy to lend a hand to ensure they can start ASAP. Converting portions of the plant to produce hand sanitizer will help our response &amp; could hold great potential for the ethanol industry."
RepLaHood,1247203418558607360,2020-04-06 16:44:01,"GOOD NEWS: Global Impact Innovation will begin producing ethanol-based hand sanitizer at Big River Resources in central Illinois in response to #COVID„Éº19, ramping up to 100k+ gallons per month.
https://t.co/Ix2fAiTEC4"
RepLaHood,1246842923217498114,2020-04-05 16:51:32,"Now more than ever, the work respiratory therapists do is vital to the health and safety of our nation. Thank you to Illinois respiratory therapists on the front lines of the #COVID„Éº19 response. https://t.co/FXWOmP367a"
RepLaHood,1246095176432521217,2020-04-03 15:20:16,RT @SBAgov: #COVID19 UPDATE: Small businesses can now apply for the #PaycheckProtectionProgram. The program is designed to keep small busin‚Ä¶
RepLaHood,1245891700490461185,2020-04-03 01:51:43,"Black Band Distillery's grand opening was delayed because of #COVID„Éº19, but that hasn't stopped them from lending a hand to help those in need. Now they're working to make hand sanitizer for our frontline responders. #InItTogether #PeoriaProud https://t.co/2R3QLH9Kjn"
RepLaHood,1245839723169337344,2020-04-02 22:25:11,"I applaud @POTUS and his Admin for acting to ensure Social Security retirement and disability beneficiaries receive automatic coronavirus relief payments. Seniors need relief, and this will make it easier for them to receive their checks and eliminate unnecessary paperwork. https://t.co/PLFOfYRlbf"
RepLaHood,1245790900971884547,2020-04-02 19:11:11,"Thanks to @CaterpillarInc for stepping up to support Illinois‚Äô #COVID„Éº19 response efforts! #InItTogether 
https://t.co/4pzIAZuBWh"
RepLaHood,1245754023417917440,2020-04-02 16:44:38,"Important update and information from @WaysandMeansGOP ‚¨áÔ∏è

Avoid Scams and Schemes Tied to Coronavirus Relief Checks.
https://t.co/PgRzqjaIM2"
RepLaHood,1245725760356257794,2020-04-02 14:52:20,"Joining Quincy's @930amWTAD for today's News Round Table around 10:15 am to discuss the #COVID„Éº19 pandemic, the impact it's having on west-central Illinois, and the #PaycheckProtectionProgram. Tune in ‚û°Ô∏è https://t.co/I63JoBF2vw https://t.co/bq16MCKUf8"
RepLaHood,1245529562693488645,2020-04-02 01:52:43,"Important relief funding from @HUDgov, allocated by Congress, is coming to central &amp; west-central Illinois. In #IL18, Bloomington-Normal, Peoria &amp; Springfield are all receiving federal funding to support the #COVID„Éº19 response. More from @Pantagraph ‚¨áÔ∏è https://t.co/nFA7pA7Nbf"
RepLaHood,1245422273777074176,2020-04-01 18:46:23,"RT @HHSGov: Together, we can slow the spread of #COVID19. Here are the most recent guidelines for Americans from the @WhiteHouse and @CDCgo‚Ä¶"
RepLaHood,1245123750493855745,2020-03-31 23:00:10,"Home has taken on a new meaning for many during this uncertain time. It‚Äôs essential to look out for the mental health of yourself &amp; those around you. Help is out there if you need it.

@UnityPointPIA launched telehealth therapy services to provide support. https://t.co/B2286Ozf0n"
RepLaHood,1245074562343145472,2020-03-31 19:44:42,"Pleased to announce that funding allocated by Congress in the #CARESAct for @HUDgov is coming to #IL18 to bolster #COVID„Éº19 relief.

This funding will support low-income areas, local infrastructure projects, small biz assistance &amp; homelessness prevention.
https://t.co/nPR6fkHuiU"
RepLaHood,1245060483033563142,2020-03-31 18:48:45,"‚Äî@IL_Natl_Guard members from @the182AW and the 183rd are on the front lines of the #COVID„Éº19 response and testing in Illinois.

I‚Äôm grateful for their service and willingness to keep our communities in #IL18 safe during this challenging time.
https://t.co/WHG8d4Z7F5"
RepLaHood,1244676106915061770,2020-03-30 17:21:23,"RT @HouseGOP: Today is #NationalDoctorsDay ü©∫
 
Thank you to our heroes on the frontlines fighting selflessly to fight this virus and save l‚Ä¶"
RepLaHood,1244671077504221185,2020-03-30 17:01:24,"On @WGNRadio with @PeteMcMurray yesterday, we discussed the #CARESAct, which was enacted on Friday, and what it means for families, workers, hospitals, small businesses, and more impacted by the #COVID„Éº19 outbreak. Listen ‚¨áÔ∏è
https://t.co/n4dMdhPVDN"
RepLaHood,1244321220037918721,2020-03-29 17:51:11,"At 1:07 pm, I‚Äôll be joining @PeteMcMurray on @WGNRadio to discuss the #COVID„Éº19 outbreak, its impact throughout Illinois, Congress‚Äô response efforts, and more. Tune in: https://t.co/4vISmSH276 https://t.co/OjSqiaJjLZ"
RepLaHood,1243947569983696896,2020-03-28 17:06:26,"Thanks to @SecAzar &amp; @HHSGov for their efforts to expand testing &amp; support Illinois‚Äô #COVID19 response.

The new testing site at the McLean County Fairgrounds, operated by @HHSGov, @IL_Natl_Guard &amp; @McLeanHealth, will help our fight to prevent the spread.
https://t.co/nUwRnOlm8k"
RepLaHood,1243925571131891713,2020-03-28 15:39:01,"RT @CDCgov: Most people who have died from #coronavirus are over 65. If you have a serious underlying condition, you also could get very si‚Ä¶"
RepLaHood,1243609849889525760,2020-03-27 18:44:28,"The #CARESAct takes needed steps to support those heroes &amp; families right now:
-Puts money in the hands of those who need it most
-Supports Illinois‚Äô unemployment program
-Delivers resources to health care workers on the front lines
 
Full statement ‚¨áÔ∏è
https://t.co/NKjGCv1BPQ"
RepLaHood,1243609848727719936,2020-03-27 18:44:27,"Like every obstacle we face, Americans are rising to the occasion to combat #COVID19. That‚Äôs what we're seeing in #IL18. The heroes among us‚Äînurses, doctors, health care workers, truck drivers, grocery workers &amp; pharmacy clerks‚Äîare stepping up to support our communities."
RepLaHood,1243590519818682368,2020-03-27 17:27:39,"Just flew into DC &amp; made it to the Capitol as we close out debate on the #CARESAct. First time I‚Äôve ever participated in debate from the gallery, as we employ social distancing. Time to get it across the finish line an deliver relief for hardworking families &amp; health care workers https://t.co/cJTlkBBGKS"
RepLaHood,1243233234709856259,2020-03-26 17:47:55,"I spoke with @KHQA yesterday to provide an update on the Congressional response to #COVID19 and the #CARESAct. Watch ‚¨áÔ∏è
https://t.co/8TnrjuRrQ6"
RepLaHood,1243155375806910465,2020-03-26 12:38:32,"I‚Äôll be joining Greg and Dan on @1470WMBD at 7:40 am to discuss #COVID19, Senate passage of the CARES Act, and what‚Äôs next. Tune in: https://t.co/f935jvTEiF"
RepLaHood,1242995060821626881,2020-03-26 02:01:30,"On @WGNRadio today with John Williams, I discussed the phase three coronavirus relief bill and what it will do for workers, families, small businesses, and hospitals across Illinois impacted by the #COVID19 outbreak.

Listen ‚¨áÔ∏è or ‚û°Ô∏è https://t.co/RI83ua2VKh https://t.co/0DkxRRiRp6"
RepLaHood,1242935657372299264,2020-03-25 22:05:28,"In recent weeks, I supported funding for health care workers on the front lines of the #COVID19 response. I applaud @POTUS &amp; @HHSGov for awarding federal $$ to #IL18 CHCs. This will bolster our efforts &amp; resources to combat the coronavirus. Learn more ‚¨áÔ∏è
https://t.co/Pu7pgB2mPx"
RepLaHood,1242878181742436355,2020-03-25 18:17:04,"Hosted a call with several members of the General Assembly from #IL18 to discuss #COVID19 response at the federal level. I appreciate their work to help our community during this difficult time &amp; feedback as we finalize Phase III relief.

Working together, we‚Äôll overcome #COVID19 https://t.co/aY9XxTEwEK"
RepLaHood,1242830193036800001,2020-03-25 15:06:23,"At 10:15 am, I‚Äôll be joining The John Williams Show on @WGNRadio to discuss the #COVID„Éº19 outbreak and the news of an agreement between the Senate and the White House on the coronavirus relief bill. Listen ‚¨áÔ∏è https://t.co/4vISmSH276"
RepLaHood,1242806606733213708,2020-03-25 13:32:39,"Joining Joey McLaughlin on @WTAX at 8:40 am to discuss the #COVID„Éº19 outbreak, its impact on central Illinois, and Congressional efforts to support the response. Listen ‚¨áÔ∏è
https://t.co/3ERKJtteEd"
RepLaHood,1242648118656749569,2020-03-25 03:02:53,RT @CDCgov: Together we can help stop the spread of coronavirus. Learn ways to protect yourself and others at https://t.co/inSgagJeDe. #COV‚Ä¶
RepLaHood,1242642904549597184,2020-03-25 02:42:10,"Joined @ScottMillerShow on @WJBC today to discuss the #COVID19 outbreak, the federal government's support for Illinois' response &amp; the outrageous reports that Members of Congress profited off stock dumps ahead of the coronavirus pandemic. Listen ‚¨áÔ∏è or ‚û°Ô∏è https://t.co/fKqpRqRkK8 https://t.co/G2ND64Qs6L"
RepLaHood,1242215168496599041,2020-03-23 22:22:30,"Reckless.

Twice in the last 24 hours, Senate Democrats voted to block the bipartisan coronavirus relief bill that will save jobs and give money to families in need. There is a health and economic crisis in our country. People need help. Save the politics for another day."
RepLaHood,1242171567074955267,2020-03-23 19:29:14,"RT @Surgeon_General: Together, we can slow the spread of #COVID19. Join me and do your part. #TogetherApart https://t.co/YH8rialHlA"
RepLaHood,1242105136241147907,2020-03-23 15:05:16,"In Congress, I've worked with my colleagues to take action on issues related to #COVID„Éº19:

-Supported Families First Coronavirus Response Act
-Wrote to @SBAgov to support $$ for IL small businesses
-Supported funding for state and local response

More:
https://t.co/9iVPUqP0bN"
RepLaHood,1242105134500413454,2020-03-23 15:05:15,"#COVID„Éº19 is having an unquestionable impact on #IL18 &amp; it is going to require all of us to pull together to combat it. If we continue to follow the guidelines from @CDCgov &amp; health professionals, &amp; with American resilience, we can overcome coronavirus. https://t.co/wFV8zSk4e5"
RepLaHood,1241483938293518336,2020-03-21 21:56:51,Joined H Wayne Wilson for a live At Issue on @WTVP to discuss the #COVID„Éº19 outbreak &amp; measures Congress has taken to support response efforts. Watch our full discussion that touched on a variety of coronavirus questions &amp; its impact on our community ‚û°Ô∏è https://t.co/IBOKUHhuRV https://t.co/XAR3lQoIFW
RepLaHood,1241384009164259328,2020-03-21 15:19:46,"RT @Surgeon_General: The need for donated blood is constant, and blood centers are open and in urgent need of donations. If you're healthy,‚Ä¶"
RepLaHood,1241094021365354498,2020-03-20 20:07:27,"I had a good conversation with @MDH_Hospital, @CountyEsda &amp; Mayor Inman yesterday about the #COVID„Éº19 &amp; impact on McDonough County. I'll continue to work with these leaders &amp; my colleagues in Congress to combat the coronavirus &amp; support those on the frontlines of our response. https://t.co/GeyCLk0csz"
RepLaHood,1241033668224786432,2020-03-20 16:07:38,"I spoke with @eugenedanielTV on @WMBDNews about the #COVID„Éº19 outbreak, its impact on central Illinois &amp; Congress' efforts to support our response. 

As we demonstrated, you should continue to practice social distancing &amp; follow @CDCgov guidelines to #FlattentheCurve. https://t.co/bPUeOgms7f"
RepLaHood,1241027605748273153,2020-03-20 15:43:33,"RT @SBAgov: #COVID19 UPDATE: Economic Injury Disaster Loans are now available to small businesses in: AZ, CA, CO, IL, LA, MI, OH, PA, SC, V‚Ä¶"
RepLaHood,1241018278899789827,2020-03-20 15:06:29,RT @CDCgov: Are you isolating yourself at home because you have #COVID19? Thank you for helping to stop the spread of the virus and protect‚Ä¶
RepLaHood,1241016373914075136,2020-03-20 14:58:55,"üö® Important info: @realDonaldTrump &amp; @stevenmnuchin1 have moved Tax Day from April 15 to July 15, giving families &amp; small businesses impacted by #COVID„Éº19 more time to file without penalties.

If you're eligible for a tax refund, I encourage you to file now, so you get your $$. https://t.co/9oYtfwhqbC"
RepLaHood,1240805179345309697,2020-03-20 00:59:42,"I‚Äôm joining At Issue live on @WTVP at 8:00 pm with H. Wayne to discuss #COVID19. I‚Äôll be answering questions with Peoria Mayor Ardis, Dr. Hippler from @OSFHealthCare, and Superintendent of Peoria Public Schools Dr. Kherat. Tune in live on @WTVP or here: https://t.co/AMQuigtaUL https://t.co/nxSEMPsoiI"
RepLaHood,1240800177532940288,2020-03-20 00:39:49,"GOOD NEWS: @SBAgov approved Illinois‚Äô disaster declaration request for all counties. This opens up much-needed low-interest loans for small businesses impacted by the #COVID„Éº19 outbreak and mandated closures across #IL18.

More information ‚¨áÔ∏è
https://t.co/kiRwZwBhEP"
RepLaHood,1240768473879494657,2020-03-19 22:33:51,"RT @HHSGov: Together, we can stop the spread of #COVID19. Here are the most recent guidelines for Americans from the @WhiteHouse and @CDCgo‚Ä¶"
RepLaHood,1240752158028500994,2020-03-19 21:29:01,Joining @eugenedanielTV on @WMBDNews to discuss the #COVID„Éº19 outbreak and important steps you can take to prevent the spread and #FlattentheCurve. https://t.co/u12lW3ExRR
RepLaHood,1240714730437828609,2020-03-19 19:00:17,"Pleased to join my colleagues to request that the state free up personal protective equipment (PPE) so it's available for testing and treatment of #COVID„Éº19 patients.

This will keep healthcare workers safe and support their efforts to prevent and treat the virus. https://t.co/aAoPMY5F6s"
RepLaHood,1240335890897154050,2020-03-18 17:54:55,"I joined the entire Illinois Congressional Delegation to write in support of the Governor's request for a @SBAgov Economic Injury Declaration.

This will open up much-needed low-interest disaster loan assistance for small businesses affected by #COVID„Éº19 closures in #IL18. https://t.co/I2x9gvXjgt"
RepLaHood,1240319517261205504,2020-03-18 16:49:51,"From @WhiteHouse: 15 Days to Slow the Spread. These guidelines build off @CDCgov recommendations to prevent the spread of #COVID„Éº19 and #FlattenTheCurve.
https://t.co/ZfPVBwxq69"
RepLaHood,1240300164713189377,2020-03-18 15:32:57,"Healthcare workers across #IL18 are on the frontlines helping during the #COVID„Éº19 outbreak and keeping our families healthy. Our state, our district, and our country are incredibly grateful for your work and sacrifice to support others. https://t.co/8Goy4JXsLH"
RepLaHood,1239998883868131332,2020-03-17 19:35:46,"GOOD NEWS: @realDonaldTrump &amp; @stevenmnuchin1 announced that families &amp; small businesses can defer tax payments for 90 days, providing relief during #COVID„Éº19. Penalties that would apply during this period will be waived.

More from @WaysandMeansGOP ‚¨áÔ∏è
https://t.co/eoYjHrQ5mC"
RepLaHood,1239995332836102144,2020-03-17 19:21:40,RT @WaysandMeansGOP: Check out helpful information on the fight against #coronavirus and stay up to date with what Republicans and the @Whi‚Ä¶
RepLaHood,1239972639390613505,2020-03-17 17:51:29,"If you live in McLean, Tazewell, Woodford, and Peoria counties, @25NewsWEEK has you covered with a running list of restaurants/bar with carry-out/delivery/curb-side options during #COVID„Éº19. ‚¨áÔ∏è
https://t.co/kxS5FLNhEq"
RepLaHood,1239961987641155585,2020-03-17 17:09:09,"The @PeoriaChamber compiled a list of restaurants operating under the state mandate with carry-out/curbside/call-in options.

If you can, order take out one night this week &amp; support local businesses &amp; their workers across #IL18 who are feeling the impact of #COVID„Éº19 closures. https://t.co/B4xaesG8S7"
RepLaHood,1239957591175938050,2020-03-17 16:51:41,Thanks to @AmerenIllinois for their efforts to support Illinois consumers and alleviate the burden on families during the #COVID„Éº19 outbreak. https://t.co/i8Wt4odKhr
RepLaHood,1239726856179462144,2020-03-17 01:34:50,We are Americans and Illinoisans first. The #COVID„Éº19 outbreak calls for us to look out for each other and remain united. It‚Äôs imperative we all practice the preventative measures recommended by the @CDCgov and @IDPH to slow the spread of coronavirus. https://t.co/YpfTXlwF59
RepLaHood,1239666515722539014,2020-03-16 21:35:03,"Small businesses and workers in #IL18 may be significantly impacted by #COVID„Éº19 closures. My office is actively working to connect folks with resources allocated by Congress and the federal government.

If you need help, contact my office 309-671-7027. https://t.co/1G3zrtOQOb"
RepLaHood,1239654656340623363,2020-03-16 20:47:56,"Decisions that people make today will have a huge impact on #COVID„Éº19 trajectory in the coming days.

The best way to maintain public health is to social distance. Follow @CDCgov guidelines to keep yourself, your family &amp; vulnerable people safe.

You can help #FlattenTheCurve."
RepLaHood,1239552481815920640,2020-03-16 14:01:56,"Joining the Scott Miller Show on @WJBC in 10 minutes to discuss #COVID„Éº19 outbreak and response efforts at the federal, state, and local level."
RepLaHood,1239546397155827712,2020-03-16 13:37:45,"Joining Greg &amp; Dan on @1470WMBD shortly to discuss #COVID„Éº19 outbreak, the importance of abiding by @CDCgov and @IDPH guidelines, and the federal efforts to support those on the frontlines of our response."
RepLaHood,1238948232971116544,2020-03-14 22:00:51,The first case of #COVID„Éº19 was confirmed today in #IL18. It‚Äôs vital that you continue to employ the precautions recommended by @CDCgov &amp; @IDPH. I‚Äôll continue to support our local response efforts in Congress. If we work together to prevent the spread we can overcome this.
RepLaHood,1238697517157691393,2020-03-14 05:24:36,"I supported the #COVID„Éº19 relief bill that will provide support to families and small businesses in need and expedite testing.

America is the strongest nation on earth. If we continue to prepare and work together, I am confident we will overcome this.
https://t.co/JOtbn2QhUX"
RepLaHood,1238577915245314050,2020-03-13 21:29:21,"Declaration of a national emergency is an important step, and the right move by @POTUS. This will provide additional resources to increase readiness, allow for a more aggressive response, and strengthen our ability to combat #COVID„Éº19."
RepLaHood,1238539901274140673,2020-03-13 18:58:18,"As we continue to respond to #COVID„Éº19 outbreak, it's important that you take steps to keep yourself &amp; your family healthy and safe.

For the latest information from @CDCgov go here: https://t.co/eKXeEVeyyK

My website will also be continuously updated ‚¨áÔ∏è
https://t.co/9iVPUqP0bN"
RepLaHood,1238532004045623298,2020-03-13 18:26:55,"Joined @GovPritzker‚Äôs call on #COVID„Éº19 response &amp; I appreciate his efforts to keep Illinois safe. We are Americans &amp; Illinoisans first. This is a team effort, &amp; I‚Äôll continue to work with the @WhiteHouse, @CDCgov, the Governor &amp; local health officials to ensure we are prepared."
RepLaHood,1238243942220652544,2020-03-12 23:22:15,"Spoke with @HHSGov &amp; @OSFHealthCare to discuss #COVID„Éº19 response, OSF‚Äôs tele medicine capabilities, &amp; how tele-health can support our preparation efforts in Illinois. I will continue to monitor the situation &amp; work with federal, state, &amp; local officials as it develops. https://t.co/VDZzU8ApcZ"
RepLaHood,1237385092688986112,2020-03-10 14:29:30,"Do you have questions about #COVID„Éº19? Want to learn more about preventative measures to take to reduce spreading?

My website has the resources you need to stay updated on the Coronavirus. This page will be continuously updated to keep you informed.
https://t.co/9iVPUqP0bN"
RepLaHood,1235329190116970496,2020-03-04 22:20:04,I am pleased that the House came together to pass a clean supplemental funding package in response to #COVID„Éº19. This funding will ensure our state and local communities can respond appropriately to coronavirus and keep Americans safe and healthy. https://t.co/YQOTVPgdPx
RepLaHood,1234565425930829825,2020-03-02 19:45:09,"@CDCgov Again, for the latest and most update information on #COVID19, follow @CDCgov &amp; @CDCemergency or visit https://t.co/zDWOaCT9F0. I will continue to work with my colleagues &amp; the White House to ensure the health and safety of the American people are put first. https://t.co/xnvN2g0zWB"
RepLaHood,1234564978721673216,2020-03-02 19:43:22,"As @CDCgov recommends:
-Wash your hands often with soap &amp; water
-Avoid close contact with people who are sick
-Avoid touching your eyes, nose &amp; mouth
-Stay home when you are sick
-Cover your cough or sneeze with a tissue
-Clean &amp; disinfect frequently touched objects"
RepLaHood,1234564977819889667,2020-03-02 19:43:22,"I am continuing to monitor #COVID19. Our offices remain engaged with federal, state &amp; local officials. As we continue to receive outreach from constituents, I'd encourage you to follow @CDCgov &amp; @CDCemergency &amp; regularly check their website for updates. https://t.co/dNIGS7Caxb"
RepLaHood,1233116985929629696,2020-02-27 19:49:34,"As we continue to monitor coronavirus, it's important we put politics aside and coordinate in a bipartisan manner to keep our country safe. I appreciate @SecAzar's leadership and his comments today about staying vigilant and preparing for potential cases. https://t.co/kXIBBSNXmS"
RepLaHood,1233104884091801600,2020-02-27 19:01:29,"As a member of @WaysandMeansGOP, I've focused on expanding access to care for rural Americans and communities like we have in #IL18. I discussed the importance of innovative behavioral and mental health initiatives, like the work being done at @UnityPointPIA, with @SecAzar today. https://t.co/0M3iaMgHk5"
RepLaHood,1233046799201525760,2020-02-27 15:10:40,RT @cspan: Health and Human Services Secretary Alex Azar (@HHSgov @SecAzar) testifies before @WaysMeansCmte @WaysandMeansGOP - LIVE online‚Ä¶
RepLaHood,1233046702757683202,2020-02-27 15:10:17,RT @WaysandMeansGOP: Health care should be about something more than partisan politics. This discussion should be about ensuring that Ameri‚Ä¶
RepLaHood,1230910783443390464,2020-02-21 17:42:54,"I enjoyed meeting with SIU School of Medicine yesterday to learn about the Simmons Cancer Institute and discuss their community wide outreach efforts to decrease cancer mortality.

Thanks to @siusom for having me and for their efforts to improve the health of people in Illinois! https://t.co/7iqSn6WcBb"
RepLaHood,1212416520095227904,2020-01-01 16:53:18,Happy New Year! I hope your 2020 is blessed with happiness and good health. üéâ #HappyNewYear https://t.co/iWt4WgzRCN
RepLaHood,1192853733224390657,2019-11-08 17:17:46,"November is #AlzheimersAwarenessMonth &amp; I was pleased to join @alzIllinois for a roundtable w/ doctors, health care professionals &amp; caregivers to discuss ways we can work together to #ENDALZ. Alzheimer‚Äôs impacts so many &amp; I‚Äôll continue to support research &amp; resources in Congress. https://t.co/V9oeFy6Ejq"
RepLaHood,1192550627945197580,2019-11-07 21:13:20,"Honored to join @RodneyDavis, @SenBillBrady, @jasonbarickman, @repdanbrady, VA Illiana Health Care, &amp; local service orgs to open the new Bloomington VA Clinic. This facility will help take care of those who gave so much to the USA in IL &amp; it was great to see the support today. https://t.co/3tUuQ6Q4eU"
RepLaHood,1187426012960874496,2019-10-24 17:49:57,"HSA/FSA accounts are essential tools individuals &amp; families use to receive quality healthcare at an affordable cost. Yesterday, I was pleased to see @WaysandMeansGOP pass my bill to reinstate consumers' ability to purchase over-the-counter medicines with these accounts. https://t.co/h7OXLmUdNo"
RepLaHood,1186062130388328448,2019-10-20 23:30:22,"Pleased to join Goodwill &amp; the central Illinois community for the 11th annual Stand Down for Homeless Veterans event, which served over 150 veterans with more than 250 volunteers. Services provided included hair cuts, showers, flu shots, winter clothing and HIV/STD testing. https://t.co/nfSXDeSqNl"
RepLaHood,1182031553926434816,2019-10-09 20:34:18,RT @WCBURadio: Peoria County Receives $5.6M to Remove Lead Paint From Homes @RepLaHood @HUDMidwest @PeoriaHealth  https://t.co/zsv8chjmcb
RepLaHood,1158521233027346432,2019-08-05 23:32:40,"We must come together to root out this evil, address mental health issues, and provide our law enforcement with the resources to prevent crazed individuals from getting their hands on firearms."
