RepMikeJohnson,1316814510087380992,2020-10-15 18:53:39,"**THIS IS URGENT**

If you have not filled out your 2020 Census, TODAY is the LAST day to do so! The outcome of the census plays a key role in determining funding for housing, education, and healthcare in our communities. Simply put, your response matters! https://t.co/QbRP7R9zf1"
RepMikeJohnson,1313198153164894208,2020-10-05 19:23:32,"Thankfully, our president is feeling much better and his prognosis is good! Praying for a speedy recovery for everyone who is having COVID-19 symptoms. üôèüèº https://t.co/2ScnvmfppC"
RepMikeJohnson,1312761221612023808,2020-10-04 14:27:19,The Trump Administration and Republicans in Congress have bent over backwards trying to work with Democrats on a deal to help the American people get through this pandemic. It‚Äôs past time for Speaker Pelosi stop her political games and come to the table! https://t.co/lqm8FdN41D
RepMikeJohnson,1312222032797609985,2020-10-03 02:44:47,I received a negative COVID-19 test tonight. Statement below. https://t.co/YkX6b3qd6L
RepMikeJohnson,1311993814073184256,2020-10-02 11:37:55,"Our prayers are with @realDonaldTrump, @FLOTUS, Hope Hicks, and all WH staff and others who may have concern this morning, as well as all people who have been affected in so many ways by this terrible virus. God have mercy on our beleagured nation. https://t.co/zF5aL2Y5v2"
RepMikeJohnson,1311782383524470784,2020-10-01 21:37:46,RT @RepublicanStudy: Chairman @RepMikeJohnson &amp; RSC Health Care Task Force Chairman @RepMarshall address major concerns in the RSC‚ÄôS Agenda‚Ä¶
RepMikeJohnson,1311033325113536513,2020-09-29 20:01:17,"RT @HouseGOP: ""The same strength and determination that built this country will bring us back to prosperity after the pandemic.""
 
@RepAndy‚Ä¶"
RepMikeJohnson,1308488039044444166,2020-09-22 19:27:13,"RT @RepTedBudd: In the wake of the economic devastation of COVID-19, it's more important than ever to remove barriers burdening the America‚Ä¶"
RepMikeJohnson,1305626947779788816,2020-09-14 21:58:16,"House Democrats are clearly more concerned with what people CALL the coronavirus--than passing a bill that will help the American people &amp; small businesses RECOVER from the coronavirus. 

This stunning misplacement of priorities is having tragic consequences on real people."
RepMikeJohnson,1302993472987824128,2020-09-07 15:33:47,"We celebrate Labor Day this year, recognizing that it's different &amp; difficult for many Louisianians that may have lost their jobs due to COVID-19 or have lost their businesses from  Laura. Yet, we are a hopeful, resilient people, &amp; with faith &amp; hard work, we'll be even stronger. https://t.co/wy8IK3otCo"
RepMikeJohnson,1302744460158283776,2020-09-06 23:04:17,I spoke with @JonScottFNC tonight on @FoxNews about two critical issues: the coronavirus relief negotiations and  Louisiana‚Äôs path towards recovery after Hurricane Laura. (We have to keep this in the national news!) Watch our full conversation below.‚¨áÔ∏è https://t.co/WyS9uO2ImG
RepMikeJohnson,1301884213105393664,2020-09-04 14:05:58,"As I pointed out before the pandemic began, Pelosi's actions at the SOTU set a terrible example &amp; precedent- &amp; a blatant violation of an important federal law. @USRepGaryPalmer &amp; I have submitted a letter to AG Barr to determine his opinion on the matter. https://t.co/NAFEUfU7jt"
RepMikeJohnson,1298434057655726080,2020-08-26 01:36:17,"Earlier today, I joined @NPRKelly on @NPR‚Äôs ‚ÄúAll Thing Considered‚Äù to discuss the government‚Äôs response to COVID-19 and the historic storms headed straight for our district. This and more in my full interview below. ‚¨áÔ∏è

https://t.co/WS31f7RlLL"
RepMikeJohnson,1297673134498291712,2020-08-23 23:12:39,Great news today! The @US_FDA has approved convalescent plasma as a treatment for COVID-19 patients. Thanks to the leadership of @realDonaldTrump &amp; the work of his administration we are seeing expedited progress in the development of safe treatments &amp; therapies for this disease. https://t.co/Fg36PZxooj
RepMikeJohnson,1296797510019813378,2020-08-21 13:13:14,"One of the little girls in Will's class is hearing impaired, so the Legacy Elem. instructional coach, Ms. Leslie Bailey, went home and stitched for EVERY student a custom mask--with a clear panel--so they can all read lips as they listen. How awesome! https://t.co/WsL9Db62OH"
RepMikeJohnson,1293587921539342336,2020-08-12 16:39:28,We are monitoring the situation at Ochsner LSU Health Shreveport - St. Mary Medical Center closely. Our prayers are with the victim and for the safety of the community. We're grateful for our first responders who are handling this matter and expect the suspect to be found soon. https://t.co/Phzo1sJIl8
RepMikeJohnson,1291494257434468352,2020-08-06 22:00:00,"My thanks to @realDonaldTrump, the administration, and @fema for their continued support in our region‚Äôs fight against this virus."
RepMikeJohnson,1291494255870050314,2020-08-06 22:00:00,"With so many communities competing for resources to battle COVID-19, I‚Äôm pleased we have been able to consistently secure such substantial aid for our district.  More beds in our hospitals and more supplies in the hands of our health care heroes translates to more lives saved."
RepMikeJohnson,1291494254905159680,2020-08-06 21:59:59,"Big news for our district today. $13.4 million in COVID-19 aid is headed to Ochsner @LSUHS for more ICU and hospital beds, PPE, ventilators, and medical equipment.
  
https://t.co/ociM0ZVPuQ"
RepMikeJohnson,1288656694336249856,2020-07-30 02:04:32,"Recognizing the seriousness of this virus &amp; the danger it poses to high-risk individuals I began following the attending physician‚Äôs recommendation immediately. Should the attending physician recommend at any point that I take a COVID-19 test, I will follow that guidance as well."
RepMikeJohnson,1288655872953024512,2020-07-30 02:01:16,"On Monday, I had dinner with my good friend, Rep. Gohmert. While I feel healthy, exhibit no symptoms, and have otherwise followed mask and social distancing guidelines, the attending physician has advised that I should self-quarantine for 14 days out of an abundance of caution. https://t.co/1YxdmcDDVT"
RepMikeJohnson,1288208106984542209,2020-07-28 20:22:01,Weaponizing a pandemic to accuse @realDonaldTrump and Attorney General Barr of murder is beneath the dignity of this institution. This is absolutely shameful. https://t.co/Vpc0yGGmqE
RepMikeJohnson,1286368805858533376,2020-07-23 18:33:17,"Even in the midst of a pandemic and economic crisis, Chairman Nadler and the Judiciary Committee Democrats are wasting critical time to take shameless political jabs at @realDonaldTrump and his administration. Enough is enough! https://t.co/SJrzgbcO1K"
RepMikeJohnson,1283788272112721920,2020-07-16 15:39:10,"It is essential that the state reports COVID-19 numbers accurately, and the discrepancy discovered in Red River Parish is raising serious questions. We will address this and many other issues on our Red River Parish telephone townhall this afternoon.

https://t.co/AKAM4H13dI"
RepMikeJohnson,1283182625419603969,2020-07-14 23:32:32,".@VP joined our Congressional Delegation, @Coach_EdOrgeron, @LouisianaGov, Key members of the @whitehouse Coronavirus Task Force, state legislatures, &amp; leaders of LA's higher education institutions to discuss the importance of reopening our schools this fall at every level. https://t.co/ZlTBHBJ5aC"
RepMikeJohnson,1283064889473470466,2020-07-14 15:44:42,"I'm looking forward to meeting with @VP today in Baton Rouge about several issues related to COVID-19, including what the fall semester will bring for our schools and universities. Stay tuned here for updates."
RepMikeJohnson,1280249716492681219,2020-07-06 21:18:12,"Has the COVID-19 impacted your small business? The deadline to apply for a #PPP loan has officially been extended to August 8. 

You can learn more about #PPP loans here: https://t.co/MMLZH6XIPa"
RepMikeJohnson,1280175473981562885,2020-07-06 16:23:12,"Why is the U.S. Census important? It's what determines how many representatives each state has in Congress, &amp; it helps determine funding allocations for housing, education &amp; healthcare within our communities.

If you have not filled out your census, visit: https://t.co/QbRP7R9zf1"
RepMikeJohnson,1278711874134192129,2020-07-02 15:27:22,"RT @RepublicanStudy: While the world suffers from a global pandemic, China continues to steal America‚Äôs intellectual property. The RSC Nati‚Ä¶"
RepMikeJohnson,1277707527623409666,2020-06-29 20:56:27,"With all due respect, Speaker Pelosi has no idea what she's talking about with regard to Louisiana's admitting privileges law. #SCOTUS has not only struck down a perfectly legitimate state law, it has jeopardized the health and safety of countless women across Louisiana. https://t.co/DZ7ASEaAOw"
RepMikeJohnson,1277652611198574593,2020-06-29 17:18:14,"RT @FRCdc: Join us Monday 8PM ET for a special update from D.C.

We'll address the cultural/political chaos, the ongoing pandemic, and how‚Ä¶"
RepMikeJohnson,1277613492837761024,2020-06-29 14:42:48,This case was about whether the states have a right and responsibility to institute basic health and safety regulations to protect women‚Äîand whether the abortion industry should have the ability to strike down those commonsense health regulations.
RepMikeJohnson,1277613492086939648,2020-06-29 14:42:48,I am deeply troubled by #SCOTUS' decision today to strike down Louisiana‚Äôs commonsense health regulation in June Medical Services v. Russo.
RepMikeJohnson,1276581178540261376,2020-06-26 18:20:45,"The goals of ""public health"" and ""violence prevention"" are swell--but what will vulnerable citizens do when all those ""prevention"" efforts FAIL?!  Evil men will always exist. If you rid the field of sheepdogs, the wolves will eventually devour the flock. https://t.co/eyBRhyNX38"
RepMikeJohnson,1268185896802824195,2020-06-03 14:20:54,"Tune in now to watch the @JudiciaryGOP Subcommittee on Constitution, Civil Rights and Civil Liberties conduct a hearing on mail-in ballots, federalizing elections, and in-person voting after the coronavirus pandemic. You can watch it here: https://t.co/UwHcTwCxGd"
RepMikeJohnson,1267576224685207552,2020-06-01 21:58:17,"LA entering Phase 2 of reopening is welcome news for workers, families, businesses, churches &amp; every aspect of our society. We have a long way to go to reverse the damage COVID-19 has caused, but we are a resilient people, &amp; we'll get through it together.
https://t.co/lirTOTCq2r"
RepMikeJohnson,1266762878096465920,2020-05-30 16:06:20,"RT @FRCdc: Can Planned Parenthood be prosecuted for their $80 million dollar grab in coronavirus loans? @RepMikeJohnson thinks so. 
Find ou‚Ä¶"
RepMikeJohnson,1266745063029256192,2020-05-30 14:55:32,"(5/5) Churches are perfectly capable of following social-distancing and sanitation guidelines, and it is wrong--and dangerous for the spiritual health of our nation--to restrict their operations now."
RepMikeJohnson,1265359009718075393,2020-05-26 19:07:51,"üö®ATTENTION LOUISIANA FARMERS AND RANCHERSüö®

@USDA is now accepting applications for the Coronavirus Food Assistance Program. Our Louisiana farmers and ranchers will finally see much needed coronavirus relief. 

Learn more here: https://t.co/FrHoxRQJ6X"
RepMikeJohnson,1263585383347970049,2020-05-21 21:40:06,Louisiana is grateful to @realDonaldTrump for focusing on REAL relief that encourages new job opportunities for those unemployed due to COVID-19. Rolling back onerous government regulations &amp; cutting red tape are essential to get our economy booming again. https://t.co/p3li6UEY75
RepMikeJohnson,1263165342916005888,2020-05-20 17:51:00,RT @FRCdc: .@RepMikeJohnson warns that the FBI's conspiracy against #MichaelFlynn runs deeper than anyone knew. LISTEN https://t.co/99Xtczs‚Ä¶
RepMikeJohnson,1262901398804496385,2020-05-20 00:22:11,We fought hard to ensure our farmers &amp; ranchers weren‚Äôt left behind when we passed the CARES Act. It‚Äôs encouraging to see that aid is finally making its way back to the Louisiana producers who've suffered tremendously during this pandemic. Read more here: https://t.co/0thnlBCEun
RepMikeJohnson,1261331624278581250,2020-05-15 16:24:28,"Fox News: ‚Äú100 Rikers Island inmates arrested after being released over coronavirus: report.‚Äù

Yet, @SpeakerPelosi wants to release more prisoners as part of her $3 trillion liberal wish list?

CRAZY.

https://t.co/XC67kGYzBj"
RepMikeJohnson,1260717752999952391,2020-05-13 23:45:09,"Speaker Pelosi is using COVID-19 as an opportunity to push a liberal wishlist of policies that have NOTHING to do with the pandemic...at a cost to taxpayers of $3 TRILLION! 

It's utterly shameful for Nancy Pelosi exploit a national crisis to try to push her radical agenda. https://t.co/hLlKvdEcMF"
RepMikeJohnson,1260711684647391237,2020-05-13 23:21:03,RT @GOPoversight: The first thing Democrats did with Pelosi's select coronavirus committee was try to put American steelworkers out of a jo‚Ä¶
RepMikeJohnson,1260586965038239744,2020-05-13 15:05:27,"I am helping to lead an effort in Congress to protect small businesses and non-profits such as churches, food banks and homeless shelters--which have made good-faith efforts to follow health and safety guidelines--against the looming threat of COVID-19 liability lawsuits."
RepMikeJohnson,1260278582691102727,2020-05-12 18:40:03,"As I explained to @FoxNews, it's critical for non-profits such as food banks, churches, and homeless shelters--which have made good-faith efforts to follow health &amp; safety guidelines--to be protected from the looming threat of COVID-19 liability lawsuits. https://t.co/cH3QlgxLCe"
RepMikeJohnson,1259970991234703366,2020-05-11 22:17:48,".@LouisianaGov has finally announced today his intention to begin Phase 1 of reopening society in LA. While public health must remain the chief concern, it is urgent that the state give small businesses, churches &amp; non-profits a fighting chance at survival.https://t.co/mDbd3mVoqm"
RepMikeJohnson,1258880139070496769,2020-05-08 22:03:08,"I spent 5 hours at the @WhiteHouse with @realDonaldTrump discussing the urgency of reopening LA's economy. 47 states will be partially reopened by  Sunday &amp; we can't be left behind. If we are, the reality is that the long term health of all our citizens will suffer substantially."
RepMikeJohnson,1258765685414670339,2020-05-08 14:28:20,"We can protect lives &amp; livelihoods at the same time, &amp; we have to. LA has been hit hard by the coronavirus, but certain communities were more impacted than others. That's why we are urging @LouisianaGov to implement a region-by-region approach to reopening our state‚Äôs economy. https://t.co/o39yPqw5YD"
RepMikeJohnson,1258482881040654336,2020-05-07 19:44:34,"RT @harrisongolden: 7PM TONIGHT: Nexstar Louisiana‚Äôs COVID-19 Virtual Town Hall.

Guests @LouisianaGov, @SenBillCassidy, @RepAbraham, @RepR‚Ä¶"
RepMikeJohnson,1258449090762989569,2020-05-07 17:30:18,"On this #NationalDayofPrayer, let's pray for those affected by the coronavirus, our health care providers &amp; first responders, our national &amp; local officials, and for our nation's recovery. Many people are suffering today, but God is still sovereign. We are one nation, under Him. https://t.co/oXij83TOua"
RepMikeJohnson,1258165482861006848,2020-05-06 22:43:21,"America has issued 7 million tests for COVID-19, surpassing other nations by MILLIONS. Our nation has done a remarkable job increasing testing capacity, thanks to @realDonaldTrump‚Äôs leadership and the work of the Coronavirus Taskforce. https://t.co/gYqsmdpcKq"
RepMikeJohnson,1257294878284881920,2020-05-04 13:03:53,"America has paid dearly during this pandemic, both in lives and livelihoods. If that is found to be a direct result of China‚Äôs actions, the Chinese government must be held accountable. Congress needs to be ready and have the backbone to enact @RepublicanStudy's recommendations. https://t.co/uCNV3vuRaG"
RepMikeJohnson,1257292429318897664,2020-05-04 12:54:09,".@RepublicanStudy's Conservative Framework for Recovery, Accountability, and Prosperity will help make sure the United States is NEVER AGAIN reliant on China for access to medical treatments and supplies during a pandemic. More in my latest interview with @BreitbartNews ‚¨áÔ∏è https://t.co/DxjchzCZAj"
RepMikeJohnson,1257287285646733312,2020-05-04 12:33:42,"Tune out the MSM. @realDonaldTrump's innovative response to COVID-19 has set a new precedent for presidential leadership during a national health crisis. History will show that cutting red tape, private sector partnerships &amp; letting states lead was key to overcoming this pandemic https://t.co/K35EZ2xbSB"
RepMikeJohnson,1257279620359032833,2020-05-04 12:03:15,"The same core conservative principles that have guided this country since its founding are going to be the principles that guide us through this pandemic. That truth is the foundation for @RepublicanStudy's Conservative Framework for Recovery, Accountability, and Prosperity. https://t.co/HIPHXKOXps"
RepMikeJohnson,1257105145734860800,2020-05-04 00:29:57,"üö®LIVE RADIO ALERTüö®

Tonight, I‚Äôll be joining @BreitbartNews Sunday with @joelpollak at 8:40 pm CT on @SiriusXMPatriot to discuss @RepublicanStudy‚Äôs blueprint for leading America through COVID-19 and ensuing economic recovery. 

Be sure to tune in on channel 125!"
RepMikeJohnson,1256755831619686400,2020-05-03 01:21:54,"RT @RepublicanStudy: Chairman @RepMikeJohnson tells @JonScottFNC how RSC's conservative COVID-19 framework will:

‚úÖGetüá∫üá∏back to work
‚úÖ#Flat‚Ä¶"
RepMikeJohnson,1256689325837778944,2020-05-02 20:57:38,"üö® LIVE TV ALERT üö®

I'll be on Fox News at 6:25pm CT speaking with @JonScottFNC about @RepublicanStudy's conservative proposal to lead our nation through this pandemic, help Americans get back to work, and revive the üá∫üá∏ economy. 

Read it yourself at ‚û°Ô∏è https://t.co/I6b5W8AuPM https://t.co/bekMzoGyqQ"
RepMikeJohnson,1256597064621981696,2020-05-02 14:51:01,Military heroes honoring health care provider heroes all over our state. God bless America! üá∫üá∏ https://t.co/REDfwxw9NF
RepMikeJohnson,1256244034109968385,2020-05-01 15:28:12,"There's an incredible coalition building around 
@RepublicanStudy's Conservative Framework for Recovery, Accountability, and Prosperity. 18 groups so far!

More on our 37-point blueprint to lead our nation through this pandemic and revive the üá∫üá∏ economy ‚û°Ô∏è https://t.co/4XK0xPdGhl https://t.co/4EElajyd2P"
RepMikeJohnson,1255608593782620160,2020-04-29 21:23:11,"$9.6 million from the @TheJusticeDept's COVID-19 emergency supplemental funds is going to good use by helping Louisiana state and local law enforcement respond to COVID-19 in our communities. Read more in the link below.

https://t.co/1VVZkHmWaO"
RepMikeJohnson,1255567478375297025,2020-04-29 18:39:48,"RT @SteveScalise: People showing up to work next week:
‚Äì Healthcare professionals
‚Äì Grocery store clerks
‚Äì Scientists
‚Äì Farmers
‚Äì Truckers‚Ä¶"
RepMikeJohnson,1255526089461510146,2020-04-29 15:55:20,"Our state has been hit hard by COVID-19, the oil &amp; gas crisis, &amp; even a series of violent storms--but Louisianians never give up &amp; we always pull together.

The great people of Vernon Parish have shown once again why hope prevails here. #Louisianastrong https://t.co/3aOxTf4ZKJ"
RepMikeJohnson,1255229998065123328,2020-04-28 20:18:47,It's great to see that over $1.6 million in COVID-19 relief funds are headed to our public housing authorities - our most vulnerable communities. I thank @POTUS &amp; @secbencarson for recognizing that need and helping to get the funds distributed quickly. https://t.co/dTINaFN2ad
RepMikeJohnson,1255227443436232709,2020-04-28 20:08:38,"RT @RepublicanStudy: RSC has proposed 10 recommendations to hold China accountable, including:

‚úÖSanctioning officials involved in COVID-19‚Ä¶"
RepMikeJohnson,1255217884718120961,2020-04-28 19:30:39,"America has paid dearly during this pandemic, both in lives and livelihoods. If that is found to be a direct result of China‚Äôs actions, the Chinese government must be held accountable. Read  @RepublicanStudy's proposal to do just that ‚û°Ô∏è https://t.co/H47GlxqrLD https://t.co/q16mA4GdBH"
RepMikeJohnson,1255211901732225031,2020-04-28 19:06:52,"Protecting the physical health of Americans doesn‚Äôt have to jeopardize the fiscal health of our nation. As @RepublicanStudy COVID-19 framework shows, with the right mix of offsets and spending controls, we can do both. #FlattenTheDebtCurve üìàüìâ

https://t.co/q55K2UOPth"
RepMikeJohnson,1255210625149669379,2020-04-28 19:01:48,RT @GovWaste: .@RepublicanStudy's framework couldn't have come soon enough. There are less costly &amp; more productive ways to deliver healthc‚Ä¶
RepMikeJohnson,1255208756448804868,2020-04-28 18:54:22,"The same conservative principles that have guided our country since its founding will guide us through this pandemic. That truth is the foundation for @RepublicanStudy's Conservative Framework for Recovery, Accountability, and Prosperity. 

Read it now ‚û°Ô∏èhttps://t.co/4XK0xOW5pN https://t.co/6vj4ccfUyH"
RepMikeJohnson,1254917505321238537,2020-04-27 23:37:03,"RT @RepublicanStudy: #FlattenTheDebtCurve üìàüìâ

Protecting the physical health of Americans doesn‚Äôt have to jeopardize the fiscal health of o‚Ä¶"
RepMikeJohnson,1254896614625460227,2020-04-27 22:14:02,"With the Conservative Framework for Recovery, Accountability, and Prosperity, @RepublicanStudy has delivered to Congress a blueprint to lead our nation through this pandemic, help Americans get back to work, and revive the U.S. economy.

More in my latest interview with @OANN ‚¨áÔ∏è https://t.co/6ps0YQN6As"
RepMikeJohnson,1254893653660762113,2020-04-27 22:02:16,"RT @taxreformer: Taken together, the @RepublicanStudy healthcare recommendations will put patients first, give providers important flexibil‚Ä¶"
RepMikeJohnson,1254893576741363714,2020-04-27 22:01:58,RT @NTU: NTU applauds the economic and public health policy proposals released today by the @RepublicanStudy Health Care Task Force to batt‚Ä¶
RepMikeJohnson,1254868291551625216,2020-04-27 20:21:29,LIVE INTERVIEW ALERT üö® I'll be joining @BloombergRadio with @kevcirilli at 4:15 p.m. CT to discuss at @RepublicanStudy Committee's 37-point blueprint to lead America through the COVID-19 pandemic and working our way to economic recovery. Be sure to tune in!
RepMikeJohnson,1254866998946865152,2020-04-27 20:16:21,The COVID-19 pandemic has shown that innovative health care policies that put patients and doctors first can save lives. RSC's solutions build on those lessons by cutting red to tape to fast-track treatments and get our health care heroes the equipment they need to do their jobs. https://t.co/ZSskmnMhXf
RepMikeJohnson,1254859233360637954,2020-04-27 19:45:30,RT @RepJimBanks: Congress must offset debt impacts of #COVID19 legislation by passing a budget that shrinks gov't to a more proper size. Th‚Ä¶
RepMikeJohnson,1254858718094798848,2020-04-27 19:43:27,"Protecting the physical health of Americans doesn‚Äôt have to jeopardize the fiscal health of our nation. As @RepJimBanks &amp; @RepublicanStudy's Budget &amp; Spending Task Force have shown, with the right mix of offsets and spending controls, we can do both. https://t.co/9fIbKYkSBq"
RepMikeJohnson,1254839109895491584,2020-04-27 18:25:32,RT @Protectaxpayers: Some great forward thinking proposals from the @RepublicanStudy for leading America though the COVID-19 pandemic and e‚Ä¶
RepMikeJohnson,1254828322414104576,2020-04-27 17:42:40,RT @RepublicanStudy: RSC Chairman @RepMikeJohnson and RSC Health Care Task Force Chairman @RepMarshall released 9 conservative proposals th‚Ä¶
RepMikeJohnson,1254815603212398592,2020-04-27 16:52:07,"Today, the @RepublicanStudy unveiled our Conservative Framework for Recovery, Accountability, and Prosperity -- a 37-point blueprint to lead our nation through this pandemic, help Americans get back to work, and revive the U.S. economy. 

Read it now ‚¨áÔ∏è https://t.co/4XK0xOW5pN"
RepMikeJohnson,1253458808300621828,2020-04-23 23:00:42,"Not only is this duplicative committee designed to help Pelosi‚Äôs political agenda, it is also a COMPLETE waste of time and millions of precious taxpayer dollars. 

@Jim_Jordan listed what our 8 committees are ALREADY doing to oversee our coronavirus response. See more below ‚¨áÔ∏è https://t.co/MDZXWqhEIu"
RepMikeJohnson,1253458807348441088,2020-04-23 23:00:42,"Leave it to @SpeakerPelosi to turn a public health crisis into a political tool to attack @realDonaldTrump.
¬†
Now, she has created yet another subcommittee for overseeing the coronavirus crisis, when we ALREADY have 8 committees tasked with oversight on the response."
RepMikeJohnson,1253454416272928773,2020-04-23 22:43:15,"RT @SteveScalise: üö® BREAKING NEWS üö®

The Paycheck Protection Program and Health Care Enhancement Act passed the House and is on its way to‚Ä¶"
RepMikeJohnson,1253441790021156866,2020-04-23 21:53:05,"LET‚ÄôS MAKE THIS CRYSTAL CLEAR:
Individuals who quit their jobs just so they can collect COVID-19 unemployment benefits are COMMITTING A CRIME.

If u steal these precious taxpayer dollars during national emergency, these will be the results under Louisiana law... https://t.co/5LHGmYorWY"
RepMikeJohnson,1253377271374675970,2020-04-23 17:36:42,"I‚Äôm very pleased to see the @La_DOTD is receiving over $40 million to continue transit operations in rural parts of the state after being vastly impacted by COVID-19 due to stay-at-home orders.

Learn more about the @FTA_DOT grant here: https://t.co/OFP54Gmiwo"
RepMikeJohnson,1253346895759622146,2020-04-23 15:36:00,RT @307BombWing: @307BombWing  sends more troops to aid #NYC  in #COVID19 fight. @USAFReserve @10thAirForce #ReserveReady #ReserveReform #k‚Ä¶
RepMikeJohnson,1253339573725396992,2020-04-23 15:06:54,"TOMORROW: Barksdale AFB will be honoring our amazing health care heroes with B-52 Flyovers.

What a great way to show our communities‚Äô appreciation for the brave work they are doing on the front lines of the coronavirus pandemic.

Learn more here: https://t.co/mHstcppU8U"
RepMikeJohnson,1253125532801290240,2020-04-23 00:56:23,ATTENTION: @fema is awarding over $6.5 million to the @LADeptHealth to continue our state's response to COVID-19. It‚Äôs encouraging to see the resources we‚Äôve been fighting for in Washington are headed back to Louisiana. You can read my full statement here: https://t.co/4VbiC8i7fT
RepMikeJohnson,1253029061087150081,2020-04-22 18:33:02,"RT @JudiciaryGOP: Speaker Pelosi just blamed Mitch McConnell for delaying the latest #coronavirus relief package. 

Seriously? 

The Speake‚Ä¶"
RepMikeJohnson,1252622972168306691,2020-04-21 15:39:23,"Great news from the @US_FDA! They have authorized the first at-home COVID-19 test. A huge thanks to @realDonaldTrump for cutting the red tape so that we can get these tests into the hands of the American people as soon as possible!

https://t.co/7J0jIXnz5N"
RepMikeJohnson,1252358443869933569,2020-04-20 22:08:15,"Now, because of stay-at-home orders and other efforts to prevent the spread of COVID-19, oil prices have crashed. It is more evident now than ever that we have got to get folks back to work. (2/3)"
RepMikeJohnson,1252358442607505409,2020-04-20 22:08:15,"Devastating news today for our oil and gas companies and their employees in Louisiana. Before the pandemic, the industry was already hurting because of a price war between Russia and Saudi Arabia. https://t.co/PH9nskY7LC (1/3)"
RepMikeJohnson,1251952176857075714,2020-04-19 19:13:53,"To ensure that China pays for its negligence, I am cosponsoring a bill introduced by @SenTomCotton and @RepDanCrenshaw that will empower U.S. citizens to sue China in federal court to recover damages for death, injury, and economic harm caused by COVID-19. https://t.co/O2SD5Msjgf"
RepMikeJohnson,1251952175175077892,2020-04-19 19:13:53,"China‚Äôs deceit has cost the United States dearly, both in lives and livelihoods. More than three quarters of a million Americans have tested positive for COVID-19 and tragically, nearly 40,000 have lost their lives."
RepMikeJohnson,1251952173874905092,2020-04-19 19:13:53,"When faced with the initial outbreak of the novel coronavirus, China's communist regime made the deliberate choice to spread misinformation, suppress facts, and silence whistleblowers ‚Äì misleading not only its own citizens about the severity of the virus, but the entire world."
RepMikeJohnson,1251952172683722754,2020-04-19 19:13:52,The Chinese government‚Äôs deliberate coverup of COVID-19 is directly responsible for the most destructive and deadly global pandemic in our lifetime.
RepMikeJohnson,1250930643145502721,2020-04-16 23:34:41,"Before COVID-19, our economy was as strong as it had ever been ‚Äì unemployment was at historic lows, wages were up &amp; businesses were thriving. I wholeheartedly believe that, under @realDonaldTrump leadership, our nation can reclaim that momentum &amp; restore our booming economy. https://t.co/aVECKnRye7"
RepMikeJohnson,1250851937148338177,2020-04-16 18:21:56,"In the last three hours, over 15,000 #PPPloans went unprocessed because @SpeakerPelosi &amp; @SenSchumer are blocking more funding. 

We are fighting to save jobs and small businesses. What have they fought for during this pandemic?

...$300 million for PBS

https://t.co/9DdXIH43cg"
RepMikeJohnson,1250851917074489346,2020-04-16 18:21:51,"I'm honored @realDonaldTrump has given me the opportunity to serve on the Task Force on Reopening the Economy. Before COVID-19 our economy was as strong as it had ever been. Under @POTUS' leadership, I believe our nation can reclaim that momentum.¬†https://t.co/RgtD5wg49j"
RepMikeJohnson,1250834817584939012,2020-04-16 17:13:54,"In the last two hours, over 10,000 #PPPloans went unprocessed because @SpeakerPelosi &amp; @SenSchumer are blocking more funding. 

We are fighting to save jobs and small businesses. What have they fought for during this pandemic?

...carbon offsets

https://t.co/9DdXIH43cg"
RepMikeJohnson,1250507269369970700,2020-04-15 19:32:20,It's an undisputed fact that the WHO parroted Chinese misinformation on COVID-19. For an org that so many nations depend upon to put its relationship with China above the health &amp; safety of billions is unconscionable. @realDonaldTrump is right to cut funds https://t.co/KSCqOx8BbM
RepMikeJohnson,1250503003783790597,2020-04-15 19:15:23,"God bless Leigh White and all of our health care heroes. What an inspiring story of faith, family, and recovery. 
https://t.co/FhHfgXoOxY"
RepMikeJohnson,1250454259574939653,2020-04-15 16:01:42,"RT @GOPLeader: ‚á® When the President first briefed Congress on COVID-19, Democrats were trying to impeach him.
‚á® When he stopped flights fro‚Ä¶"
RepMikeJohnson,1248740003787784193,2020-04-10 22:29:52,"Louisiana has been severely impacted by COVID-19, so I am very encouraged to learn that Louisiana health care facilities will be receiving $474.8 million in the first round of expedited payments under the CARES Act. Learn more here:
https://t.co/4iqN8ZZ7SG"
RepMikeJohnson,1248430730599792650,2020-04-10 02:00:55,"(1/5) While there are positive signs that Louisiana may be turning a corner in the fight against coronavirus, the past couple days have brought more news of tragedy &amp; sorrow. Three great men who were servant leaders of their communities &amp; beyond are among those who have been lost"
RepMikeJohnson,1248355702365663232,2020-04-09 21:02:47,"Although I wish the telephone town hall occurred under better circumstances, it was a pleasure to speak with you all this afternoon with @RepMarshall.
¬†
Louisianans are the strongest, most resilient people in the world, and we WILL get through the coronavirus pandemic---together. https://t.co/sJnam0B1Y1"
RepMikeJohnson,1248239935251001347,2020-04-09 13:22:46,RT @FRCdc: Who can benefit from the #PaycheckProtectionProgram and how do the loans function? @RepMikeJohnson joins @tperkins to discuss th‚Ä¶
RepMikeJohnson,1248012099806101506,2020-04-08 22:17:26,RT @WhiteHouse: LIVE: Press Briefing with Coronavirus Task Force https://t.co/jgENbi406M
RepMikeJohnson,1247966038743855105,2020-04-08 19:14:24,"Have questions about coronavirus? The @WhiteHouse, @CDCgov and @fema put together a one-stop shop for you to get the answers you need here: https://t.co/3wQKvNEc6K"
RepMikeJohnson,1247709786440978433,2020-04-08 02:16:09,"ICYMI: This evening, I joined @cspan's @SteveScully to discuss the coronavirus' impact on Louisiana. Watch the full interview below ‚¨áÔ∏è https://t.co/XRFD1qWV4Q"
RepMikeJohnson,1247514030002012161,2020-04-07 13:18:17,"RT @ShreveportMayor: We can beat #COVID19, but it‚Äôs going to take a team effort. Got a couple of @LSU legends &amp; 318 natives who know how to‚Ä¶"
RepMikeJohnson,1247312076516790274,2020-04-06 23:55:47,"As we begin a challenging week in the fight against the #coronavirus, it‚Äôs encouraging to see that more federal resources are headed to Louisiana. My thanks to @realDonaldTrump &amp; the @CDCgov for their continued support of our brave medical professionals. https://t.co/pBWr1L7yuE"
RepMikeJohnson,1247260656040099840,2020-04-06 20:31:28,"During a health crisis of this magnitude, it's critical our medical professionals have the resources they need to treat patients with COVID-19. That's why I wrote to HHS to expedite the disbursement of $100 billion in relief funding to health care facilities. https://t.co/WjiRH8EG0m"
RepMikeJohnson,1247179911946788864,2020-04-06 15:10:37,A great opportunity for airmen and families at #BarksdaleAFB to get information on the #coronavirus ‚¨áÔ∏è https://t.co/SPEBPIDlKq
RepMikeJohnson,1247175872668487680,2020-04-06 14:54:34,"(1/2) @realDonaldTrump warned this will be a ""tough week"" ahead, and the @Surgeon_General said it will be ""our Pearl Harbor moment"" in the war against the #coronavirus. @LouisianaGov said Sunday that Louisiana could run out of ventilators by Thursday, and ICU beds by the weekend."
RepMikeJohnson,1246936452040142854,2020-04-05 23:03:11,RT @WhiteHouse: LIVE: Press Briefing with Coronavirus Task Force https://t.co/xAIUh2s1OS
RepMikeJohnson,1246807367032942604,2020-04-05 14:30:15,"This week, I spoke with Gov. Edwards to urge that he take action against the abortion clinics in Shreveport &amp; Baton Rouge that remain open in violation of the Louisiana Department of Health's orders. Listen to my latest interview with @710keel to hear what the governor told me ‚¨áÔ∏è https://t.co/41nfRhAOiG"
RepMikeJohnson,1246582770937323520,2020-04-04 23:37:47,A big win for our churches &amp; religious institutions! Earlier this week I led a bipartisan letter to fed agencies to make clear that it was Congress' intent that houses of worship be given the same access to coronavirus aid as other nonprofits. Read more ‚û°Ô∏è https://t.co/AL7xbcgKfu https://t.co/4Aqp11AARA
RepMikeJohnson,1246582101643755521,2020-04-04 23:35:08,I am very pleased to see the Interim Final Rule for the Paycheck Protection Program clarifies that it was Congress‚Äô intent that churches and other religious entities have equal access to coronavirus relief funds. Read the final rule here: https://t.co/0uUao5WpsS.
RepMikeJohnson,1246564320990937090,2020-04-04 22:24:28,"We MUST reopen the economy and get people back to work ASAP, for the sustainability and long term health of ALL citizens. The quickest way to do that is for everyone to stay home for a short while longer so we can stop the spread and get this country operating again!"
RepMikeJohnson,1246564319913017345,2020-04-04 22:24:28,"You are not invincible &amp; even if you don't get sick, one new study shows that 50% of carriers have NO symptoms. Do your part now, and help save lives."
RepMikeJohnson,1246564316855316480,2020-04-04 22:24:27,"STAY HOME RIGHT NOW, FOR THE SAKE OF YOUR COMMUNITY.

@POTUS just emphasized the importance of continuing the govt guidelines to #StopTheSpread &amp; cited La. as an example of why *We are leading the US in the COVID-19 death rate. This is a STATEWIDE problem* https://t.co/FMtMCeXOvk"
RepMikeJohnson,1246130060760961027,2020-04-03 17:38:53,"üö®BREAKING NEWS üö® In response to outreach from myself,  @RepRichmond, @SteveScalise &amp; @WhipClyburn, @USTreasury has taken steps to ensure that churches have equal access to coronavirus relief funds, just as Congress intended. Hear more in my latest interview with Todd Starnes ‚¨áÔ∏è https://t.co/vXEYWAsvuE"
RepMikeJohnson,1245795642582188033,2020-04-02 19:30:01,The abortion industry is once again proving their allegiance to profits over public health. The clinics in Shreveport &amp; Baton Rouge should follow the law and close immediately! Every citizen should call upon @LouisianaGov to enforce @LADeptHealth's orders https://t.co/87Ea4GAKI5
RepMikeJohnson,1245728315446607878,2020-04-02 15:02:29,"Working w/ @RepRichmond, @SteveScalise &amp; @WhipClyburn to make clear that it was &amp; is Congress' intent that houses of worship be given the same access to coronavirus aid as other nonprofits. Our churches shouldn't be left behind during these difficult times
https://t.co/AL7xbcgKfu https://t.co/l9AsXQLLmZ"
RepMikeJohnson,1245538866423050246,2020-04-02 02:29:41,Just leaving my Bossier City office and this is what was going on across the parking lot at Willis-Knighton. Hundreds of folks are there (in their own cars) to cheer and encourage our health care heroes coming in &amp; out of the hospital during a shift change. #ProudtobeanAmericanüá∫üá∏ https://t.co/RlYNlCJFST
RepMikeJohnson,1245444100935028737,2020-04-01 20:13:07,"RT @KTBS: Be sure and join us Wednesday at 6pm as we take a look at how the virus is impacting not just our lives, but our livelihoods. It'‚Ä¶"
RepMikeJohnson,1245011891635793921,2020-03-31 15:35:40,"We don't often agree on policy, but I love my good friend and former colleague, State Rep. @EdwardTedJames. We're praying for Ted and all the other victims of COVID-19. Please heed his wise counsel on this. https://t.co/fXO0BXFxfO"
RepMikeJohnson,1244800490250125316,2020-03-31 01:35:38,"RT @Mike_Pence: To every doctor around the Country tirelessly working to keep the American people healthy and safe, thank you. Our Nation i‚Ä¶"
RepMikeJohnson,1244773601909276680,2020-03-30 23:48:48,"With so much information available on #coronavirus, I know sometimes it can be difficult distinguish between rumors and facts. Here's a helpful and important website the @DeptofDefense put together to combat some of the misinformation circulating online. https://t.co/z10Q6FeJUP"
RepMikeJohnson,1244734538326081542,2020-03-30 21:13:34,RT @WhiteHouse: LIVE: Press Briefing with Coronavirus Task Force https://t.co/MLnQHuBDwj
RepMikeJohnson,1244728644746035204,2020-03-30 20:50:09,"Note: Day 1 of the epidemic for a region is the day cases per 100,000 transitioned from 0.0 to 0.1. (For reference, today is Day 20 for Shreveport-Bossier; Day 22 for New Orleans and the State of LA; and Day 28 for the U.S.)."
RepMikeJohnson,1244388338548826112,2020-03-29 22:17:54,RT @WhiteHouse: LIVE: Press Briefing with Coronavirus Task Force https://t.co/io9HpU9q2o
RepMikeJohnson,1244024772310286337,2020-03-28 22:13:13,"Visit https://t.co/APE1NgDJyw for helpful resources and answers to frequently asked questions about the Coronavirus Aid, Relief and Economic Security Act"
RepMikeJohnson,1243698454406352896,2020-03-28 00:36:32,"I joined @KALBtv5 to answer questions about the #coronavirus relief bill that passed the House today. It's far from perfect, but it does provide emergency relief to those who need it most‚Äîour health care providers, our small businesses, and American workers and their families. https://t.co/prwu3koYM8"
RepMikeJohnson,1243672076030001154,2020-03-27 22:51:43,"üö®LIVE TV ALERTüö®

I'll be on @KALBtv5 at 6pm CT to give an update on the #coronavirus. Watch live online at https://t.co/PCUQaC1Kpp"
RepMikeJohnson,1243659751264837632,2020-03-27 22:02:45,RT @WhiteHouse: LIVE: Press Briefing with Coronavirus Task Force https://t.co/jd1mZa6Izv
RepMikeJohnson,1243595392933134336,2020-03-27 17:47:01,"This bill is far from perfect, but it does provide essential emergency relief to those who need it most‚Äîour health care providers, our small businesses, and American workers and their families, all of whom are suffering due to no fault of their own.  

My full statement ‚¨áÔ∏è https://t.co/PGPaSMIIRd"
RepMikeJohnson,1243570753250963457,2020-03-27 16:09:06,"Louisiana is quickly becoming ""a new epicenter of the virus."" This is not a game. Please stay safe. https://t.co/Em1ZzaUe8t"
RepMikeJohnson,1243273326811844619,2020-03-26 20:27:14,"(1/3) A few important updates...

First, https://t.co/APE1NgDJyw now has wealth of helpful information on the how the pending legislation will help Louisianians impacted by the coronavirus, including FAQs, links to the full text of the bill, and a section-by-section summary."
RepMikeJohnson,1243226245686595584,2020-03-26 17:20:09,Visit https://t.co/APE1NgDJyw for answers to all of your questions about how the new #coronavirus aid bill will help Louisianians impacted by the pandemic. I've just updated my site with lots of new resources including this topline summary of what's in the bill ‚¨áÔ∏è https://t.co/A3AFlWu8SD
RepMikeJohnson,1242909038511259649,2020-03-25 20:19:41,Today I wrote @SBAgov on behalf of the many Louisiana business owners having problems applying for disaster loans due to long waits and website crashes. It's imperative these issues get fixed quickly so this aid can start helping our small businesses impacted by the #coronavirus. https://t.co/a77PUTA0g2
RepMikeJohnson,1242850417492582401,2020-03-25 16:26:45,RT @LADeptHealth: It‚Äôs important to know the differences in the resources available and when to contact each one. For more information on #‚Ä¶
RepMikeJohnson,1242826080928571392,2020-03-25 14:50:02,"Thanks to @realDonaldTrump for taking decisive action to get Louisiana health care workers the resources they need to win the fight against the #coronavirus. 

https://t.co/kzRZzuyM0k"
RepMikeJohnson,1242564362767863809,2020-03-24 21:30:04,RT @WhiteHouse: üö®Watch today's Coronavirus Task Force briefing LIVE at 5:30 p.m. ET: https://t.co/EmsdctGWtd https://t.co/AMGMgkQO13
RepMikeJohnson,1242522323925839872,2020-03-24 18:43:01,"RT @DailyCaller: Dr. Brix says that the U.S. has done more testing in 8 days than South Korea did in 8 weeks
 https://t.co/vVvjhX4eDS"
RepMikeJohnson,1242502715818881028,2020-03-24 17:25:06,"So many of our people are out of work and struggling financially, while Louisiana reportedly has the fastest growth rate of confirmed COVID-19 cases in the world.

As I explained in my post yesterday, we need God's mercy and wisdom now more than ever."
RepMikeJohnson,1242211859962507265,2020-03-23 22:09:21,RT @WhiteHouse: LIVE: Press Briefing with Coronavirus Task Force https://t.co/Ciwe6T4Dr2
RepMikeJohnson,1242207409810083843,2020-03-23 21:51:40,RT @WhiteHouse: üö®Watch today's Coronavirus Task Force briefing LIVE at 5:30 p.m. ET: https://t.co/EmsdctGWtd https://t.co/TEbmfgzYR3
RepMikeJohnson,1242148679559139329,2020-03-23 17:58:17,"RT @SBAgov: SBA regional &amp; district offices are hosting webinars on #COVID19 disaster assistance for small businesses. 

üëâ Find regional &amp;‚Ä¶"
RepMikeJohnson,1242117260552146947,2020-03-23 15:53:26,A must read op-ed from the @Surgeon_General on how delaying elective medical and dental procedures can help us win the fight against coronavirus https://t.co/6SWpqMq20w
RepMikeJohnson,1241849105904697345,2020-03-22 22:07:53,RT @WhiteHouse: LIVE: Press Briefing with Coronavirus Task Force https://t.co/bPsEAcwjwb
RepMikeJohnson,1241447709615235075,2020-03-21 19:32:53,RT @CNNPolitics: JUST IN: FDA approves a new test that could detect the coronavirus in about 45 minutes https://t.co/JSi1CaZf8P https://t.c‚Ä¶
RepMikeJohnson,1241405503206576130,2020-03-21 16:45:10,RT @WhiteHouse: üö®Watch today's Coronavirus Task Force briefing LIVE at 12:30 p.m. ET: https://t.co/EmsdctGWtd https://t.co/noYNsMzcDO
RepMikeJohnson,1241390313484279812,2020-03-21 15:44:49,RT @KTBS: #SpecialReport Tune in for the White House briefing on COVID-19 @ 11:00 a.m. - https://t.co/inj7AEvRSL https://t.co/uhTpDcLh7y
RepMikeJohnson,1241383811641946113,2020-03-21 15:18:59,"Be sure to visit https://t.co/APE1NgDJyw for all of the latest information, updates, and resources on the coronavirus. #InItTogether https://t.co/4N6wZh304N"
RepMikeJohnson,1241370229651001344,2020-03-21 14:25:00,"Here is some helpful information from @CDCgov for individuals at higher risk for severe illness. You can find these and other resources on my website at https://t.co/APE1NgDJyw

https://t.co/9k51MoQi2Z"
RepMikeJohnson,1241123304938889216,2020-03-20 22:03:49,"üö®LIVE TV ALERTüö®

I'll be on @KALBtv5 at 6pm CT to give an update on the #coronavirus. Watch live online at https://t.co/PCUQaC1Kpp"
RepMikeJohnson,1241072154076155904,2020-03-20 18:40:34,".@TechforLearners has pulled together some helpful resources for educators, administrators, and all of us parents-turned-teachers turning to online learning as coronavirus response disrupts the school year. Check out their site at https://t.co/ZWpEd5XCGq #InItTogether"
RepMikeJohnson,1241034719741050883,2020-03-20 16:11:49,"üö®DOES YOUR COMPANY HAVE INDUSTRIAL USE MASKS THAT CAN BE DONATED OR SOLD?üö®

If so, please contact my Bossier City office at 318-840-0309 so we can connect you to health care providers who would be very grateful for any you can donate or sell them. Thank you! #InItTogetherüá∫üá∏ https://t.co/kQoR2ip5La"
RepMikeJohnson,1240719912861040641,2020-03-19 19:20:53,"Be vigilant for bad actors trying to stoke uncertainty with rumors and false information. For the facts about coronavirus be sure to visit https://t.co/NowvzgfS6E

You can also access lots of helpful information and resources on my website at https://t.co/APE1NgDJyw https://t.co/WcmGGR8DAf"
RepMikeJohnson,1240662744250101760,2020-03-19 15:33:43,RT @WhiteHouse: LIVE: Press Briefing with Coronavirus Task Force https://t.co/uvFZaWbcME
RepMikeJohnson,1240662621822517254,2020-03-19 15:33:14,"Lots of resources being deployed across LA to #StopTheSpread. Today Shreveport Bossier now has 3 drive-thru testing sites open. These sites are ONLY for patients who have a doctor‚Äôs order. If you think you need to be tested you MUST see your doctor first.

https://t.co/FPuIWhq1dg"
RepMikeJohnson,1240326733053788164,2020-03-18 17:18:31,"(2/6) Last night, I got an urgent call from a friend, Dr. Ross Hamic, who explained that his medical practice is running out of face masks that protect their patients and the health care providers who are handling essential coronavirus testing for our area."
RepMikeJohnson,1240292563741007872,2020-03-18 15:02:45,"üö®LIVE TV ALERTüö®

At 10:30 AM CT, members of the @WhiteHouse Coronavirus Task Force will hold a public briefing. Watch it live here ‚¨áÔ∏è

https://t.co/LbGjmN5eVK"
RepMikeJohnson,1240274942182199297,2020-03-18 13:52:44,"If you're a veteran or you know a veteran with questions about the #coronavirus, here's latest update from the @DeptVetAffairs:
 https://t.co/Q6lOQKjtl7

Find these resources and more on my website at https://t.co/APE1NgDJyw"
RepMikeJohnson,1240052428571062275,2020-03-17 23:08:32,"Many small business owners have reached out to me looking for #coronavirus information and resources. Here's the latest https://t.co/2PuCghJcPl

This is a dynamic process with lots of great ideas on the table. Stay tuned for updates as solutions develop. https://t.co/YiCfw4ENzX"
RepMikeJohnson,1239998419164422147,2020-03-17 19:33:55,"üö®BOSSIER BUSINESS OWNERSüö® 

As the state considers how to disperse federal aid, the Greater Bossier Economic Development Foundation is encouraging local businesses affected by coronavirus to fill out the Economic Injury Worksheet at the link below.  https://t.co/3g6TJsKj9x"
RepMikeJohnson,1239961421561110529,2020-03-17 17:06:54,RT @HouseGOP: Are you doing your part to slow the spread of the coronavirus?üëá https://t.co/9UEf1WJbV2
RepMikeJohnson,1239953995789107200,2020-03-17 16:37:24,"Here are some home cleaning tips from @CDCgov to help prevent the spread of #coronavirus. You can find these and other resources on my website at https://t.co/APE1NgDJyw 

https://t.co/kvw9UK5o42"
RepMikeJohnson,1239926074655547393,2020-03-17 14:46:27,"Here's some helpful information on #coronavirus for pregnant women and parents from the @CDCgov. You can find these and other resources on my website at https://t.co/APE1NgDJyw

https://t.co/ZH3UzALtUF"
RepMikeJohnson,1239669879822782466,2020-03-16 21:48:25,RT @RepMikeJohnson: PLEASE RETWEET &amp; SHARE: Do your part to slow the spread of #coronavirus. Follow @realDonaldTrump's Guidelines for Ameri‚Ä¶
RepMikeJohnson,1239648858826833920,2020-03-16 20:24:54,"PLEASE RETWEET &amp; SHARE: Do your part to slow the spread of #coronavirus. Follow @realDonaldTrump's Guidelines for America.   

For more resources and information, please visit https://t.co/APE1NgDJyw https://t.co/4vlQksjm3W"
RepMikeJohnson,1239637788435365894,2020-03-16 19:40:54,"RT @JudiciaryGOP: RETWEET these tips to combat the #coronavirus outbreak:

ü¶† Know how it spreads. 
üôã‚Äç‚ôÄÔ∏è Take steps to protect yourself.‚Ä¶"
RepMikeJohnson,1239632573762060291,2020-03-16 19:20:11,RT @WhiteHouse: LIVE: Press Briefing with Coronavirus Task Force https://t.co/K6VD9IPfOd
RepMikeJohnson,1239629772386439168,2020-03-16 19:09:03,"üö®LIVE TV ALERTüö®

At 2:15PM CT, @VP Mike Pence and members of the @WhiteHouse Coronavirus Task Force will hold a public briefing. Watch it live here ‚¨áÔ∏è https://t.co/oNQSNKUPdL"
RepMikeJohnson,1239616659964530690,2020-03-16 18:16:57,"Here's some guidance from @CDCgov on what every American and community can do now to decrease the spread of the #coronavirus.

You can find these and other resources on my website https://t.co/APE1NgDJyw https://t.co/CYk0aDHwnF"
RepMikeJohnson,1239577151638327297,2020-03-16 15:39:57,"Be vigilant for bad actors trying to stoke uncertainty with rumors and false information. For the facts about the #coronavirus, please visit https://t.co/APE1NgDJyw for access to trustworthy state and federal resources. https://t.co/WcmGGR8DAf"
RepMikeJohnson,1239207663872983040,2020-03-15 15:11:45,"On this National Day of Prayer, please join us in praying for those who have been affected by the coronavirus and the countless heroes working around the clock here and abroad to keep the people safe."
RepMikeJohnson,1238986653097758724,2020-03-15 00:33:32,"RT @JudiciaryGOP: Listen to Coach O! 

üßº Wash your hands. 
üõå Stay home if you‚Äôre sick. 
üå° Listen to medical professionals. 

#FootballGuy h‚Ä¶"
RepMikeJohnson,1238952013280489473,2020-03-14 22:15:53,"My thanks to @LSUfootball's Coach O for doing his part to keep Louisianians healthy &amp; safe as we all tackle the #coronavirus together. Let's all be team players and follow his game plan:

‚úÖCover your cough w/ your elbow
‚úÖWash your hands
‚úÖIf you're sick, stay home

#GeauxTigers https://t.co/0O1oK7m1Qj"
RepMikeJohnson,1238702344868630529,2020-03-14 05:43:47,"I voted yes on the #coronavirus relief bill because so many people in our state needed me to. It is far from perfect, but it will help keep Louisianians healthy &amp; safe, and minimize the disruption caused by the coronavirus.

My full statement ‚¨áÔ∏è https://t.co/3XK7hFZES3"
RepMikeJohnson,1238651562437861378,2020-03-14 02:22:00,"(11/15) And I would continue to pray for an end to this crisis, for the protection of my congregation, and for the wisdom, safety and discernment of every health care provider and all those in authority. (1 Tim. 2:1-3)"
RepMikeJohnson,1238651560487501824,2020-03-14 02:21:59,"(9/15) Because worship services are the places where we assemble, embrace &amp; share communion &amp; where it is common for older Americans to gather, wisdom suggests we should be careful to protect our people. Louisiana is currently listed in the top 10 states most affected by COVID-19"
RepMikeJohnson,1238651556335058944,2020-03-14 02:21:58,(6/15) We have to do this to protect our vulnerable populations and ensure that our health care system is not overwhelmed by a rush of newly infected persons.
RepMikeJohnson,1238651548047224834,2020-03-14 02:21:56,"(5/15) We must remember that the primary reason for the national and state emergency declarations and the public health officials' warnings about large gatherings is to slow, and ultimately stop, the spread of the virus."
RepMikeJohnson,1238651520515747840,2020-03-14 02:21:50,"(1/15) I've received a number of calls from pastors &amp; constituents around the LA-04 today inquiring about the wisdom &amp; enforceability of the governor's coronavirus proclamation-which, among other things, limits gatherings of 250+ people from now until 4/13 (the day after Easter). https://t.co/zSFjJ4i8Kk"
RepMikeJohnson,1238566307521613824,2020-03-13 20:43:13,"I've said from the start of the #coronavirus crisis, my top priority is ensuring Louisianians have the resources they need to stay healthy &amp; safe. The innovative, forward-thinking public-private partnership announced by @realDonaldTrump will go a long way toward achieving that."
RepMikeJohnson,1238498909154086912,2020-03-13 16:15:24,RT @KTBS: PLEASE SHARE - Anyone looking for information about the COVID-19 outbreak can  dial 211 or text the keyword LACOVID to 898-211 fo‚Ä¶
RepMikeJohnson,1238491066401198081,2020-03-13 15:44:14,"RT @CDCgov: Our #COVID19 Twitter Q&amp;A with CDC‚Äôs Deputy Director for Infectious Diseases, Dr. Jay Butler, starts now:
 #askCDC"
RepMikeJohnson,1238480569589252098,2020-03-13 15:02:32,"RT @realDonaldTrump: I will be having a news conference today at 3:00 P.M., The White House. Topic: CoronaVirus!"
RepMikeJohnson,1238221676040654850,2020-03-12 21:53:47,"In addition to the #conoravirus information I've made available on https://t.co/APE1NgDJyw, Louisianians can also get updates from the @LADeptHealth by calling 211 or texting LACOVID to 898-211 

More details‚¨áÔ∏è
https://t.co/sI8xYN0imZ"
RepMikeJohnson,1238178106139201536,2020-03-12 19:00:39,"My colleagues and I here in Congress are continuing to work to determine the best economic resources package to respond to the coronavirus appropriately. I'm also doing everything I can to provide timely information to public. For the latest updates, visit https://t.co/APE1NgDJyw https://t.co/VNIHg9gdaN"
RepMikeJohnson,1238139136843943936,2020-03-12 16:25:48,RT @CDCgov: Tweet your questions now using #askCDC and join Dr. Jay Butler Friday morning to get answers on #COVID19. https://t.co/lqiIqv4T‚Ä¶
RepMikeJohnson,1238122825594163200,2020-03-12 15:20:59,"We are here on Capitol Hill working on the best responses to address the evolving coronavirus situation. I and my staff, both here and in LA, are working to ensure our state has everything it needs to keep Louisianians safe. 1/3 https://t.co/PNVBdPZMcN"
RepMikeJohnson,1237864668284063746,2020-03-11 22:15:09,"My top priority is ensuring our health care providers have the resources they need to keep Louisianians safe &amp; healthy. To that end, I'm pleased to announce that $7.8 million in CDC funding is coming back to LA to help us in the fight against coronavirus. 
https://t.co/xAZfbhztHF https://t.co/3V7yMhF1XP"
RepMikeJohnson,1237828391547678720,2020-03-11 19:51:00,"My top priority is ensuring our health care providers have the resources they need to keep Louisianians safe &amp; healthy. To that end, I'm pleased to announce that $7.8 million in CDC funding is coming back to LA to help us in the fight against coronavirus. 
https://t.co/xAZfbhR56f"
RepMikeJohnson,1237751882082328576,2020-03-11 14:46:59,RT @RepublicanStudy: The RSC Health Care Plan is the product of more than one year of research and stakeholder discussions. It will PROTECT‚Ä¶
RepMikeJohnson,1237083242261622787,2020-03-09 18:30:03,"If you have any questions or concerns regarding the coronavirus, please contact @LADeptHealth at 1-855-523-2652.

Additionally, my office is available to you as a resource as well: 318-840-0309.
https://t.co/dJvt7xmgRC"
RepMikeJohnson,1236055339591753740,2020-03-06 22:25:32,"@AnnCoulter Hi Ann- I've made a career over 20 yrs citing the Bible to defend obeying the law &amp; upholding the rule of law. We can be tough on crime (e.g., Romans 13) &amp; still make wise use of clemency in those cases where it's warranted. It's an important part of our constitutional tradition."
RepMikeJohnson,1235323314547154944,2020-03-04 21:56:44,"My top priority is ensuring our health care providers have the resources they need to keep Louisianians safe from the coronavirus. The bipartisan $8 billion funding package just passed by the House will go a long way toward accomplishing that. 

More ‚û°Ô∏èhttps://t.co/CZcLH9YTJU https://t.co/vSosHPNCYr"
RepMikeJohnson,1235299303201148930,2020-03-04 20:21:19,"This was a big day for the state of Louisiana and for commonsense health and safety regulations. 

Let us be in prayer for our friends who believe in the sanctity of every human life, for the supporters of women's health, and for the outcome of this monumental case. #SupremeCourt https://t.co/goQfelE4M7"
RepMikeJohnson,1235266735479148544,2020-03-04 18:11:54,Just left the #SupremeCourt after watching oral arguments on June Medical v. Russo. 7 of the 9 justices were very engaged &amp; asked thoughtful questions. I‚Äôm confident that we will get a majority opinion in this case that will uphold LA's commonsense protections for women's health. https://t.co/8SGAWZer2O
RepMikeJohnson,1235263667903574021,2020-03-04 17:59:43,"RT @FRCdc: LIVE at #SCOTUS: @tperkins and @RepMikeJohnson give reaction to oral arguments in the #JuneMedical v. Russo case.

Watch here: h‚Ä¶"
RepMikeJohnson,1235227483743621123,2020-03-04 15:35:56,It has been a long road from my days defending the admitting privileges law in federal court to today's arguments in the #SupremeCourt. I ask for your prayers on this momentous day that will decide the fate of LA's right to pass reasonable health &amp; safety regulations on abortion. https://t.co/Hju9VNYI3O
RepMikeJohnson,1234618548238127109,2020-03-02 23:16:14,"With today's #SCOTUS news, just a reminder that @RepublicanStudy has a health care plan that will protect vulnerable Americans ‚Äì including those with pre-existing conditions  ‚Äì while reducing premiums, deductibles, &amp; overall costs. Read more‚û°Ô∏èhttps://t.co/6BJ0VCChTP"
RepMikeJohnson,1233534473117061123,2020-02-28 23:28:31,RT @RepTimBurchett: My full letter to @SpeakerPelosi and @LeaderHoyer. Public health is not a political game. We need to work together on a‚Ä¶
RepMikeJohnson,1233495327321264129,2020-02-28 20:52:57,"Recessing the House while health officials express concerns about limited resources is unjustifiable. The Senate, @POTUS &amp; - most importantly - the American people, are waiting on the House to act on a #coronavirus funding package. We ought to keep working until the job is done. https://t.co/IOgGAlPPUW"
RepMikeJohnson,1233379204277952512,2020-02-28 13:11:32,RT @RepAndyBiggsAZ: Democrats are taking their cues from Speaker Pelosi &amp; politicizing #coronavirus to demonize President @realDonaldTrump‚Ä¶
RepMikeJohnson,1233375543233536003,2020-02-28 12:56:59,".@VP Pence is a decisive, organized, and experienced leader. There is no one in the government better positioned secure the talent, manpower, and resources necessary to respond to the threat posed by coronavirus. He needs our support and our prayers. This is no time for politics"
RepMikeJohnson,1233163454640480256,2020-02-27 22:54:13,Politicize coronavirus? @SenWarren has a plan for that #shameful https://t.co/gc1jMQU8Co
RepMikeJohnson,1232813001348145153,2020-02-26 23:41:38,"With new #coronavirus cases being confirmed every day, this is not a time to play politics. We‚Äôre a resilient people, but we are stronger together. It‚Äôs my sincere hope that Congress will put partisanship aside to work with @realDonaldTrump to keep our communities healthy &amp; safe."
RepMikeJohnson,1231373344622161920,2020-02-23 00:20:57,RT @RepublicanStudy: .@repkevinhern speaks with @tulsaworld about bringing a business owner's perspective to the RSC Health Care Task Force‚Ä¶
