RepMcCaul,1321914046153711618,2020-10-29 20:37:23,"They claimed to me and to media outlets like @thedailybeast that ‚ÄúCoronavirus disinformation spread by senior Chinese government officials does not violate Twitter‚Äôs terms of service"" including tweets that blamed the US Army for the creation of #COVID. https://t.co/ZfiMCNyRz0"
RepMcCaul,1321914044480212995,2020-10-29 20:37:22,"In March, I sent a letter to @Twitter asking them to remove posts by #ChineseCommunistParty officials &amp; their propaganda outlets that spread disinformation about the #coronavirus, &amp; asked them to deplatform the individuals who were using Twitter in a harmful way. Twitter refused."
RepMcCaul,1321599911406821380,2020-10-28 23:49:07,I had the pleasure of donating face masks to Nicole‚Äôs Place. This temporary care facility was est. to help those who have escaped the horrors of human trafficking. Thank you to Austin 20 &amp; @UpbringOrg for ensuring these young women have a place of refuge as they begin to heal. https://t.co/LZERLumf7g
RepMcCaul,1320838664050663424,2020-10-26 21:24:12,Today my office donated masks to the @houstonpolice so they can continue to safely operate. Thank you @ArtAcevedo for your leadership. I am grateful for the selfless service of the Houston police force! https://t.co/GmW0rcoXeh
RepMcCaul,1319348658257694721,2020-10-22 18:43:27,"The Refuge for DMST gives survivors of human trafficking a sense of hope while they recover in a safe environment. This morning, I had the pleasure of donating masks for the survivors and staff so they can continue to operate safely. Thank you all for everything you do! https://t.co/utQKArz4dE"
RepMcCaul,1318254147246936064,2020-10-19 18:14:15,"RT @HouseForeignGOP: ""I applaud the Administration for convening the Interagency Task Force to Combat Trafficking amid the COVID-19 pandemi‚Ä¶"
RepMcCaul,1317240959399231489,2020-10-16 23:08:12,"RT @HouseForeignGOP: LR @RepMcCaul &amp; CHM @RepEliotEngel on Turkey reportedly testing the Russian S-400:

‚ÄúIf reports of its latest S-400 te‚Ä¶"
RepMcCaul,1317123370530574339,2020-10-16 15:20:57,"""We want to get to the truth. I think getting the truth to the people of mainland China is [the CCP's] greatest fear.‚Äù
 
@EricBolling &amp; I discuss my Origins of COVID-19 Report on ""America This Week.""
üé• Watch: https://t.co/64tQQooSNJ"
RepMcCaul,1316390591538827267,2020-10-14 14:49:09,"Praying for a quick recovery for the firefighter who was hospitalized for heat exhaustion while battling the fire. Thankful for our first responders. üôèüèº 
https://t.co/aOfBR9lN6p"
RepMcCaul,1314568277931196419,2020-10-09 14:07:55,"I wrote to SR officials @TheJusticeDept, asking them to consider providing rolling grants &amp; add'l nationwide grants to orgs serving #humantrafficking survivors. We must do everything w/in our power to fund these vital nonprofits in the wake of COVID-19. https://t.co/ySU9ddsP2y"
RepMcCaul,1314194894399905792,2020-10-08 13:24:14,RT @China_TaskForce: The CCP is afraid of their people knowing the truth. They are responsible for letting COVID-19 go from an epidemic to‚Ä¶
RepMcCaul,1311379249849344001,2020-09-30 18:55:52,"The #ChinaTaskForce report is a roadmap to:
‚úîÔ∏èHold the CCP accountable for their role in the COVID pandemic
‚úîÔ∏èSecure our supply chain &amp; create US jobs
‚úîÔ∏èBolster national security 
‚úîÔ∏èKeep US tech cutting edge
‚úîÔ∏èImprove economic competitiveness 
https://t.co/wqQ2cZYw80"
RepMcCaul,1310943653226049547,2020-09-29 14:04:57,"New: @TheTexanNews article discusses my recent Origins of the COVID-19 Pandemic Report on the CCP's and WHO's culpability in allowing the virus to become a pandemic. Via @DanielJFriend 
Read here ‚¨áÔ∏è
https://t.co/cI0eEOzFvq"
RepMcCaul,1309482649027833858,2020-09-25 13:19:27,"RT @dcexaminer: WATCH:

@DavidMDrucker sits down with @RepMcCaul and @RepVanTaylor for a discussion about coronavirus, the rise of China, t‚Ä¶"
RepMcCaul,1308170648032874496,2020-09-21 22:26:01,"#ICYMI ‚ûû My full Report on Origins of the COVID-19 Pandemic ‚¨áÔ∏è

This months-long investigation reveals how the virus turned into a pandemic, how it could have been avoided had the #CCP been transparent, &amp; how to prevent it from happening again. Read more: https://t.co/ERFj4S5c5J"
RepMcCaul,1308079728356622336,2020-09-21 16:24:44,RT @HouseForeignGOP: üö®New document uncovered in LR @RepMcCaul‚Äôs Origins of COVID-19 Pandemic Final Reportüö®
RepMcCaul,1308032479618641920,2020-09-21 13:16:59,"RT @HouseForeignGOP: New: LR @RepMcCaul releases final report on the Origins of COVID-19 Pandemic. 

Read the full report‚¨áÔ∏è

https://t.co/1‚Ä¶"
RepMcCaul,1307045717463179264,2020-09-18 19:55:57,"Shanah Tovah to the Jewish community and all who celebrate. Wishing you a sweet, happy, and healthy new year! https://t.co/rwqKc3C0is"
RepMcCaul,1301595849001242625,2020-09-03 19:00:07,"September is #SuicidePreventionMonth. Sadly, more Americans have reported feeling depressed in the recent months during #COVID19. If you know someone who is struggling, check in on them and see how they are doing. #SupportSavesLives 
https://t.co/oIY8naMrFJ"
RepMcCaul,1301570328645206021,2020-09-03 17:18:43,"RT @GOPpolicy: For months, China covered up data on #Covid_19 that could have saved thousands of lives. @HouseForeignGOP and Ranking Member‚Ä¶"
RepMcCaul,1301532233187168258,2020-09-03 14:47:20,Funky Art Cafe not only serves its community with great dishes but also show cases the artistic talent throughout Texas. This unique small business was able to keep its doors open because of a #PPP loan they received. Thank you for the great visit! https://t.co/gUbXq5diN2
RepMcCaul,1298704960205590530,2020-08-26 19:32:45,It was great to meet w/ the staff at Colombus Community Hospital. We discussed how their operations have changed amid #COVID19. Hospitals in rural parts of the country are critical in ensuring the health and safety of our community. Extremely thankful for our #HealthcareHeroes. https://t.co/rldNnRRqHD
RepMcCaul,1296152756663865344,2020-08-19 18:31:13,"Thankful for @TECO_HTX‚Äôs donation of 50K masks for domestic violence shelters, human trafficking organizations, and hospitals in the Houston area. Reliable partnerships like these make us stronger as we fight the pandemic together! #Taiwanishelping https://t.co/G6wPwpZpUO"
RepMcCaul,1295470941493960712,2020-08-17 21:21:55,"National officials delayed the response by forbidding publication of any research on the virus without approval, and shared critical information with the outside world in early January only after unauthorized leaks forced their hand."
RepMcCaul,1295470938000154628,2020-08-17 21:21:54,"Great piece from @wsj on how #ChineseCommunistParty's authoritarian regime is root cause of #COVID becoming a pandemic, w/paranoia of local officials &amp; compartmentalization of info serving as key drivers. This is an indictment on their system of gov‚Äôt. https://t.co/p9g2Enemqd"
RepMcCaul,1294356353214033920,2020-08-14 19:32:57,"RT @ASP: This #SharkWeek, @RepMcCaul explains his bill to make shark finning illegal, and the importance of maintaining a healthy shark pop‚Ä¶"
RepMcCaul,1293957830177894405,2020-08-13 17:09:21,"RT @HouseForeignGOP: LR @RepMcCaul: ""I am deeply concerned by the impact of COVID-19 on extreme poverty around the world. The virus is erod‚Ä¶"
RepMcCaul,1291809458952298496,2020-08-07 18:52:30,"RT @texasinsider: In his work to address the Long-Term Impacts of COVID-19 while championing legislation to assist the most vulnerable, @Re‚Ä¶"
RepMcCaul,1291010475040346115,2020-08-05 13:57:37,"#ICYMI ‚û°Ô∏è The Global Fragility Act provides the tools to address long-term impacts of #COVID19 

READ: 
https://t.co/e4MO9HPXZl"
RepMcCaul,1290781928396926977,2020-08-04 22:49:27,"üö®Ken Pridgeon Stadium and San Jacinto College Central Campus locations will transition to surge testing sites, aiming to increase testing capacity and faster lab turnaround times. 

Learn more üëáüèª
https://t.co/OhuZyEkcaM"
RepMcCaul,1289313931408945153,2020-07-31 21:36:10,Before heading out for the weekend I paid a visit to Saint Damien. He served the poor and sick for over a decade in Hawaii. Our world needs more people like Saint Damien. https://t.co/duXESmyJKO
RepMcCaul,1289235739855802368,2020-07-31 16:25:27,Wishing a blessed and healthy Eid al-Adha to Muslims celebrating around the world! Eid Mubarak! https://t.co/Skc6WfgD3d
RepMcCaul,1288496123993362437,2020-07-29 15:26:29,"RT @HouseForeignGOP: LR @RepMcCaul: ""Over half of counterfeit #COVID19 products used in the U.S. came from China, including some of the per‚Ä¶"
RepMcCaul,1288223660856291328,2020-07-28 21:23:49,RT @HouseForeignGOP: LR @RepMcCaul: ‚ÄúThe CCP‚Äôs cover up that led to the #COVID global health crisis will not deter the freedom loving peopl‚Ä¶
RepMcCaul,1286061450352623617,2020-07-22 22:11:58,üö®COMING UP on the @EveningEdit with @LizMacDonaldFox to discuss the closing of the Chinese consulate in Houston and the latest on #COVID19. https://t.co/LvBJhJHI5S
RepMcCaul,1285692252807888899,2020-07-21 21:44:54,üö®House Dems just voted against sanctioning  #ChineseCommunistParty hackers who attempted to steal U.S. #covid19 vaccine research. This shouldn‚Äôt be a partisan issue. It‚Äôs about protecting potentially life-saving research from those who will use it to further their malign agenda.
RepMcCaul,1285661939524349953,2020-07-21 19:44:27,"It‚Äôs abundantly clear that the WHO needs reform from the top down. Director general Tedros, and those that help him appease the CCP and parrot their propaganda, should have no place at the WHO."
RepMcCaul,1285661938131836928,2020-07-21 19:44:27,"It‚Äôs deeply disturbing that a WHO spokesperson would share a ridiculous conspiracy theory aimed at the US &amp; Taiwan from an outlet that‚Äôs defended Hezbollah, attempted to rationalize the CCP‚Äôs abuses against the Uyghurs &amp; propagated anti-Semitic content.

https://t.co/rmPJGW4D7Z"
RepMcCaul,1285617880755732480,2020-07-21 16:49:23,"RT @HouseGOP: As the world responds to the COVID-19 crisis started by the Chinese Communist Party's cover-up, China's unlawful &amp; illegal cy‚Ä¶"
RepMcCaul,1281591754572075009,2020-07-10 14:10:59,"Congratulations to Dr. Olga Duchicela for being named Weimar's City Health Officer! I know Weimar will be in great hands and I thank you for caring for the health of your community.
https://t.co/KURLoiDvNH"
RepMcCaul,1280949223509438464,2020-07-08 19:37:48,"Great news!‚û°Ô∏è@USDOL announced a $40M grant program to help community colleges who have been impacted during this time. The program will provide funds for community colleges to expand their online and technological capabilities amid #COVID19. 

Learn more:
https://t.co/2HH6Tbpm5X"
RepMcCaul,1280675555554275329,2020-07-08 01:30:20,RT @HouseForeignGOP: LR @RepMcCaul on @EveningEdit with @LizMacDonaldFOX: ‚Äú I believe we need a leader at the @WHO who cares more about glo‚Ä¶
RepMcCaul,1280195180017127425,2020-07-06 17:41:30,"Great news!! ‚û°Ô∏è The FDA authorized use of a COVID-19 test that would easily provide results within 15 minutes. This is a huge breakthrough. 
https://t.co/LgcRENWEHx"
RepMcCaul,1279072924201373697,2020-07-03 15:22:03,"RT @HouseForeignGOP: ‚ÄúI have repeatedly requested information from the WHO about what they knew and when they knew it, &amp; I would welcome an‚Ä¶"
RepMcCaul,1278792721910685709,2020-07-02 20:48:38,"Learn how face coverings help stop the spread of #COVID19üëáüèº 
https://t.co/FOHQowg2ci"
RepMcCaul,1278792719855476736,2020-07-02 20:48:37,"üö®New face covering guidelines for the state of Texasüö®

@GovAbbott‚Äôs order empowers county officials to implement guidelines specific to their region - helping slow the spread of #COVID19 in our state. https://t.co/NnU45EoepC"
RepMcCaul,1278779407562428416,2020-07-02 19:55:43,"As COVID19 cases continue to rise in Texas, we must all be mindful to put on a face covering before heading out so we can protect our fellow Texans and slow the spread of #COVID19. https://t.co/1sYwOceW1K"
RepMcCaul,1278719973066772481,2020-07-02 15:59:33,RT @AmericaNewsroom: LISTEN: @RepMcCaul discusses his report on the COVID-19 origins #nine2noon https://t.co/TpSPCWsRK1
RepMcCaul,1278705858189410306,2020-07-02 15:03:28,RT @HouseForeignGOP: LR @RepMcCaul: ‚ÄúI‚Äôm glad to see the @WHO and the #ChineseCommunistParty have both read my interim report on the origin‚Ä¶
RepMcCaul,1278388048011689984,2020-07-01 18:00:36,"RT @RepJenniffer: We cannot longer afford to put our health security at the hands of our adversaries. Today, I‚Äôm before the @China_TaskForc‚Ä¶"
RepMcCaul,1277598213969784832,2020-06-29 13:42:05,RT @HouseForeignGOP: LR @RepMcCaul: ‚ÄúSickening to read reports detailing the #ChineseCommunistParty‚Äôs forced birth control methods on Uyghu‚Ä¶
RepMcCaul,1276647835950288897,2020-06-26 22:45:37,"RT @HouseForeignGOP: ‚ÄúRussia has abandoned the fa√ßade that it is protecting hospitals in Syria, when it is really attacking them. The world‚Ä¶"
RepMcCaul,1276585662851006464,2020-06-26 18:38:34,This just in ‚ûû the Administration granted an extension of federally-supported testing centers in TX. This is great news! Testing plays a critical role in how state &amp; local govts modify their tactics in slowing the spread of #COVID19. https://t.co/qHo4dxtqDI
RepMcCaul,1276576891319844871,2020-06-26 18:03:43,RT @HouseForeignGOP: Great news out of eastern DRC yesterday. I commend the work of @USAID @USEmbKinshasa and @CDC in partnership with Cong‚Ä¶
RepMcCaul,1276539205863309313,2020-06-26 15:33:58,".@GovAbbott is rolling back/pausing TX openings to slow the spread of #COVID19. This action is necessary to ensure the safety and health of Texans. Learn more üëáüèº
https://t.co/Eel4SEnx5z"
RepMcCaul,1275898430620151812,2020-06-24 21:07:45,"Wearing a mask is not a political issue - it‚Äôs about saving lives. 
Do your part to protect others by adhering to @CDCgov guidelines like wearing a face covering in public spaces &amp; practicing social distancing.
We must not let our guard down. 
https://t.co/vIzFjfyEsJ"
RepMcCaul,1275430889036460033,2020-06-23 14:09:54,"Per a recent report, doctors in the US have seen a rise in Americans dealing with depression and/or anxiety.
Thank you @AjitPaiFCC for establishing an easier way for individuals to reach out for mental health assistance when they need it. 

Learn More üëáüèº https://t.co/rrDaoqWha9"
RepMcCaul,1273355920689553408,2020-06-17 20:44:43,"Congratulations to Veronica Johannsen for being chosen as @BrenhamISD new Director of Communications and Special Projects. She will assist in preparing BISD in incorporating safe CDC guidelines in the classrooms. 
https://t.co/pWdszPrHfj"
RepMcCaul,1273308760719659009,2020-06-17 17:37:20,"#ICYMI ‚ûû I released an Interim Report on Origins of COVID-19 Pandemic ‚¨áÔ∏è

This was a failure of monumental proportions and it is imperative that we uncover the truth so we can set up future safeguards to prevent this from happening yet again.
https://t.co/bqlImFQmeb"
RepMcCaul,1272617385787359237,2020-06-15 19:50:03,"üö®‚ÄúHouse GOP report calls for WHO firings and reforms to prevent next pandemic‚Äù via @dcexaminer @JerryDunleavy.

Learn more about the @HouseForeignGOP interim report detailing the investigation into the origins and initial handling of #COVID19. 
https://t.co/QESQsMYIfz"
RepMcCaul,1272590161533177857,2020-06-15 18:01:52,"RT @HouseForeignGOP: NEW: LR @RepMcCaul Releases Interim Report on Origins of COVID-19 Pandemic ‚¨áÔ∏è

‚ÄúThis was a failure of monumental propo‚Ä¶"
RepMcCaul,1271945805432344577,2020-06-13 23:21:26,"Deeply saddened to learn that @HCSOTexas Deputy Juan Menchaca lost his fight against COVID19. Please join me in praying for his family, friends and coworkers he left behind. 
https://t.co/EWA6NEaFAg"
RepMcCaul,1271526978122928128,2020-06-12 19:37:10,"Despite the impacts of #COVID19 AMEN Food Pantry was able to serve 675 individuals with food for their shelves in the month of May. #TexansHelpingTexans 

https://t.co/NihduEuGol"
RepMcCaul,1271513579301322754,2020-06-12 18:43:55,"Check this out üëâüèª the City of Austin extended the deadline for the Austin Music Disaster Relief Fund. This fund is granting $1,000 to Austin musicians who have taken a financial hit because #COVID19. 
https://t.co/dC3Ozm4Bxc"
RepMcCaul,1268648425186299904,2020-06-04 20:58:49,"Thank you @exxonmobil for using your  resources to donate hand sanitizer to Washington County Office of Emergency Management amid #COVID19.
https://t.co/eZb0OpyaVM"
RepMcCaul,1268586325508227072,2020-06-04 16:52:03,"Here‚Äôs why this is a big deal ‚û°Ô∏è At least 20 million individuals are sickened each year from pathogens found water supplies. In fact, respiratory infections from two common pathogens alone in drinking water are responsible for 29,000 hospitalizations annually."
RepMcCaul,1266100705074569216,2020-05-28 20:15:05,"Find a #COVID19 testing site near you üëáüèª 
https://t.co/3g2h57ZrNS"
RepMcCaul,1266100701169664015,2020-05-28 20:15:04,"This is great news! ‚ûû Today @CVSHealth announced the opening of 42 new COVID-19 test sites at certain CVS Pharmacy drive-thru locations across Texas. The new test sites will help enable CVS to meet its goal of processing up to 1.5M tests per month.
https://t.co/I8fSwHEu03"
RepMcCaul,1266048620589088768,2020-05-28 16:48:07,"Thank you @_MealsOnWheels for safely serving our community in Colorado County amid #COVID19! 
https://t.co/egoT9c1Lsy"
RepMcCaul,1265359957488291840,2020-05-26 19:11:37,"#ICYMI ‚ûû @USDA is making available up to $1 billion in loan guarantees to help rural businesses meet their working capital needs during #COVID19. 

Learn more üëáüèº

https://t.co/DRP4afafyo"
RepMcCaul,1264564237868859393,2020-05-24 14:29:43,"RT @HouseForeignGOP: LR @RepMcCaul: ‚ÄúWishing a peaceful, safe, and healthy Eid al-Fitr to Muslims celebrating around the world! Eid Mubarak‚Ä¶"
RepMcCaul,1263847356388331520,2020-05-22 15:01:05,"#TexansHelpingTexans ‚ûû Carmine eatery feeds medical staff at Brenham hospital 
https://t.co/ULuEtTvner"
RepMcCaul,1263825084722163712,2020-05-22 13:32:35,"#ICYMI ‚û°Ô∏è @USDA is sending $19 billion through the coronavirus food assistance program to support our farmers &amp; ranchers. This will help maintain the health of the US food supply chain during #COVID19. 
https://t.co/2p7AElCIwC"
RepMcCaul,1263157052144304129,2020-05-20 17:18:04,.@realDonaldTrump is correct! Under the leadership of Tedros the @WHO is a puppet of the #CCP and he must resign. https://t.co/uCw6B9WFSY
RepMcCaul,1263151613641928704,2020-05-20 16:56:27,"RT @HouseForeignGOP: WATCH: On @AmericaNewsroom, LR @RepMcCaul discusses how @WHO Director General Tedros failed in his mission to protect‚Ä¶"
RepMcCaul,1262807733788643328,2020-05-19 18:10:00,"#TexansHelpingTexans ‚û°Ô∏è Schulenburg native and international businessman,Carman Kobza, donated nearly 50K face masks to first responders, nursing homes and other agencies throughout Fayette County. https://t.co/ke9sXoODwN"
RepMcCaul,1262442444475568131,2020-05-18 17:58:28,"The #CCP is responsible for the biggest coverup in human history - it resulted in an epidemic turning into a pandemic.
The #ChinaTaskForce will be looking into origins of #COVID19 and will work to hold the #CCP accountable. 

https://t.co/qmhTAP6b8v"
RepMcCaul,1262382339990196226,2020-05-18 13:59:38,"#TexansHelpingTexans ‚ûî Clean Car Custom Detail and Kool Shades Window Tint in Brenham, TX are pitching in to help stop the spread of coronavirus among first responders! 

Read üëáüèª

https://t.co/qA1JKf1s5Y"
RepMcCaul,1262372070962475009,2020-05-18 13:18:50,"Faith Mission has shown their devotion to serving our community throughout this pandemic. Thank you for providing services for those battling with anxiety and depression during these hard times.
https://t.co/HaMvoiToya"
RepMcCaul,1262046061570543616,2020-05-17 15:43:23,"RT @HouseForeignGOP: LR @RepMcCaul: ‚ÄúUnfortunately malicious international scams targeting Americans are on the rise amid coronavirus. 

ht‚Ä¶"
RepMcCaul,1261473816041140224,2020-05-16 01:49:29,"Unlike the previous COVID-19 emergency response bills, this piece of legislation was sent to the House floor without any input from Republican Members and was crafted behind closed doors. (1/3)"
RepMcCaul,1261394634032287745,2020-05-15 20:34:50,RT @HouseForeignGOP: New: LR @RepMcCaul applauds President @realDonaldTrump's executive order to help strengthen supply chains amid #corona‚Ä¶
RepMcCaul,1260977736421703680,2020-05-14 16:58:14,RT @HouseForeignGOP: LR @RepMcCaul: ‚ÄúI join @secpompeo in condemning the #ChineseCommunistParty‚Äôs attempt to steal US research on #COVID19‚Ä¶
RepMcCaul,1260692721762734080,2020-05-13 22:05:42,"What an amazing tribute and demonstration of gratitude for our health care workers, first responders and essential workers on the frontlines! #AmericaStrong üá∫üá∏ https://t.co/6e4Kv4QTZK"
RepMcCaul,1260670116003536902,2020-05-13 20:35:52,"This is awesome news üëáüèª Thank you @TitosVodka for donating $1M to @bcmhpuston in an effort to help find a #COVID19 vaccine. 

https://t.co/AXX634EuLe"
RepMcCaul,1260576769414967297,2020-05-13 14:24:56,If you are in the Austin area this afternoon be sure to look up and catch the @AFThunderbirds as they flyover to honor the Texans combatting #COVID19 at the frontlines. https://t.co/mUDHALuuFw
RepMcCaul,1260233240893366274,2020-05-12 15:39:53,We must hold the #CCP and the @WHO Director-General Tedros accountable to prevent another pandemic from China to reach our shores. https://t.co/AtXnJBiu8h
RepMcCaul,1260233239417020420,2020-05-12 15:39:52,"The facts üëâüèª The @WHO, an entity meant to implement the int‚Äôl health rules, failed to follow its own guidelines &amp; investigate evidence of human to human transmission presented to them by Taiwan. The @WHO, blindly followed the #CCP, delaying necessary action to protect people."
RepMcCaul,1259919543356571648,2020-05-11 18:53:21,"Proud to support H.R. 6697 to protect non-profit associations. I believe our local chambers and other nonprofits who support small businesses should receive the federal assistance during #COVID19 as they work to help America‚Äôs Main Street businesses.

https://t.co/bjgQxQaWeZ"
RepMcCaul,1259836219380416514,2020-05-11 13:22:15,"RT @HouseForeignGOP: ‚ÄúEven more troubling, the organization meant to implement these rules, the WHO, blindly followed the CCP, delaying nec‚Ä¶"
RepMcCaul,1259836207292387332,2020-05-11 13:22:13,RT @dcexaminer: ‚ÄúWe must hold the [CCP] and WHO Director-General Tedros accountable to prevent another pandemic from China to reach our sho‚Ä¶
RepMcCaul,1259278438650822662,2020-05-10 00:25:50,RT @HouseForeignGOP: I remain deeply concerned about the health and safety of the #Citgo6 and join @statespeha in calling for their immedia‚Ä¶
RepMcCaul,1259120487487221762,2020-05-09 13:58:12,"That‚Äôs why it was so important for @GOPLeader to launch the #ChinaTaskForce-to hold the #CCP accountable not only for their #COVID19 coverup, but to address their malign actions globally. Why won‚Äôt Dem leaders let their members stand up for what they know is right &amp; join us? https://t.co/15fhRvh4YA"
RepMcCaul,1258522010252046336,2020-05-07 22:20:04,"As we press forward in our fight against #COVID19, people of faith pray for strength, healing and direction. We turn to our Creator, knowing we are not alone in the fight. May His peace and presence surround us today and all the days to come. #NationalDayofPrayer"
RepMcCaul,1258487315602833408,2020-05-07 20:02:12,"ATTN Waller CountyüëáüèºThere is a new mobile testing center coming to your area. 

If you are experiencing symptoms of #COVID19 visit https://t.co/VAmAP3T7i3 or call  512-883-2400. https://t.co/mjwENEGn2m"
RepMcCaul,1258167756689735680,2020-05-06 22:52:23,Thank you to our incredible nurses who have been battling #COVID19 on the front lines. We are forever grateful for their selfless sacrifice as they continuously work to save lives.   #NationalNursesDay
RepMcCaul,1258104062563815424,2020-05-06 18:39:17,"The @BlueAngels sent a Texas-sized thank you to our health care workers, first responders and essential workers for their service to our communities during #COVID19. What an incredible sight from Katy, TX! #AmericaStrong üá∫üá∏ https://t.co/nVDVpojaVz"
RepMcCaul,1258086811743719424,2020-05-06 17:30:44,"Great news ‚ûû the @METROHouston 
received $248,835,226 through the CARES Act and will use the grant funds towards employee wages and benefits and other expenses to respond to and recover from the #COVID19 public health emergency."
RepMcCaul,1258041635012739073,2020-05-06 14:31:13,"RT @HouseForeignGOP: LR @RepMcCaul: ‚ÄúEven more troubling, the organization meant to implement these rules, the @WHO, blindly followed the #‚Ä¶"
RepMcCaul,1258029171995037696,2020-05-06 13:41:42,"Good Wednesday Morning! If you are in the Houston area be sure to look up around 12:30 pm as the @BlueAngels flyover the city to honor our health care workers, first responders and essential workers on the front lines. #AmericaStrong https://t.co/HkKFZNNDAu"
RepMcCaul,1257705718855147520,2020-05-05 16:16:25,"Through the distress of COVID-19, our educators have continued to strive for excellence by taking their classrooms virtual for their students, proving they will always go above and beyond. #SendTeachersLove"
RepMcCaul,1257356390018015233,2020-05-04 17:08:18,We must hold the #CCP and WHO Director General Tedros accountable!
RepMcCaul,1257356388344500231,2020-05-04 17:08:18,"When faced w/ an impending pandemic once again in 2019, the #CCP failed to report, allowing #COVID19 to spread, killing 100s of 1,000s of people &amp; devastating the global economy. The WHO blindly followed the CCP, delaying necessary action to protect people around the globe. https://t.co/JL8v84MFsE"
RepMcCaul,1256215080464760832,2020-05-01 13:33:09,"As Texas begins to slowly reopen, please remember to continue to follow important CDC guidelines, like social distancing, regularly washing your hands and cleaning down surfaces.
https://t.co/FQ0QokikzF"
RepMcCaul,1255917756433731584,2020-04-30 17:51:41,"This is what #InItTogether looks like ‚ûû Thanks to Austin based VA Claims Insider‚Äôs donation of $10K to @caritasofaustin. With this donation, Caritas will be able to help veterans in the Austin area from falling into homelessness during #COVID„Éº19. 
https://t.co/PBs895DRqH"
RepMcCaul,1255652460628246528,2020-04-30 00:17:30,"It‚Äôs time to shut down wildlife markets and ban international wildlife trade to prevent future pandemics

READ üëáüèº
https://t.co/wamHv2cugN"
RepMcCaul,1255603144224051202,2020-04-29 21:01:32,"This is a great step forward in our fight against #COVID19. 
https://t.co/V6qmlyhboL"
RepMcCaul,1255528281320894464,2020-04-29 16:04:03,Thank you @BP_America for helping get critical PPE to our health care workers on the front lines! #InItTogether https://t.co/WnLjQpxfvp
RepMcCaul,1255194082240081920,2020-04-28 17:56:04,"üé• WATCH: the @GOPLeader explains how the #PaycheckProtectionProgram and other emergency relief resources are helping Americans in need during #COVID19.

https://t.co/zWN0iDejDf"
RepMcCaul,1255155762571157506,2020-04-28 15:23:48,"#ICYMI ‚ûû How shutting down wildlife markets and banning international wildlife trade could prevent future pandemics.

https://t.co/ByVitWqc7p"
RepMcCaul,1255145020652351490,2020-04-28 14:41:07,"Thank you to our health care workers at Columbus Oaks Healthcare Community! 
https://t.co/Qf4J5fco22"
RepMcCaul,1255129686952345601,2020-04-28 13:40:11,"‚ÄúMake sure she's praised as a hero. She's a casualty just as much as anyone else who has died.""

This is a sobering reminder of the emotional toll our health care workers go through each day. Please lift up Dr. Lorna Breen &amp; her family in your prayers. 
https://t.co/tqrILfqQAu"
RepMcCaul,1254870627233730560,2020-04-27 20:30:46,.@GovAbbott just announced his strategic plan to reopen Texas. I am glad his plan includes a continued effort to increase testing capabilities throughout the state to about 25K/per day. I stand ready to support the people of TX-10 as Texas begins to safely reopen.
RepMcCaul,1254753399771484167,2020-04-27 12:44:57,"Check out TX‚Äôs new statewide testing site.üëáüèºIt will:
1.  Locate test collection sites 
2. Provide information on a variety of test collection options
3. Include important details for the locations - including contact information &amp; hours of operations. 

https://t.co/e06tZ7UUMl"
RepMcCaul,1253740296933949441,2020-04-24 17:39:14,"#ICYMI: @HUDgov sent $220 million in #Coronavirus Relief Funds to TX! 
It includes funds I personally advocated for in the #CARESAct ‚ûû $71 M to keep TX‚Äôs homeless safe by utilizing the Emergency Solutions Grants program to provide shelters for homeless individuals and families."
RepMcCaul,1253687138400514049,2020-04-24 14:08:00,"The @austintexasgov just launched an online #COVID19 assessment test.

Check it out here üëáüèª 

https://t.co/mXwAtfQGjh"
RepMcCaul,1253461987272597505,2020-04-23 23:13:20,"Thank you to everyone who participated in my 5th Tele-Town Hall related to #COVID„Éº19. It was great speaking with you all! If you were unable to join or have questions, don‚Äôt hesitate to reach out to one of my offices at 512-473-2357, 281-505-6130, or 202-226-8565. https://t.co/tLj6x9ZCCM"
RepMcCaul,1253351311648702471,2020-04-23 15:53:33,"RT @HouseForeignGOP: üì∫WATCH: LR @RepMcCaul talks to @ShannonBream about the #ChineseCommunistParty's coronavirus coverup, propaganda, &amp; dis‚Ä¶"
RepMcCaul,1253332875081994240,2020-04-23 14:40:17,"Yesterday I joined @MLChadbourn w/ @SpecNewsATX to discuss the additional funding the House is voting on today:
‚áæ $310B to replenish the #PaycheckProtectionProgram 
‚áæ $60B in disaster loans &amp; grants 
‚áæ $75B hospitals
‚áæ $25B to expand testing https://t.co/l05UxPuAxp"
RepMcCaul,1253111969164468225,2020-04-23 00:02:29,".@Surgeon_General‚Äôs 3 tipsüëáüèº
1Ô∏è‚É£Wearing a face mask is not a substitute for #socialdistancing. 
2Ô∏è‚É£Remember to practice good hygiene.
3Ô∏è‚É£Based on current evidence, cloth face coverings are effective in preventing someone who has #COVID„Éº19 from spreading it.
https://t.co/pTjekRPbKX"
RepMcCaul,1253042374160326661,2020-04-22 19:25:57,"This #EarthDay, I‚Äôm reflecting on my work to put an end to shark fin sales which drive the illicit and inhumane practice of shark finning. Sharks are key indicators of our ocean‚Äôs health - we must do all we can to protect our marine wildlife! 
https://t.co/MqXR5kCTku"
RepMcCaul,1252994226134147072,2020-04-22 16:14:37,"‚ÄúAlthough school may be closed for now due to the coronavirus pandemic, a dedicated staff are making sure that children in Sealy are still getting lunch every day.‚Äù

Thank you @SealyISD for helping feed members in our community. üëèüèª #TexansHelpingTexans 

https://t.co/7wFjPCmD7i"
RepMcCaul,1252727381355384832,2020-04-21 22:34:16,"üö®This just in ‚ûû Dr. Birx reported the U.S. has one of the lowest mortality rates in the world. 

Thank you to our health care workers on the front lines! üëèüèª

https://t.co/XAWvzq6ZWi"
RepMcCaul,1252602759590879232,2020-04-21 14:19:04,"Washington Co. has seen a recent spike in domestic violence cases. 
A few weeks ago I sent a letter to the Vice President and the #COVID19 Task Force with a plan to find immediate shelter for victims of domestic violence.

Read more üëáüèª
https://t.co/zRrnxei5Pe"
RepMcCaul,1252404061296451585,2020-04-21 01:09:31,"Josh and Yvonne were in Peru when the coronavirus pandemic began. I am glad my office was able to help them return to Texas safely.

Retweet to welcome them home! https://t.co/OwMHpVFhUZ"
RepMcCaul,1252398171734433792,2020-04-21 00:46:07,"Thank you to @ICEgov-HSI, @CBP, @SecretService, @US_FDA, @FBI, and @USPISpressroom for taking down criminals who are exploiting our frontline workers and community members by selling fraudulent #COVID19 tests, treatment, and PPEs. https://t.co/YeLpIz4BwG"
RepMcCaul,1252322413225955329,2020-04-20 19:45:04,"Get up-to-date #COVID„Éº19 information and resources by visiting my website below.
If you need assistance or have questions please reach out to my office at (512) 473-2357. 
https://t.co/RvmIFLo6uq"
RepMcCaul,1251247594854113280,2020-04-17 20:34:08,Tedros has got to go. The @WHO  should not receive additional contributions as long as he is Director General. https://t.co/UPCEa866yi
RepMcCaul,1251162568757932032,2020-04-17 14:56:16,"üö®This just in ‚ûû @HHS‚Äô BARDA is investing $483 million to fast-track Moderna‚Äôs vaccine for #COVID„Éº19. The company says a late-stage study could begin as soon as fall of 2020. 

This is a huge breakthrough! 
https://t.co/mPnRICvbGu https://t.co/seielJzGUa"
RepMcCaul,1251152424670093314,2020-04-17 14:15:57,"‚ÄúThe P100 cartridges used in the North 7700 masks at the Texas hospitals filter out 99.97% of particles.‚Äù

Check this out ‚á©
https://t.co/KQWDjOKSgq"
RepMcCaul,1250933842707431426,2020-04-16 23:47:23,RT @AmericaNewsroom: WATCH: @RepMcCaul responds to reports that Chinese officials waited six days in January to warn of a likely pandemic #‚Ä¶
RepMcCaul,1250908116956430340,2020-04-16 22:05:10,"Great news! ‚ûû The Walgreens #COVID19 testing drive-thurs are opening TOMORROW in Harris County! The sites will be able to conduct 200 tests per day at each location. 

Read more üëáüèº

https://t.co/pwhjUr3MBh"
RepMcCaul,1250808571543126017,2020-04-16 15:29:37,"The #CCP committed the biggest coverup in human history. 
üö®TUNE IN ‚ûû I‚Äôll be joining @AmericaNewsroom to share how and why the #CCP should be held responsible for the spread of #COVID19."
RepMcCaul,1250494137654222851,2020-04-15 18:40:10,"üö® TUNE IN: I‚Äôm joining @coveringkaty over Facebook Live to discuss how I am advocating for victims of domestic violence during #COVID19.

https://t.co/nCplBNonLM"
RepMcCaul,1250176625909600256,2020-04-14 21:38:29,"Sending a big ‚Äúthank you‚Äù to #Taiwan for donating 100,000 face masks to the state of Texas!!! #TaiwanCanHelp https://t.co/RlEUtuwsgO"
RepMcCaul,1250124101307576322,2020-04-14 18:09:46,"#ICYMI ‚Üí Face coverings are now required in Austin if you are in public. 

Matthew McConaughey gives a few pointers on how to make a face mask right at home. https://t.co/wAb2HId5UD"
RepMcCaul,1250088691919437826,2020-04-14 15:49:04,"Take a break from scrolling and watch this ‚¨áÔ∏è

Thank you to the health care workers at @MDAndersonNews! #TuesdayMotivation üé∂ 
https://t.co/TiOFRjHDGM"
RepMcCaul,1250053141279780865,2020-04-14 13:27:48,Be aware of #coronavirus related scams. Tune in this morning to learn how scammers are targeting individuals during #COVID„Éº19. Thank you @SecretService for hosting this event! https://t.co/iHvhGEsCUc
RepMcCaul,1249771350648111104,2020-04-13 18:48:04,"RT @HouseForeignGOP: LR @RepMcCaul: ‚ÄúI am pleased to see the @WHO answered my call to shut down the wildlife markets in China, however furt‚Ä¶"
RepMcCaul,1249759856137043969,2020-04-13 18:02:23,"#ICYMI: @SamsungUS will be donating $4.3 million to local communities to help fight #COVID„Éº19.
In Central Texas, donations will go to All Together ATX, several local school districts - including Austin and Manor ISD, and the Central Texas Food Bank.
https://t.co/bSGMiozyGq"
RepMcCaul,1248726638508023811,2020-04-10 21:36:45,"RT @HouseForeignGOP: LR @RepMcCaul: ‚ÄúThis is a cover-up by the #CCP, which has now led to one of the worst pandemics we‚Äôve ever seen. The @‚Ä¶"
RepMcCaul,1248369155637686273,2020-04-09 21:56:14,"RT @HouseForeignGOP: LR @RepMcCaul: ""Deeply concerned @WHO Director-General @DrTedros singled out #Taiwan with baseless accusations, furthe‚Ä¶"
RepMcCaul,1248335133121396741,2020-04-09 19:41:03,"Though this has been one of tougher weeks of the #COVID19 outbreak there is some good news on the horizon ‚ûú 1. #SocialDistanacing is working and has helped lessen the impact of #COVID19 2. New antibody tests could be available soon. 

https://t.co/I7snv5ZZl5"
RepMcCaul,1248313210165440512,2020-04-09 18:13:56,"Yet another story of #TexansHelpingTexans: In the recent weeks, Frey‚Äôs Backyard BBQ in Tomball, TX has delivered meals to the  @CityofTomball‚Äôs police department, 5 fire stations in the area, and to 150 first responders at HCA Houston Healthcare Hospital. üëèüèªüëèüèªüëèüèª"
RepMcCaul,1248312102361669633,2020-04-09 18:09:32,"RT @SheriffEd_HCSO: .@H_C_Carter thanks for sharing. The guidelines to donate require that a person has tested positive for #Covid19, recov‚Ä¶"
RepMcCaul,1248292037297934336,2020-04-09 16:49:48,"Incredible! Prestige Ameritech, a company based in Texas, is increasing manufacturing to provide 2 MILLION face masks for Texas health care workers! #TexansHelpingTexans 
https://t.co/Da8wAeO5NO.."
RepMcCaul,1248023959716745217,2020-04-08 23:04:33,"Domestic violence reports have increased across the U.S. as #COVID„Éº19 continues to spread. For those whose home is anything but a place of refuge, I have proposed that the task force work with our hospitality industry to house domestic violence victims. https://t.co/J7bAfGVPID"
RepMcCaul,1248014893506150405,2020-04-08 22:28:32,"By providing funds to local domestic violence nonprofits that have been impacted by #COVID„Éº19, @AllstateFDN is helping domestic violence victims receive the care and support they need. 

Thank you!! https://t.co/ISx183iDwa"
RepMcCaul,1247980626575273986,2020-04-08 20:12:22,"RT @HouseForeignGOP: Add Canada to the list. 

‚ÄúThe #ChineseCommunistParty let the virus spread &amp; now it‚Äôs allowing faulty supplies to be s‚Ä¶"
RepMcCaul,1247965051815964679,2020-04-08 19:10:29,"Great News! ‚á® @Walgreens will begin drive-thru testing later this week in 7 states, including TX! 
They can test up to 3K people per day w/ @AbbottNews 13min tests. 

This wouldn‚Äôt be possible w/out the effort &amp; coordination of @HHSGov &amp; the @WhiteHouse.
https://t.co/uzdPAmkkTs"
RepMcCaul,1247640222613098496,2020-04-07 21:39:43,"We can find immediate housing by working with the hospitality industry and utilizing their vacant rooms to provide a haven for victims of domestic violence. (3/3)

Read more üëáüèº

https://t.co/z4f0TT6r4J"
RepMcCaul,1247640221669302278,2020-04-07 21:39:43,"According to @CDCgov, 1 in 4 women and 1 in 10 men have experienced violence by their partner. That is why I sent a letter to the COVID-19 Task Force and @VP Mike Pence asking funds from the #CARESAct go towards finding housing for victims of domestic violence. (2/3)"
RepMcCaul,1247602078098305026,2020-04-07 19:08:09,"Over the past several weeks, businesses all over the country have stepped up to help hospitals and others in their community.

Thank you to @covidhelpnet for making it easier to assist our health care workers on the frontlines! 
‚áä
https://t.co/S7Mq3UG4Mb"
RepMcCaul,1247563451054149635,2020-04-07 16:34:39,This #WorldHealthDay remember to take a moment and thank the healthcare professionals who are on the frontlines fighting #COVID19!
RepMcCaul,1247305053003812865,2020-04-06 23:27:53,"RT @GregAbbott_TX: COVID-19 PPE is here!

Over the past week Texas distributed
1,676,510 face masks
209,856 face shields
2,721,350 gloves
1‚Ä¶"
RepMcCaul,1247225105983381507,2020-04-06 18:10:12,Praying this member of your team @SheriffEd_HCSO. Grateful for the efforts of Harris Co. officers to keep our community safe and healthy. https://t.co/11M77QKlRr
RepMcCaul,1247165723463614464,2020-04-06 14:14:14,"Thank you to @RiceUniversity for supporting the men and women on the frontlines fighting #COVID19. #TexansHelpingTexans  

https://t.co/AvAIJKFZnX"
RepMcCaul,1246988027123113984,2020-04-06 02:28:08,"I wrote to @US_FDA &amp; @HHSGov asking how they plan to fast-track treatments for #COVID„Éº19. 

@ScottGottliebMD perfectly explains why #COVID„Éº19 treatments are vital  in saving lives &amp; restoring our everyday freedoms.üëáüèº 
https://t.co/3xg3sHAWDf"
RepMcCaul,1246133123110273024,2020-04-03 17:51:03,TX Small Business owners who have been impacted by #COVID19  ‚ûû  Follow this link for resources on guidance on applying for loans. https://t.co/QjNnLakPQk
RepMcCaul,1246085283998765058,2020-04-03 14:40:57,"#DYK? $25 billion went to support operating assistance to transit agencies, including those in large urban areas as well as pay transit workers across the country not working because of the public health emergency.
https://t.co/VyRpD9EfK0"
RepMcCaul,1245826701134872576,2020-04-02 21:33:26,"#ICYMI: I sent letters to @HHSGov and @US_FDA about fast-tracking treatments for #COVID„Éº19.
Life saving treatments and vaccines are critical as we see an increase in COVID-19 cases and fatalities.

READ moreüëáüèº
 
https://t.co/zaZJdEN5bS"
RepMcCaul,1245763847404863491,2020-04-02 17:23:41,Over the next few weeks we will seen an increase of #COVID19 cases. We can all do our part and practice #SocialDistanacing to slow the spread and save lives. #StayHomeTexas https://t.co/JtnHjlBT9U
RepMcCaul,1245465988356886528,2020-04-01 21:40:05,"RT @HouseForeignGOP: LR @RepMcCaul: ‚ÄúAs Dr. Birx said yesterday, concealed data &amp; underreported cases by the #ChineseCommunistParty changed‚Ä¶"
RepMcCaul,1245106781157801984,2020-03-31 21:52:44,"Congress created the Paycheck Protection Program to help small businesses that have been impacted bc the #COVID19 outbreak.
If you are a small business owner and have questions regarding the small business loan program please follow the below link.üëáüèº
https://t.co/lD2vdNkWh8"
RepMcCaul,1245042614677704705,2020-03-31 17:37:45,Thank you to our TX officers working around the clock to help keep our communities healthy and safe! https://t.co/TTydTbrjxG
RepMcCaul,1245035045695430656,2020-03-31 17:07:41,"RT @HurdOnTheHill: My friend @RepMcCaul is right. The Chinese Communist Party keeps lying about this virus. 

We must hold the CCP accounta‚Ä¶"
RepMcCaul,1245017050478784519,2020-03-31 15:56:10,"RT @HouseForeignGOP: LR @RepMcCaul: ""The #ChineseCommunistParty is worsening the pandemic they allowed to spread by selling faulty medical‚Ä¶"
RepMcCaul,1245004252940034052,2020-03-31 15:05:19,"#ICYMI: @TitosVodka is producing hand sanitizer and donating it community-wide! Austin Public Health clinics, COVID-19 test sites, and Austin Animal Services received their first supply yesterday.  #TexansHelpingTexans #InThisTogether"
RepMcCaul,1244735847498493956,2020-03-30 21:18:46,"American ingenuity and unrivaled workers will help us beat #COVID19 Thank you, @Ford! 

https://t.co/NpklgvS53r"
RepMcCaul,1244705152545828870,2020-03-30 19:16:48,Thank you to our doctors and nurses who go to work each day to save lives. Your sacrifice and dedication do not go unnoticed - thank you for being on the frontlines combatting  #COVID19. #NationalDoctorDay
RepMcCaul,1244390076534140929,2020-03-29 22:24:48,"üö® @US_FDA has quickly approved the transfusion of blood plasma from patients who recovered from #COVID19 to help those who are currently battling this virus. 

Houston Methodist is the first try this new therapy üëáüèº

https://t.co/8hwyC2jlRg"
RepMcCaul,1244350879765073921,2020-03-29 19:49:03,RT @HouseForeignGOP: LR @RepMcCaul: ‚ÄúNumerous reports suggest that the number of deaths in Wuhan from #COVID19 may be vastly under reported‚Ä¶
RepMcCaul,1244315159151153153,2020-03-29 17:27:06,"An important reminder to follow the @CDCgov guidelines during this time. It is going to get worse before it gets better, but we can all play a part in #flatteningthecurve by exercising #SocialDistancing. We are #InThisTogether. üá∫üá∏ https://t.co/g4CWv4FyZF"
RepMcCaul,1243917957056602118,2020-03-28 15:08:46,"This is BIG news!

@AbbottNews is launching a new #COVID19 test that will deliver positive results in 5 min &amp; negative results in 13 min.

Tests will be available next week - delivering 50K tests per day. 

https://t.co/mMmpjli2AF"
RepMcCaul,1243574839035789314,2020-03-27 16:25:20,"I traveled to DC to vote for the #CARESAct bc it will bring relief to hospitals, small businesses, core industries, &amp; most importantly workers in TX. I will continue to work tirelessly to bring relief to the people of TX as we stand together, united as a country. (3/3)"
RepMcCaul,1243574837903265797,2020-03-27 16:25:20,"My colleague Rep. Massie‚Äôs threat to hold up this legislation after it passed unanimously in the Senate, demanding that Members of Congress risk further spreading the COVID-19 virus by traveling from all corners of the country to D.C., is unconscionable. (2/3)"
RepMcCaul,1243574835210584065,2020-03-27 16:25:19,"This is an unprecedented moment ‚Äì the #CoronavirusOubreak will go down in history as one of the worst crises our nation has faced: people are losing loved ones, their jobs, and small businesses built over a lifetime are failing. (1/3)"
RepMcCaul,1243266386069262341,2020-03-26 19:59:39,"Today, we saw the shocking, but not surprising, news. A staggering 3.3 million Americans have filed for unemployment as a direct result of the economic damage caused by the #Coronavirus."
RepMcCaul,1243240637274750976,2020-03-26 18:17:20,RT @HouseForeignGOP: üì∫LR @RepMcCaul talks to @MariaBartiromo about the #ChineseCommunistParty's culpability in the spread of #coronavirus.‚Ä¶
RepMcCaul,1243226969623461888,2020-03-26 17:23:02,"üö®The Memorial City Mall is hosting a nearly week-long medical supply drive to assist West Houston Hospitals 

üëáüèºüëáüèºüëáüèº https://t.co/tLy3z1E787"
RepMcCaul,1243147062377619457,2020-03-26 12:05:30,"Grab your cup of ‚òïÔ∏è...
I am about to join @MorningsMaria to discuss the latest on the #CARESAct - the 3rd #COVID19 emergency relief funding bill."
RepMcCaul,1242958177576128523,2020-03-25 23:34:57,üö®üö®Coming up on @marthamaccallum to discuss the latest on the #COVID19 emergency relief funding.
RepMcCaul,1242931842875117568,2020-03-25 21:50:18,"Over the past several days we have read stories of #TexanshelpingTexans while #COVID19 continues to impact TX workers, small businesses, industries &amp; hospitals. 
If you have been impacted or want to help your fellow community members, follow this link üëáüèº
https://t.co/13qs4gPyNn"
RepMcCaul,1242897062989094913,2020-03-25 19:32:06,"The #CCP tried to cover up #COVID19 and here‚Äôs how 
‚ûò
They detained doctors who raised alarms ‚ûü then spread disinformation that US military caused the spread of #COVID19 ‚ûü  expelled US journalists  ‚ûü now they are price gauging tests and sending faulty medical supplies"
RepMcCaul,1242897061856583681,2020-03-25 19:32:06,"China covered up the severity of #COVID19 for about two months when they could have contained the virus better and now the world is at risk.
The #CCP needs to be held accountable. 
https://t.co/ySXaYnW9AS"
RepMcCaul,1242860576046485505,2020-03-25 17:07:07,"Last week, I visited with volunteers in the local Austin area to learn how they are working to ensure members in our community get the food they need during #COVID19. #TexansHelpingTexans https://t.co/jG9ELMNYMS"
RepMcCaul,1242841845450899457,2020-03-25 15:52:41,"RT @HouseForeignGOP: LR @RepMcCaul: ‚ÄúUnder the guise of providing aid, the CCP is price gouging countries hardest hit by #coronavirus. What‚Ä¶"
RepMcCaul,1242646985905246210,2020-03-25 02:58:23,üö®COMING UP on @ShannonBream in just a few minutes to discuss the latest on #COVID19.
RepMcCaul,1242499109073956864,2020-03-24 17:10:46,"Folks in Harris Co. ‚û°Ô∏èDuring this time it is important to follow the guidelines of the @CDCgov and your local officials. 

Read more on the new #StayAtHomeOrder üëá https://t.co/2Jd1wHiUSJ"
RepMcCaul,1242260944744517633,2020-03-24 01:24:23,"This is not the time to play party politics. I, along with several of my colleagues, eagerly want to provide relief for people back at home. #COVID19 doesn‚Äôt discriminate against people of one party or another - it‚Äôs affecting all Americans."
RepMcCaul,1242239349317668867,2020-03-23 23:58:35,"üö®Harris Co. residents who are high-risk  ‚á® If you are experiencing symptoms of #COVID19 which are:
ü§í Fever
üò∑ Dry cough 
üí®‚ùåShortness of breath

Go online and take this survey to start your online screening. üëáüèª

https://t.co/nNiprDiypS"
RepMcCaul,1242191075734966277,2020-03-23 20:46:45,"Over the past week, our local businesses and industries have taken a financial hit in the wake of the #Coronavirus outbreak.

Please visit the site below if your small business has been impacted. üëáüèº

https://t.co/Its15fPfdk"
RepMcCaul,1241369236162961413,2020-03-21 14:21:04,"Texans, we can help #FlattenTheCurve by exercising #SocialDistancing and following the guidelines of our health officials. 

Threadüëáüèº https://t.co/geh59keIWx"
RepMcCaul,1241041940864552971,2020-03-20 16:40:30,"RT @HouseForeignGOP: LR @RepMcCaul: ‚ÄúAmong the unsung heroes of the #coronavirus response are @StateDept FSOs, CSOs &amp; contractors working a‚Ä¶"
RepMcCaul,1240752647294144518,2020-03-19 21:30:57,"Folks near the Houston area ‚Üí the @HoustonChron has complied recent updates regarding #COVID19 in your area.

Check it out üëáüèª

https://t.co/TVaY2uO4T4"
RepMcCaul,1240741744813228033,2020-03-19 20:47:38,"In addition, I sent a separate letter to @SpeakerPelosi and @senatemajldr ensure our healthcare system is able to treat the highly vulnerable populations and has the resources to reduce the strain on frontline healthcare workers. (2/2) https://t.co/YToqlKOKyV"
RepMcCaul,1240741681856688131,2020-03-19 20:47:23,"With input from @MayorAdler, I sent a letter to @SpeakerPelosi and @senatemajldr them to include provisions to help the homeless population during the #COVID19 outbreak in the third #Coronavirus package. (1/2) https://t.co/3Z9PRiiGO3"
RepMcCaul,1240685591496232963,2020-03-19 17:04:30,"A message from @NIH‚Äôs Dr. Anthony Fauci on what do if you are sick:

üé• WATCH ‚Üì https://t.co/W9HHhn6rj9"
RepMcCaul,1240678300806152193,2020-03-19 16:35:32,"üö®üö®The #CCP expelled U.S. journalists who are reporting on #COVID19. The #CCP attacks the free flow of information and their blatant promotion of disinformation is a threat to entire world.

Read more in this piece by @JeremySWallace üëáüèª
https://t.co/4kSOsgypRK"
RepMcCaul,1240446961834250241,2020-03-19 01:16:16,"I‚Äôve heard from countless health care professionals in any district, State, and throughout the country about the critical shortage of Protective Personal Equipment (PPE) for healthcare professionals in our hospitals and clinics.(1/3)"
RepMcCaul,1240442213408047104,2020-03-19 00:57:24,üì∞ THIS JUST IN: @realDonaldTrump just signed üñä the Families First #Coronavirus Response Act which will support American families and small businesses impacted by #COVID19. https://t.co/vrVbf3BKVT
RepMcCaul,1240415525592842242,2020-03-18 23:11:21,"Combating the negative affects of #Coronavirus demands a whole of government approach. @DOL announced workers impacted by #coronavirus can apply for dislocated worker grants. 
https://t.co/N5kycxXPyK"
RepMcCaul,1240397805421649920,2020-03-18 22:00:56,"Folks in the Austin Community ‚û™ Though restaurants have been closed to slow the spread of #COVID19, you can still support them by ordering a meal.

Below is a list of Austin restaurants offering to-go, delivery or curbside pick-up üëáüèº
https://t.co/YwumUAZVE1"
RepMcCaul,1240375457117360135,2020-03-18 20:32:08,"‚úÖIncludes enhances Unemployment Insurance - protecting gig and hospitality workers who lose their capacity to work and earn wages.
‚úÖIncrease federal matching to state &amp; local health programs 
(3/3)"
RepMcCaul,1240375455951335435,2020-03-18 20:32:08,"The Families First #Coronavirus Response Act will: 

‚úÖEnsure that coronavirus tests are free for all Americans.
‚úÖProvide 2 weeks of paid sick leave and up to 3 months of paid family and medical leave for those affected by Coronavirus. (2/3)"
RepMcCaul,1240375453979901958,2020-03-18 20:32:07,üö®üö®üö®The Families First #Coronavirus Response Act just passed the Senate and headed to the @WhiteHouse. (1/3) https://t.co/dHGiKbSZ0K
RepMcCaul,1240357953129111553,2020-03-18 19:22:35,"RT @HouseForeignGOP: ‚ÄúI just don‚Äôt think they can get away with it this time,‚Äù LR @RepMcCAul continued, calling on the WHO to hold the comm‚Ä¶"
RepMcCaul,1240052696062799875,2020-03-17 23:09:36,RT @hcphtx: Tele-Townhall with @RepMcCaul @ushahmd regarding #COVID19. We are actively working with local and state leadership during our r‚Ä¶
RepMcCaul,1240033309423525888,2020-03-17 21:52:34,"As Americans suffer from the impacts of the #COVID19 outbreak, our gov‚Äôt must be there to help. I support emergency measures to help middle or low income individuals &amp; families. I endorse leg. proposals that will provide financial relief in the form of a check to those in need."
RepMcCaul,1239972833154887680,2020-03-17 17:52:15,"ICYMI: I joined @KXAN_News and explained there is no need to panic during this time, but we all should listen to the advice of health professionals so we can #SlowtheSpread. https://t.co/wNUw0jq3vt"
RepMcCaul,1239965836825124867,2020-03-17 17:24:27,The Houston and Austin areas are taking the necessary precautions and closing all bars and restaurants to prevent the further spread of #coronavirus. You can still support your local restaurants by ordering takeout or buying online gift cards to use at a later time.
RepMcCaul,1239745085996175363,2020-03-17 02:47:16,"Testing facilities have opened in Austin, San Antonio, Dallas, and soon will be open in Houston. 

Check out how they work üëáüèº https://t.co/zkGfPPBQr4"
RepMcCaul,1239708221021052932,2020-03-17 00:20:47,"I am focused on working with local officials to ensure they get the resources they need as cases of #coronavirus continue to increase in our community. As Texas expands its testing capacity, be sure to do what you can to #SlowtheSpread.  

https://t.co/n0SXQKwYCk"
RepMcCaul,1239682386884988929,2020-03-16 22:38:07,RT @HouseForeignGOP: LR @RepMcCaul:  ‚ÄúI applaud President @realDonaldTrump and the #G7 for embracing a strong global response to #coronavir‚Ä¶
RepMcCaul,1239638205454069761,2020-03-16 19:42:34,This morning I met with @MayorAdler to discuss ways federal and local governments can work together when mitigating #coronavirus in our communities. This includes testing capabilities in the State of TX. https://t.co/LSQ1rlk65j
RepMcCaul,1239634552089427970,2020-03-16 19:28:03,RT @HouseForeignGOP: LR @RepMcCaul: ‚ÄúThe #CCP‚Äôs propaganda machine is in overdrive trying to spin their #coronavirus cover up. I strongly a‚Ä¶
RepMcCaul,1239581836977885184,2020-03-16 15:58:34,"We have moved from containment to mitigation - Congress must act swiftly &amp; decisively to provide aid to the American people &amp; businesses. In addition, we can all do our part to #FlattenTheCurve by exercising #SocialDistancing to slow the spread of #COVID„Éº19. https://t.co/d8pzopJAPc"
RepMcCaul,1239557969181843457,2020-03-16 14:23:44,üö®COMING UP on @AmericaNewsroom in just a few minutes to discuss the latest on #COVID„Éº19.
RepMcCaul,1239385535610830855,2020-03-16 02:58:33,Sometimes the necessary precautions aren‚Äôt always the easiest. Please heed the advice of health professionals during this time. This includes the new CDC recommendation. ‚¨áÔ∏è https://t.co/LsK6Qpv28S
RepMcCaul,1239350648132468745,2020-03-16 00:39:55,"These next few weeks will be trying and our day-to-day lives will be impacted, but exercising social distancing will #FlattenTheCurve and slow the spread of #COVID19. 

https://t.co/J6MIL6lPnz"
RepMcCaul,1239332936312373249,2020-03-15 23:29:32,"üö®A new drive-through testing center is up and running in North Austin. If you believe you have symptoms or have been exposed to #COVID19, follow this link to take a free questionnaire prior to your appointment.

https://t.co/60k1fu4NeL"
RepMcCaul,1239261654141059083,2020-03-15 18:46:17,"RT @GregAbbott_TX: Drive-through testing for #coronavirus is now open in Austin. More is coming. 

This adds to testing centers in San Anto‚Ä¶"
RepMcCaul,1239201523894300677,2020-03-15 14:47:21,"During this time it is critical to practice social distancing. Limiting our movement outside our homes will be difficult, but it will help slow the spread of #coronavirus in our communities.
https://t.co/Tnwt5560DS"
RepMcCaul,1238852338464555008,2020-03-14 15:39:48,"I have compiled resources and updates regarding #COVID19 in the webpage below. Please do not hesitate to reach out to my office during this time. 
https://t.co/RvmIFLo6uq"
RepMcCaul,1238842289528672256,2020-03-14 14:59:53,RT @CDCgov: Older adults and people w/ severe chronic medical conditions may be at higher risk for severe illness from #COVID19. If you or‚Ä¶
RepMcCaul,1238703645119692801,2020-03-14 05:48:57,"‚úÖIncludes enhances Unemployment Insurance - protecting gig and hospitality workers who lose their capacity to work and earn wages.
‚úÖIncrease federal matching to state &amp; local health programs 
(2/2)"
RepMcCaul,1238703641822986240,2020-03-14 05:48:56,"The Families First #Coronavirus Response Act will:
‚úÖEnsure that coronavirus tests are free for all Americans.
‚úÖProvide 2 weeks of paid sick leave and up to 3 months of paid family and medical leave for those affected by Coronavirus.
(1/2)"
RepMcCaul,1238686873628934144,2020-03-14 04:42:19,"The #coronavirus does not discriminate based on your health insurance, your political party, or your age. That is why I voted in favor of the Families First Coronavirus Response Act.
 
My full statement ‚¨áÔ∏è

https://t.co/z1xGSVoNYD"
RepMcCaul,1238667181178736642,2020-03-14 03:24:03,RT @DHS_Wolf: Here are the FACTS about all coronavirus travel restrictions - simple explanation of the restrictions and who/what they do an‚Ä¶
RepMcCaul,1238645607914487809,2020-03-14 01:58:20,"As situations regarding #coronavirus continue to develop, I am committed to keeping you¬†updated on pertinent information. Refer to this convenient link of resources &amp; updates:
https://t.co/RvmIFLo6uq"
RepMcCaul,1238642092454354952,2020-03-14 01:44:22,"RT @GovAbbott: Providing an update with @TDEM and @TexasDSHS on TX‚Äôs response to #COVID19.
 
TX is prepared, and we continue to take proact‚Ä¶"
RepMcCaul,1238513177467420673,2020-03-13 17:12:06,"RT @TexasDSHS: DSHS updated our #COVID19 communication and social media toolkit at https://t.co/p0mwjYWMHJ

DSHS encourages everyone to ple‚Ä¶"
RepMcCaul,1238235987530190855,2020-03-12 22:50:39,"Find the latest update on #coronavirus and what Texans should know here üëáüèº 

https://t.co/RvmIFLo6uq"
RepMcCaul,1238164955574276096,2020-03-12 18:08:24,My staff and I are communicating with local and state health officials and will be a resource for you during this time. (3/3)
RepMcCaul,1238164954903121920,2020-03-12 18:08:23,"We must come together not as Republicans or Democrats, but as Americans in mitigating this current health emergency. I have &amp; will continue to work across the aisle to mitigate the spread of this virus &amp; help individuals, communities &amp; businesses that have been impacted. (2/3)"
RepMcCaul,1238164953976242178,2020-03-12 18:08:23,"As the current outbreak of coronavirus continues to evolve, we, as Members of Congress must not be paralyzed by partisan politics, but instead take necessary and proactive measures to protect American lives. During times of crisis, cooler heads will prevail. (1/3)"
RepMcCaul,1237834317419761664,2020-03-11 20:14:33,RT @HouseForeignGOP: LR @RepMcCaul: ‚ÄúI‚Äôm appalled to see a U.S. university adopt #CCP propaganda that distorts #coronavirus information. Ta‚Ä¶
RepMcCaul,1237821717210451970,2020-03-11 19:24:29,"#ICYMI: Last week, Congress approved funding to combat #COVID„Éº19 - $950M was allocated to state and local govts - @CDCgov just sent $560M to local &amp; state govt's to help with their response to the virus."
RepMcCaul,1237755659652714498,2020-03-11 15:02:00,"It is deeply upsetting that people would take advantage of a public health emergency. Here are some tips to avoid being tricked into one of these #coronavirus scams.

https://t.co/kWFcJdYZgE"
RepMcCaul,1237478573960826880,2020-03-10 20:40:57,"Not sure if the symptoms of #COVID„Éº19? Check out the symptoms here üëáüèª 

https://t.co/8a9lBOn66G"
RepMcCaul,1237478570223710211,2020-03-10 20:40:57,I applaud @GovAbbott for working w/ local health officials in an effort to ensure the safety and well-being of Texans. In order to contain the spread of #COVID„Éº19 we must use proactive measures like thisüëáüèª https://t.co/HNQXWu89Lk
RepMcCaul,1237367262690058240,2020-03-10 13:18:39,üö®Coming up on @AmericaNewsroom to discuss the latest on #COVID„Éº19. Tune in!
RepMcCaul,1236721710189199365,2020-03-08 18:33:27,üé• WATCH to learn about ways to protect yourself and those in your community from #coronavirus ‚¨áÔ∏è https://t.co/UrSzYL9jft
RepMcCaul,1236716040354136064,2020-03-08 18:10:55,RT @ushahmd: Thx for joining our @hcphtx #COVID19 #Team - @RepMcCaul / appreciate your support!
RepMcCaul,1236693836820369408,2020-03-08 16:42:42,"‚ÄúThere are actions that people can take in their daily lives to protect themselves personally and also slow the progress of the virus. This will reduce a person‚Äôs individual risk of contracting #COVID19.‚Äù 

READ more üëáüèº 
https://t.co/1drunrHGrf"
RepMcCaul,1236066500101931008,2020-03-06 23:09:53,Thankful for the folks at @hcphtx for keeping Texans informed about #COVID19. This afternoon I sat down with health officials to discuss the latest on coronavirus in the area. https://t.co/GBsUueXF2B
RepMcCaul,1235975262862483457,2020-03-06 17:07:20,RT @HouseForeignGOP: ‚ÄúI applaud President @realdonaldtrump for signing the bipartisan coronavirus emergency spending bill into law. This wi‚Ä¶
RepMcCaul,1235694994318483456,2020-03-05 22:33:39,"Stay up-to-date on the latest information regarding #COVID19 in Texas, as well as ways to protect yourself and others in your community. 
üëá
https://t.co/RvmIFL6v5Q"
RepMcCaul,1235694993177796609,2020-03-05 22:33:39,I am monitoring the development of #COVID19 in my home state of Texas. Praying that the Texans who tested positive for coronavirus make a full recovery. Thank you to the medical professionals who are tending to them during this time. https://t.co/GLaoT3kLYJ
RepMcCaul,1235674572080508941,2020-03-05 21:12:30,"#ICYMI @USDA announced it will invest $19M in high-speed broadband throughout rural areas in Texas! Broadband allows for new and existing businesses to flourish and supports our school districts, hospitals, farms and ranches. https://t.co/sbyTNjKbKa"
RepMcCaul,1235355055827619841,2020-03-05 00:02:51,My statement on the House passage of the emergency #coronavirus funding ‚¨áÔ∏è https://t.co/N7OSkgiutY
RepMcCaul,1234629344296931328,2020-03-02 23:59:08,"I am closely monitoring the #CoronaOutbreak and want to provide you with the most up-to-date information.

See the link below for my recent update. üëá
https://t.co/RvmIFLo6uq"
RepMcCaul,1234629342975660032,2020-03-02 23:59:08,"The immediate health risk from #Coronavirus remains low in the U.S.

Here are some things you should üëá https://t.co/jBzW6vLP5p"
RepMcCaul,1234478595340410880,2020-03-02 14:00:07,üö® COMING UP on @AmericaNewsroom - to talk about  #coronavirus and #SuperTuesday. https://t.co/2XvqAiOV0R
RepMcCaul,1232837283994329088,2020-02-27 01:18:08,RT @HouseForeignGOP: ‚ÄúCoronavirus doesn‚Äôt discriminate by party. We cannot play politics with the health &amp; safety of the American ppl. Cong‚Ä¶
RepMcCaul,1232837276868194312,2020-02-27 01:18:06,RT @HouseForeignGOP: LR @RepMcCaul: ‚ÄúI am pleased @realdonaldtrump &amp; his team briefed the nation on the Administration‚Äôs robust #coronaviru‚Ä¶
RepMcCaul,1225904743580606464,2020-02-07 22:10:41,RT @HouseForeignGOP: ‚ÄúAssistance from both the U.S. government &amp; private sector is helping prevent the spread of the deadly #coronavirus. C‚Ä¶
RepMcCaul,1225521204930457603,2020-02-06 20:46:38,"RT @HouseForeignGOP: ‚ÄúWhen Dr. Li Wenliang warned about #coronavirus in December, he was silenced by the CCP. As we work to contain coronav‚Ä¶"
RepMcCaul,1225421324136460288,2020-02-06 14:09:45,üö®Coming up on @AmericaNewsroom in just a few minutes to discuss the latest on coronavirus and moving forward after impeachment.
RepMcCaul,1224811487342071810,2020-02-04 21:46:29,üö®Coming up on @TeamCavuto shortly to discuss the #SOTU and give an update on the coronavirus.
RepMcCaul,1222702318245810176,2020-01-30 02:05:24,Good news in our fight against the horrific #OpioidEpidemic ‚û°Ô∏è The House voted tonight to extend the temporary ban on all fentanyl substances. This gives the @TheJusticeDept the tools to help keep deadly synthetic opioids like fentanyl out of our communities. https://t.co/6Kd5psOXoe
RepMcCaul,1220003736237625344,2020-01-22 15:22:11,"Proud to have lead the passage of the #SharkFinSalesEliminationAct. Sharks are an essential part of our marine ecosystem and their survival is of paramount importance to maintain healthy oceans.
https://t.co/fBLKSsqE18"
RepMcCaul,1215397172981772294,2020-01-09 22:17:21,"My bill will ensure the U.S. maintains, &amp; in some cases increases, leadership at the internt'l standards setting bodies. Specifically, it creates an interagency working group to provide assistance &amp; technical expertise to enhance our representation and leadership at these bodies. https://t.co/3RsJ4wobOs"
