RepMoBrooks,1321803173510680578,2020-10-29 13:16:49,"The American economy grew at an astounding 33.1% rate in the 3rd quarter, the best ever. Huge! America is on its way to recovery after harmful government imposed economic lockdowns. https://t.co/UxInTS6uAy"
RepMoBrooks,1317472023891873798,2020-10-17 14:26:22,"If college football were today’s politics, headlines would be:

#Auburn &amp; #Georgia fans FALSELY test Coach Nick Saban POSITIVE for COVID-19!

OR

#Alabama fan FALSELY tests Coach Nick Saban NEGATIVE for COVID-19!

I sure am glad college football IS NOT politics!

ROLL TIDE BABY! https://t.co/BAtU9HxI1R"
RepMoBrooks,1314589535783784449,2020-10-09 15:32:23,"Today’s Dept of Defense briefing on #COVID19 &amp; Operation Warp Speed.  GOOD NEWS!

DoD expects 1 to 3 vaccines available to public over next 3 months! Millions of doses ready for use, pending Federal Drug Admin approval.

Highest risk Americans will be first in line for vaccines. https://t.co/1y5GK3J0ia"
RepMoBrooks,1313191003025793026,2020-10-05 18:55:07,"Great to see the President is recovering! America, just like President Trump, will overcome COVID-19 too. https://t.co/y9ImZN0g7k"
RepMoBrooks,1311003041575960576,2020-09-29 18:00:57,"Pfizer likely knows in October if its #COVID19 #vaccine works. The medical test is simple: which path = fewer deaths &amp; bad side effects?

#Socialist #Democrats better not delay vaccine until after election for political reasons. Lives are at risk.

https://t.co/YZllvFSeCh"
RepMoBrooks,1309560082280181767,2020-09-25 18:27:08,Praying for former congressman and presidential candidate @RonPaul who has been hospitalized. He’s a patriot and a fighter. https://t.co/VVL1VPpRE9
RepMoBrooks,1309156457082949640,2020-09-24 15:43:16,"China is America’s geopolitical foe, not our friend. China’s lies about COVID19’s severity &amp; contagious nature have contributed to the deaths of more than 200,000 Americans."
RepMoBrooks,1308730930815799296,2020-09-23 11:32:23,"Pfizer #COVID19 vaccine likely ready in October.

But FDA (under #Socialist #Democrat political pressure) may change rules &amp; delay vaccine until AFTER election.

Almost 1,000 Americans die/day with COVID19.

Democrat vaccine delay may kill thousands!

https://t.co/iuayKeddL4"
RepMoBrooks,1307295011877326851,2020-09-19 12:26:33,"How much evidence needed before  #FakeNewsMedia publicizes #Covid19 was man-made in #Chinese #communistparty #Wuhan bio weapons lab?

Former Wuhan bio weapons lab virologist has defected &amp; says the virus was modified to make it MORE harmful to humans! https://t.co/dDzFxqxD7t"
RepMoBrooks,1305897985365151748,2020-09-15 15:55:16,"More PUBLIC evidence of what is already known by many: #COVID19 is NOT a natural virus. It is a natural virus altered by humans in the Wuhan Bio-Weapons Lab of #Communist #Chinese Party.

REAL QUESTION: Was release on world intentional or accident?

https://t.co/6JpZqHjVIB"
RepMoBrooks,1305494989288411139,2020-09-14 13:13:55,"2 Los Angeles deputies are ambushed &amp; shot. Supporters of crime then “blocked the entrance to the hospital where the two are being treated, and chanted “we hope they die.””

America: who do you want protecting you? Criminals or police?

ELECTIONS MATTER! https://t.co/E5aNbYaT82"
RepMoBrooks,1305488127373570050,2020-09-14 12:46:39,"9 of 10 worst #COVID19 death rate states (deaths/sick person) are #Socialist #Democrat. Why?

Why if you have COVID19 are you 4+ times MORE likely to die in Connecticut or New Jersey than in Alabama?

What life-style or governance difference causes death?

https://t.co/vdG3zcfump"
RepMoBrooks,1296520937534300161,2020-08-20 18:54:14,The Trump Administration coordinated the donation of 388 cases (40 vials per case) of Remdesivir and 413 cases of commercially available Remdesivir to treat hospitalized COVID-19 patients in Alabama.
RepMoBrooks,1296520936628387840,2020-08-20 18:54:14,53 of Alabama’s Medicaid &amp; Medicare certified nursing homes are receiving federally supported point-of-care COVID-19 testing.
RepMoBrooks,1296520935462375424,2020-08-20 18:54:13,"The Trump Administration has directly supported 11 community based testing sites in Alabama and will be providing over 100,000 swabs and 100,000 media to support state testing needs in August."
RepMoBrooks,1296520934145363968,2020-08-20 18:54:13,"Thank you to @realDonaldTrump for supporting Alabama’s coronavirus response! More than 1.3 M N-95 masks, 2.6 M surgical &amp; procedural masks, 120 K eye &amp; face shields, 660 K isolation &amp; surgical gowns, and 750 K medical gloves have been shipped to Alabama. https://t.co/BH9xH4rrM5"
RepMoBrooks,1291723113487577088,2020-08-07 13:09:23,"USA debt blows thru $26 Trillion mark, @ $80,000+/person.

Congress passed 4 #COVID19 “stimulus” bills in 2020. DC “Debt Junkies” want ANOTHER $1 to $3 Trillion “stimulus”. Bills’ result: 32.9% 2Q annualized GDP COLLAPSE!

“Stimulus NOT”, really a DEPRESSANT!

I WILL VOTE NO. https://t.co/Mhcp7IgtSQ"
RepMoBrooks,1291715287138668546,2020-08-07 12:38:18,"#Socialist #Democrats complain about #COVID19 “Made in China” mask? Does fake Dem outrage surprise anyone?

Mask = TRUTH! COVID19 originated in China &amp; likely MADE in China.

Early Communist Chinese Party &amp; World Health Organization lies caused late threat reactions &amp; more dead. https://t.co/w0PbrHvzWh"
RepMoBrooks,1291185750407618564,2020-08-06 01:34:06,"https://t.co/jY6LBIsBup

In past week, Congressmen Louie Gohmert, Raul Grijalva, Rodney Davis all caught #COVID19. Roughly 15 in Congress have caught it so far.

Why? Because, despite risks, Senators &amp; Congressmen have been working &amp; doing their jobs...as they should be."
RepMoBrooks,1291063306166435840,2020-08-05 17:27:33,"https://t.co/Vt2d5xOyzK

Should #Hydroxychloroquine be used for #COVID19?

Article explains why doctors in many countries PROPERLY prescribe it with apparently GOOD RESULTS.

Explains flaws in studies used by #FakeNewsMedia &amp; #Socialist #Democrats for partisan gain, NOT medicine."
RepMoBrooks,1290026339106467842,2020-08-02 20:47:01,"Yesterday I tweeted 9 of 10 worst #COVID19 DEATH RATES in Blue States. #Socialist #Democrats vehemontly disagreed, so per https://t.co/vdG3zcfump

Deaths/million pop:

NJ 1,792
NY 1,685
CT 1,243
MA 1,241
RI 950
LA 862
MI 646
IL 609
DE 601
MD 581

So Socialists, what lies next?"
RepMoBrooks,1289722339714912256,2020-08-02 00:39:02,"#Socialist #Democrat Rep #SethMoulton: “red states are getting what was coming to them” on #COVID19

Thank goodness!

9 of 10 worst COVID19 death rates are BLUE STATES. Mass =  USA 4th worst!

Red states ARE getting “what is coming to them”: fewer deaths/cap &amp; stronger economies! https://t.co/hyaIVytk1E"
RepMoBrooks,1288827029148835842,2020-07-30 13:21:23,"https://t.co/U1v9VM3HU5

USA Q2 GDP down 33%! Recession official. Cause = governors OVER-REACT &amp; shut down economy.

COVID19 BAD but NO PANDEMIC EVER STOPPED. You must plow thru it &amp; hope for best.

Now we learn how many lives hurt or killed by irrational economic destruction."
RepMoBrooks,1288295225530744833,2020-07-29 02:08:11,"https://t.co/YL8bXWe9rn

#CNN #ChrisCuomo gushes over brother NY Gov #AndrewCuomo #COVID19 response &amp; BASHES Florida Gov #RonDeSantis COVID19 response.

FACT: A New Yorker is SIX TIMES more likely to die from COVID19 than a Floridian. (Deaths/million data)

#FakeNewsCNN anyone?"
RepMoBrooks,1288288476140580864,2020-07-29 01:41:22,"Commie Crusher: perhaps info you share would be known to anti- #Hydroxychloroquine crowd if #FakeNewsMedia #twitter &amp; #facebook stopped suppressing freedom of speech &amp; differing views on #COVID19 treatment options!

We must fight “Flat Earthers” who suppress scientific debate. https://t.co/pN4jxRhhxZ"
RepMoBrooks,1288239310404231174,2020-07-28 22:26:00,"I am in DC with Dr. David Calderwood, family practice physician, &amp; 20 other physicians who share REAL science of #hydroxychloroquine as #COVID19 treatment.

The problem: #fakenewsmedia, #twitter &amp; #facebook suppress their message. #Fascism &amp; #Socialism at worst! Death = result. https://t.co/RVR83JEty6"
RepMoBrooks,1287708047528398848,2020-07-27 11:14:57,"https://t.co/rYudW1lnMD

USA #COVID19 death rate is 458/million, or 1 per 2,000+ Americans (most had other fatal illnesses, too).

You are 20+ times more likely to die from something other than COVID.

Do you shutdown your life because of other risks? If not, why do it for COVID?"
RepMoBrooks,1286406252357201920,2020-07-23 21:02:05,RT @OnPointRadio: Audio is up: Between the pandemic and President Trump's call to exclude unauthorized immigrants from the apportionment co…
RepMoBrooks,1286353458191306753,2020-07-23 17:32:18,"The honest &amp; FAIR answer about hydroxychloroquine (&amp; many other #COVID19 options) is we don't know for sure all that helps, all that hurts, or by how much.

Ask #MarioCuomo, who ordered INFECTED COVID19 patients INTO nursing homes, killing thousands.

FAIR=Media gives both sides! https://t.co/MXm1Jwi8ZH"
RepMoBrooks,1286340667933954050,2020-07-23 16:41:28,"https://t.co/y7Bkhz6Xrw

#Socialist #Democrats bash #DonaldTrump on #Hydroxychloroquine even tho Lancet study they rely on retracted for using bad data.

New Henry Ford Health System study says Hydroxychloroquine may CUT #COVID19 deaths by 50%!

Will #FakeNewsMedia be fair? Hmmm."
RepMoBrooks,1286317072809680896,2020-07-23 15:07:43,RT @OnPointRadio: Live: We're looking at the 2020 census and how the pandemic — and the president's efforts to exclude undocumented immigra…
RepMoBrooks,1286298248798515204,2020-07-23 13:52:55,"https://t.co/4sLTMBLijl

""There is virtually no chance that the U.S. will have a proven vaccine by Election Day, several top vaccine experts told POLITICO.""

If @RealDonaldTrump does perceived impossible &amp; #COVID19 #vaccine is out in October, will #FakeNewsMedia give him credit?"
RepMoBrooks,1285580367685193728,2020-07-21 14:20:19,"https://t.co/DxIAqLsPWn

Slowly but surely, good news in COVID19 fight.  Better treatments cut fatality rates. Vaccine by year’s end.

Now, as article reflects, we learn a body’s T-Cells can be triggered to kill the COVID-19 virus, thereby supplementing antibody efforts."
RepMoBrooks,1283483175000453120,2020-07-15 19:26:49,"Per #COVID19 Congressional briefing still ongoing.

VERY GOOD NEWS!

Under President Trump’s “Operation Warp Speed” (with huge Congressional funding), America LIKELY to have MILLIONS of COVID19 #vaccine doses for public use in 2020!

FAR earlier than prior 2021 estimates. GREAT!! https://t.co/l1XQKDzCz2"
RepMoBrooks,1282472687525343233,2020-07-13 00:31:30,"Short tweet version:

1. Learn from past pandemics. Be honest. Absent vaccine, you can slow down but not stop COVID19.

2. Minimize risk. Wear mask. Social distance.

3. Cure research $ = better treatment options.

4. Vaccine research $ = Quicker vaccine.

Mike: Beat your cancer! https://t.co/1sc8xXJF0b"
RepMoBrooks,1280499394945732608,2020-07-07 13:50:20,"The FY21 NDAA strengthens national security by providing:
✅$1 billion to help America prepare for &amp; defend against future pandemics;
✅3% troop pay raise; 
✅robust funding for science &amp; technology including emerging technology areas; and,
✅funding for nuclear modernization."
RepMoBrooks,1280499394249359362,2020-07-07 13:50:20,"Last week, I joined every member of the House Armed Services Committee in voting “Yes” to advance the FY21 National Defense Authorization Act (NDAA). Despite COVID19 &amp; shutdown disruptions, Armed Services successfully produced an NDAA that strengthens national security."
RepMoBrooks,1280315615509647360,2020-07-07 01:40:04,"https://t.co/GMMhnb6fAr

USA doing better &amp; better against #COVID19. 

More people catch it but, per CDC, better treatments = declining deaths 10 weeks in a row!

While future unknown, this data is very, very good news for all.

Why #FakeNewsMedia not highlighting this good news?"
RepMoBrooks,1278680980597989376,2020-07-02 13:24:37,"Dennis=Social Studies teacher? Hmm.

In Republic based on freedom &amp; liberty, PRIMARY job of protecting CITIZENS rests with CITIZENS (govt helps when it can).

FYI - I wear mask in public.
I ALWAYS say COVID19 is dangerous, but not as bad as #FakeNewsMedia hype. Learn history. https://t.co/4mTESNCAYX"
RepMoBrooks,1278678127846338566,2020-07-02 13:13:17,"Dare #Socialist #Democrat trolls to attack this GREAT NEWS!

Nonfarm unemployment DROPPED 2.2% in June (from 13.3% unemployment rate to 11.1% unemployment rate)!

Nonfarm jobs INCREASED 4.8 million!

All despite #COVID19 &amp; shutdowns!

WAY TO GO USA!

https://t.co/9E1YFKGMA4"
RepMoBrooks,1278674977156403200,2020-07-02 13:00:45,"Dennis=perfect example of partisan dishonesty. WORST 5 per capita death rate states ALL #Socialist #Democrat! New Jersey, N.Y., Mass, Conn, R.I.

NY Gov Cuomo ORDERED nursing homes to take in COVID19 patients, killing thousands. Dennis: Why not be honest?

https://t.co/vdG3zcfump https://t.co/VvkPbjNVzB"
RepMoBrooks,1278672982173528066,2020-07-02 12:52:50,"Fault=China. #COVID19 likely came from a Communist Chinese Party (“bio-weapons”) lab &amp; released accidentally or intentionally. Regardless of motive, CCP INTENTIONALLY deceived world about contagious nature and death rate. US+World would have been better prepared but for CCP lies. https://t.co/3KuRL3ckGl"
RepMoBrooks,1278427376318402564,2020-07-01 20:36:53,"Disappointed the @trashpandas season is cancelled.

Baseball is America’s past-time. It helps unify our nation &amp;, in 2021, will help America overcome COVID19, government shutdowns, rioting, looting &amp; racial discord.

I look forward to taking my grandkids to a game next season. https://t.co/7hGF3n0bKy"
RepMoBrooks,1278351144134336516,2020-07-01 15:33:58,"#COVID19 end game:

No cure yet but better treatments = lower death rates.

No vaccines yet but vaccines likely late 2020/early 2021.

USA: 2.7m infected &amp; 131k dead, which means 2+ million made it thru long dark tunnel, beat COVID19, enjoy some immunity &amp; resuming normal lives! https://t.co/TfoTcuQiba"
RepMoBrooks,1277717047108161538,2020-06-29 21:34:17,"I’m thankful @realDonaldTrump has said he'll veto H.R. 1425, which spits on the Constitution &amp; the free-enterprise system that has made America the most prosperous &amp; powerful nation in history. I will fight all attempts to socialize American health care. https://t.co/V9RRzyhZfE"
RepMoBrooks,1277717045602328578,2020-06-29 21:34:17,"America was founded on freedom &amp; liberty. Our free-enterprise economic system has made America the most prosperous &amp; powerful nation in world history. In 2009, prior to Obamacare, America had the world’s best healthcare system at much lower cost."
RepMoBrooks,1277717044813758465,2020-06-29 21:34:16,"I voted ""No"" today on H.R. 1425, the Socialist Dems’ attempt to use COVID19 to expand ObamaCare &amp; further hurt American healthcare. ObamaCare is one of the worst boondoggles ever foisted on the American people. I have voted dozens of times to repeal ObamaCare in part or in whole."
RepMoBrooks,1276185420741607424,2020-06-25 16:08:09,"As #FakeNews Media, motivated by partisan goals, scares America about #COVID19 threat (it exists but at much lesser degree), SOME GOOD NEWS:

AMERICA IS WINNING!

As graph reflects, COVID19 DEATHS are SIGNIFICANTLY DECLINING week by week as treatments get better and better! https://t.co/jDlO6vhMWR"
RepMoBrooks,1275915682128048128,2020-06-24 22:16:18,"#Socialist #Democrat states sick from “#Shutdown BLUES” (10 WORST unemployment states ALL Socialist blue; 5 BEST employment states ALL #FreeEnterprise red).  

Better yet, red “minimum shutdown” states enjoy LOWER per capita #COVID19 death rates!

Hmmm.

https://t.co/vx3AI08Mrp"
RepMoBrooks,1275863530517024770,2020-06-24 18:49:04,"RT @FRCdc: .@RepMoBrooks believes President Trump was right to take away some of the foreign competition for U.S. jobs. LISTEN
https://t.co…"
RepMoBrooks,1275812579198341121,2020-06-24 15:26:36,"The base bill also includes $32 million for new housing on Kwajalein Atoll. Key Redstone Arsenal agencies rely on Kwajalein for weapons testing. Many of Kwajalein's existing homes have been plagued by bad ventilation, mold, mildew &amp; rotting wood. (4/4)"
RepMoBrooks,1273433588256604165,2020-06-18 01:53:21,"Kate: In order to minimize voter fraud risk, voters MUST show ID. This DOES NOT increase your COVID-19 risk because it does NOT increase the # of people you interact with to vote.

I will vote absentee ballot. I have no reservation proving I can legally vote by showing my ID. https://t.co/HkHW8dYuJk"
RepMoBrooks,1272229356165894145,2020-06-14 18:08:10,"https://t.co/rYudW1lnMD

117,000+/- Americans with Coronavirus dead. 360+/- Americans dead per million population. Both numbers worsening daily.

Granted, data can be questioned.

Yes, odds are low. Still, I encourage citizens to VOLUNTARILY minimize their risk. https://t.co/sYjWx3t8lX"
RepMoBrooks,1272225967365292034,2020-06-14 17:54:42,"https://t.co/0qyYBeT3qA

Bad Alabama #COVID19 #s, 1000+ yesterday alone. While some increase caused by protestors &amp; rioters disregarding  health advice, please remember we DO NOT reopen economy because #coronavirus defeated, we reopen because we have no better choice.

Be safe!"
RepMoBrooks,1270408274777604097,2020-06-09 17:31:50,"https://t.co/PFXfZLa6Pw 

Protesting excessive police force is a right. 

#FakeNewsMedia &amp; #Socialist #Democrats deifying druggie &amp; thug for political gain is wrong.

#GeorgeFloyd = armed robber (gun versus lady) + deadly cocaine, fetanyl, methamphetamine, marijuana user.

Hmmm."
RepMoBrooks,1270058888625369089,2020-06-08 18:23:30,"https://t.co/kh82K9tXBB

#FakeNewsMedia &amp; #Socialist #Democrats getting what they hoped for from “#protests” (misnomer for #rioting &amp; #looting):

*300 injured NY police officers (many in hospital).

*600 more considering quitting law enforcement.

I support police, law &amp; order!"
RepMoBrooks,1266135938993922049,2020-05-28 22:35:06,"The Socialist Democrats’ proxy voting scheme is a blatant attempt to use the pandemic to centralize power in one individual, House Speaker Nancy Pelosi, by overturning centuries of tradition and well-founded precedent. https://t.co/qswXXdliXs"
RepMoBrooks,1264675649328906240,2020-05-24 21:52:25,"https://t.co/RiWC4nxrcE

600 Doctors: #Coronavirus shutdowns KILL!

Rational people weigh BOTH costs &amp; benefits. Irrational “Shutdown America” people don’t understand or care about #COVID19 economic collapse damage.

#ReopenAmericaNow BEFORE IT IS TOO LATE!"
RepMoBrooks,1262775672654770179,2020-05-19 16:02:36,"Bob: Pay attention. I have repeatedly said Americans should not be denied the #LIBERTY &amp; #FREEDOM to decide how to best balance (a) #COVID19 risks &amp; (b) need to earn $ to take care of themselves &amp; their families.

Your “reopen safely” means NEVER! That is a recipe for disaster! https://t.co/jZortYhis1 https://t.co/XwIGqg44y6"
RepMoBrooks,1262758051976638464,2020-05-19 14:52:35,RT @jeff_poor: .@RepMoBrooks: ‘Thankful‘ for Those Fighting ‘Dictatorial Government‘ Coronavirus Shutdowns Around the Country https://t.co/…
RepMoBrooks,1262561801327304706,2020-05-19 01:52:45,"https://t.co/8lbG9lgtrz. 

Space &amp; Rocket Center, Alabama’s top paid tourist attraction, lays off 1/3 of workforce...another victim of Alabama’s overly broad #coronavirus shutdown orders.

NO summer jobs filled.

Don’t these citizens count, too?

#ReopenAlabama #ReopenAmericaNow"
RepMoBrooks,1262397006749851649,2020-05-18 14:57:55,"https://t.co/yOL3dYsryC

Moderna GOOD NEWS on #COVID19 vaccine.

Phase I human trials: VERY GOOD results in humans.

In mice, vaccine “completely prevented” COVID19 replication in lungs!

HUGE development if Phase II &amp; III trials are as promising.

IT CAN’T HAPPEN SOON ENOUGH!"
RepMoBrooks,1261643390627831808,2020-05-16 13:03:19,"https://t.co/1mYjVixQpa

Another #COVID19 overreaction. Yes, #coronavirus is dangerous...but so is releasing armed robbers (to protect THEM from COVID19) who are later arrested for kidnapping, murdering a helpless young woman.

#GovPolis should protect law-abiding citizens!"
RepMoBrooks,1261348851392212993,2020-05-15 17:32:55,"ALIPAC's William Gheen describes #Socialist #Democrat #amnesty hidden today's $3+ Trillion spending bill: ""The last thing America needs during a time of crisis, pandemic, or war is illegal immigrants working on critical infrastructure. Americans need these jobs.""

I vote NO! https://t.co/zD2QhpTbDb"
RepMoBrooks,1261346892136321029,2020-05-15 17:25:08,"As if spending $3+ Trillion we don't have, have to borrow to get &amp; can't pay back is not bad enough, #Socialist #Democrats offer #amnesty to #illegalaliens.

I prefer helping struggling Americans find good-paying jobs during national economic &amp; pandemic peril.

Today, I vote NO! https://t.co/04EoxTezB4"
RepMoBrooks,1261001791279370241,2020-05-14 18:33:49,"Flying to DC! Taking precautions (mask, glasses, disinfectant). I feel as safe as ever.

Unfortunately, MANY empty seats.

With precautions, I encourage Americans to live life again. FLY where you want to go!

Our airline employee friends appreciate help getting back to normal! https://t.co/YwwId0lVIL"
RepMoBrooks,1260930355118460929,2020-05-14 13:49:58,".@josmithl, correct. Yet 9 of 10 worst per capita death rate states are “Blue” (i.e. - controlled by Democrats)? Shouldn’t that suggest to you which philosophy of government best minimizes #COVID19 deaths!

I trust Liberty &amp; Freedom &amp; American citizens!

https://t.co/vdG3zcfump https://t.co/2sPtMr6il9"
RepMoBrooks,1260263456118312962,2020-05-12 17:39:57,"Thanks to all the law enforcement officers who put their safety on the line to protect us— especially during this pandemic. This National Police Week, join me in showing appreciation for law enforcement officers. It’s their exemplary service that holds the thin blue line. https://t.co/sCLfxavEvF"
RepMoBrooks,1259864949976903680,2020-05-11 15:16:25,".@FansOfGovCuomo - Cuomo FINALLY stops helping #Coronavirus kill nursing home residents!

https://t.co/7lVrpm4OxN

#GovernorCuomo reverses his order forcing nursing homes to admit #COVID19 infected patients!

Now, if only Cuomo could revive those killed by Cuomo’s deadly dictate!"
RepMoBrooks,1259836268143357952,2020-05-11 13:22:27,"Growing evidence nature-made #COVID19 came from #Communist #China #Wuhan research &amp; bio-weapons lab.

Compelling evidence China #Coronavirus lies helped kill 80,000+ Americans.

Real Question: Will #Socialist #Democrats dare sanction their Chinese “Comrades” for the damage done? https://t.co/HsZZGFHtsA"
RepMoBrooks,1258818149585223681,2020-05-08 17:56:49,"RT @RepKenBuck: THIS JUST IN: Under recently passed legislation, illegal immigrants are currently eligible for COVID-19 benefits.

Now more…"
RepMoBrooks,1258795994478764032,2020-05-08 16:28:47,"https://t.co/HytYVdeo0c

#SanFrancisco #Socialist #Democrats #Coronavirus response: give away FREE drugs &amp; alcohol. These “leaders” also let #IllegalAliens LAWFULLY vote in elections.

Elsewhere in America, you are jailed for returning to work.

Has the world turned upside down?"
RepMoBrooks,1258774812039819264,2020-05-08 15:04:36,"https://t.co/uoj5ha1Fn8

#CNN #MSNBC &amp; other #FakeNews media won’t air this story. It’s not in #Socialist #Democrat campaign agenda.

#Covid_19 hasn’t made USA border security problem go away.

#IllegalAliens kill 2,000+ Americans each year... &amp; infect officers with #Coronavirus."
RepMoBrooks,1258758227187154947,2020-05-08 13:58:42,"Bob. Why do I comment? Many reasons. 2 stand out:

#AndrewCuomo &amp; #NewYork have worst #coronavirus death rate in USA. Cuomo must be held accountable for deadly mismanagement.

Cuomo wants America bail outs for decades of NY financial mismanagement.

Truth reduces bailout risks. https://t.co/XzvoAbOQrM"
RepMoBrooks,1258031621887930368,2020-05-06 13:51:26,".@AndrewCuomo NY shutdown order says: “No resident shall be denied...admission to the NH [#nursinghome] solely based on a...diagnosis of #COVID19. NHs are prohibited from requiring [tests] for COVID-19 prior to admission”.

#Cuomo helped cause 25% of NY dead.

Liberty = better. https://t.co/mOigpYSEzr"
RepMoBrooks,1258024847428509696,2020-05-06 13:24:31,"RT @yhn: .@RepMoBrooks: ‘I strongly encourage’ Gov. Ivey to respect liberty, freedom, wishes of Alabamians regarding COVID-19 shutdown 
By…"
RepMoBrooks,1257388673483575296,2020-05-04 19:16:35,"The Trump Administration &amp; @fema are sending 384,000 gloves to Alabama. Alabama has already received 305,000 gloves, 362,000 surgical masks, 72,000 face shields, and over 298,000 N95 masks. Thank you to @realDonaldTrump &amp; his Administration for working to keep Alabama safe!"
RepMoBrooks,1257288127913373696,2020-05-04 12:37:03,"https://t.co/H29Fhy8vyV

Senate: “If it is essential for...healthcare workers, truck drivers, grocery-store workers, and...other brave Americans to [man] their...duty stations, then it is essential for Senators to...man ours.”

Senate meets. House AWOL, met ONE DAY in April!"
RepMoBrooks,1257285834358894593,2020-05-04 12:27:56,"https://t.co/vxjUNODxeE
US Justice Dept supports Constitution &amp; Freedom of Religion OVER #Socialist #Democrat Virginia Governor #Coronavirus church meeting ban.

@GovernorKayIvey?

Freedom of religion TRUMPS #COVID19! It is the law!

#ReopenAlabama churches! Let freedom reign!"
RepMoBrooks,1256054700929097730,2020-05-01 02:55:51,"https://t.co/9gyIG45dzr

.@SpeakerPelosi seeks to BORROW ANOTHER $1 TRILLION for states &amp; cities that shut themselves down!

Congress already appropriated #Pandemic $$ to states: $11 billion to Alabama for #Covid19...more than Alabama’s education &amp; general fund budgets COMBINED!"
RepMoBrooks,1255191686843707392,2020-04-28 17:46:33,"5/7 Ivey #shutdown order (cont)

P11 &amp; P12 (hospitals &amp; medical care). ABOUT TIME hospitals &amp; doctors &amp; patients are TRUSTED with health care decisions! Too many ill went untreated &amp; WAY TOO MUCH financial &amp; health care damage done under prior Ivey, overly-broad, shutdown order."
RepMoBrooks,1255191674072043521,2020-04-28 17:46:30,"1/7 .@GovernorKayIvey - I have examined new Ivey #coronavirus #shutdown order. Parts that trust Alabama citizens with liberty &amp; freedom are GREAT! Other parts? Hmmmm. 

#ReopenAlabama!

P1 is a “recommendation”, so fine.
P2 quarantines #COVID19 patients, so fine."
RepMoBrooks,1255125538311737344,2020-04-28 13:23:42,"Good chance masked person was a #Socialist #Democrat plant at a GOP-dominated event, there for the purpose of getting people like .@randomwatcher to do what they do best: spread propaganda &amp; deceive low-info voters to win elections.

Notice the proud flag wavers are unmasked? https://t.co/W3y39QPh4D"
RepMoBrooks,1255122314963886080,2020-04-28 13:10:53,"https://t.co/vdG3zcfump

See trend? #Coronavirus deaths/million population:

#1 #Democrat #NewYork 1,162
#2 Dem #NewJersey 680
#3 Dem #Connecticut  564
#4 Dem #Massachusetts 431
#5 GOP #Louisiana 374 (Dem #NewOrleans outbreak)
#6-#10 ALL Dem run!

Want to live? Try GOP-run state!"
RepMoBrooks,1254921058823532544,2020-04-27 23:51:10,"(6/6) The Gov’s stay-at-home order is too sweeping. It hurts Alabama workers, kills small business revenues, reduces tax revenue, but importantly, the order also prevents Alabamians from exercising their own individual creativity &amp; ingenuity at safeguarding health. #ReopenAmerica"
RepMoBrooks,1254427650082451457,2020-04-26 15:10:32,"https://t.co/FdTMsnZLXJ

#NewYorkTough Eliot Rabin gets it. Killing economy kills far more Americans than #coronavirus. No economy = no $ for health care, safer roads, law enforcement, national security, food, shelter, clothing, etc. How long can YOU without these? #ReopenAmerica"
RepMoBrooks,1254425658169663492,2020-04-26 15:02:37,".@Patusie I didn’t “go first” because others beat me to it. This week I drove 1400 miles in 2 days to vote in Capitol. Today I shopped @ Lowe’s, Wal-Mart. I wear mask, wash hands. #Coronavirus is bad. But, long term, trapped inside is FAR worse &amp; more dangerous to American lives. https://t.co/BP8xaRTOVf"
RepMoBrooks,1254222294609793029,2020-04-26 01:34:32,"https://t.co/D1gEF22ENn

#Alabama tax revenues hammered. League of Municipalities asking me for federal relief because city revenues also falling like a rock.

As bad as #coronavirus is, we have no choice.

Governor Ivey, PLEASE #ReopenAlabama ASAP! Lives &amp; jobs depend on it!"
RepMoBrooks,1253756646712414208,2020-04-24 18:44:12,"(4/6) ""...Due to the COVID-19 pandemic and resulting stay-at-home order issued by Governor Kay Ivey, the Hope Home Thrift Store has been closed since March 13, 2020. Furthermore, the 2020 annual golf tournament has been canceled..."""
RepMoBrooks,1253740114611757056,2020-04-24 17:38:31,"Why fake news media deify #NewYork #GovernorAndrewCuomo?

#COVID19 kills 28 times more New Yorkers per capita than Alabamians. Bad prevention.

Have #Coronavirus? New Yorkers TWICE as likely to die than Alabamians. Inadequate care.

Cuomo = Failing grade!

https://t.co/vdG3zcfump"
RepMoBrooks,1253587971929972737,2020-04-24 07:33:57,"Yesterday, despite #COVID19 risks, #Congressmen voted in  #Capitol on #Coronavirus bills.

In less than 48 hours, I drove 1,400 miles to/from #Washington, another risk.

Shouldn’t governors end shutdown orders so all Americans have the same freedom Congress does to do their jobs? https://t.co/aolLKYMBDq"
RepMoBrooks,1253480717301972994,2020-04-24 00:27:46,"https://t.co/LnoUpAuYcS

WOW! US Homeland Security Dept finds #Coronavirus in sun+heat+humidity DIES 540 TIMES FASTER than in low humidity, low-heat building.

Have #cabinfever? On sunny day enjoy Alabama #BEACHES, lakes, pools IF #Alabama govt trusts you with liberty to do so!"
RepMoBrooks,1253371682330308613,2020-04-23 17:14:30,RT @yhn: .@RepMoBrooks: Hospital administrators got ‘bad intelligence’ on COVID-19 — Decisions about elective surgeries should be made at l…
RepMoBrooks,1253327608176971778,2020-04-23 14:19:22,"https://t.co/uqzDw7Cc7O Dr. Scott Atlas, Stanford Univ. professor &amp; former Stanford Medical Center neuroradiology chief, gives excellent, rational opinion on COVID-19 panic stoked by fake news media. Yes, COVID-19 is dangerous. But needed rational responses exist &amp; will prevail."
RepMoBrooks,1253326231468007430,2020-04-23 14:13:53,"https://t.co/uqzDw7Cc7O
Dr. Scott Atlas, Stanford Univ. fellow &amp; former Stanford Medical Center chief of neuroradiology, gives excellent, rational opinion on the irrational #COVID19 fear stoked by fake news media. Yes, COVID-19 is a threat. But we must be rational in responding."
RepMoBrooks,1252779576025112576,2020-04-22 02:01:41,"#Socialist #Dem #SpeakerPelosi proxy voting push gets more serious. https://t.co/lWB0ccX3dI

#Congress should work at Capitol (as hired to do) just like America asks doctors, nurses, grocery workers, truckers &amp; others to work despite #coronavirus threat!

Congress: SHOW COURAGE!"
RepMoBrooks,1252770017172733957,2020-04-22 01:23:42,"@KFILE: #shutdowns killing US economy = (a) more poverty = higher death rates; (b) less $ for healthcare, law enforcement, defense, safer roads, etc. ALL = more deaths.

BTW: my 10 grandchildren WORTH THE RISK!!  Glad I have liberty to make that choice. Better than govt dictate! https://t.co/SxNEGI8pHt"
RepMoBrooks,1252721679358459905,2020-04-21 22:11:37,"#Texas #SouthCarolina #Georgia #Tennessee #Florida giving freedom &amp; liberty back to citizens to decide how to resolve conflict between #CoronavirusPandemic #COVID19 &amp; their personal financial interests &amp; bankruptcy risks.

#Alabama should lead, or follow, not fall further behind. https://t.co/Ntt8vH3eEi"
RepMoBrooks,1252617720232841220,2020-04-21 15:18:31,"RT @aldotcom: Rep. Mo Brooks calls Alabama a ""nanny state"" over the coronavirus shelter-at-home order. https://t.co/tluQzS52KK https://t.co…"
RepMoBrooks,1252041643152363526,2020-04-20 01:09:24,"Medical, military &amp; others work &amp; risk lives in #COVID19 #Pandemic yet #Socialist #Democrat #SpeakerPelosi seeks proxy voting so #Congress can skip DC work! Why let 2 Congressmen (Speaker &amp; Minority Leader) from 1 state control all House votes?

#Proxy voting undermines Republic! https://t.co/yWLJczdkGy"
RepMoBrooks,1250792402761244673,2020-04-16 14:25:22,"America is nearer to having the ability to field advanced hypersonic weapons thanks to the hardworking professionals right here in the TN Valley. At least 5 more flight tests of the Common Hypersonic Glide Body are planned for the next 3 years, &amp; #COVID19 isn't slowing progress. https://t.co/7DN9hwPJJr"
RepMoBrooks,1250087652143104000,2020-04-14 15:44:56,Tennessee Valley professionals aren't letting COVID-19 stand in the way of completing @NASA_SLS— the most powerful rocket ever. Progress continues despite the challenges of telework on this rocket that will eventually transport astronauts to the Moon &amp; Mars. https://t.co/WfnyOXVqFU
RepMoBrooks,1247553817853468679,2020-04-07 15:56:23,"Martha &amp; I made 50 face shields for local front-line medical providers. We're thankful for the many nurses, doctors, &amp; technicians who devote themselves to caring for the sick— often risking exposure to #COVID19. Their selfless actions are a credit to America! https://t.co/xefI7ZSicc"
RepMoBrooks,1246411557766074368,2020-04-04 12:17:27,"2/2: ...block these spikes and therefore make the #virus no longer infectious.”

Human trials in summer.

If effective &amp; safe, mass production begins immediately thereafter.

Good old American innovation and know-how will beat #Coronavirus &amp; #COVID19. It’s only a matter of time!"
RepMoBrooks,1246411556428165120,2020-04-04 12:17:26,"1/2

#Coronavirus good news on #FoxNews #TuckerCarlson 

Distributed Bio/Dr. Jacob Glanville: ""We've engineered neutralizing antibodies that...block the virus. [#COVID19 has] a ring of spikes...to invade human cells. We've identified a series of super potent antibodies that.. https://t.co/K1JkOYIIuT"
RepMoBrooks,1245721487270711296,2020-04-02 14:35:21,.@VP Pence is doing a great job putting America First! He paused shipping America's personal protective equipment (PPE) &amp; medical equipment overseas—equipment needed here for Americans. Keep moratorium as long as supplies needed here to fight #COVIDー19 or replenish stockpiles!
RepMoBrooks,1245719892298469383,2020-04-02 14:29:01,Thanks to @VP Pence &amp; #Coronavirus Task Force for putting America First &amp; stopping overseas shipment of America's personal protective equipment (PPE) &amp; medical equipment stockpiles. We have to take care of Americans before we help the rest of the world. https://t.co/FWFIfymzMw
RepMoBrooks,1245434720881651714,2020-04-01 19:35:51,"National defense is the #1 priority of the federal government. Despite the once-in-a-century COVID-19 pandemic, the House Armed Services Committee stands fully committed to passing the annual National Defense Authorization Act. #NDAA https://t.co/lFA0ZQ0LzP"
RepMoBrooks,1245141401010143238,2020-04-01 00:10:18,"BEWARE: The FBI, state attorneys general, &amp; other government agencies are warning Americans that emails, phone calls, &amp; texts asking for personal or financial information in order to receive coronavirus stimulus checks are scams. https://t.co/PQM6xQlpYG"
RepMoBrooks,1245140230581161984,2020-04-01 00:05:39,"RT @realDonaldTrump: 30 DAYS TO SLOW THE SPREAD
#COVIDー19 https://t.co/p9j7kZsD7b https://t.co/RSUHRfT8If"
RepMoBrooks,1245088824029577221,2020-03-31 20:41:22,Looking for a way to help in the fight against COVID-19? @fema has a website with information for people looking to make donations or volunteer. It also has a section where businesses who want to help can offer their services. See link. https://t.co/xzbtmuGerg
RepMoBrooks,1245032435328442370,2020-03-31 16:57:18,"https://t.co/cnr4mQK7FE is your one stop shop for helpful resources on #COVID19. There you'll find answers to frequently asked questions, a guide on how to prepare &amp; protect yourself, &amp; a guide on what to do if you're sick, among many other resources. https://t.co/RtH03Mxski"
RepMoBrooks,1244687374635991042,2020-03-30 18:06:09,"Now more than ever, we as Americans say thank you to the front-line medical providers who daily care for us &amp; save lives. I'm especially grateful for our TN Valley doctors who are caring for all of those suffering from #COVID19. Without them, this pandemic would be much worse. https://t.co/wmMq6hcvIP"
RepMoBrooks,1244629390367109123,2020-03-30 14:15:45,Small businesses can apply for fee-free loans to help cope with the economic downturn caused by #COVIDー19. Check out the link below to see what kinds of loans are available to small businesses. https://t.co/nR7MD2BZMg
RepMoBrooks,1243259223343083526,2020-03-26 19:31:12,"RT @jeff_poor: .@RepMoBrooks Warns Governors, Mayor, Medical Professionals Against Focusing on Coronavirus ‘to the Exclusion‘ of the Econom…"
RepMoBrooks,1242075863660847104,2020-03-23 13:08:57,Numerous constituents who are @DeptofDefense contractors tell me they need clarity on telework policies. Sent a letter encouraging @EsperDoD to enact a dept-wide telework policy for contractors regardless of a contract’s teleworking provisions while America confronts #COVIDー19. https://t.co/VcMoa5yIpI
RepMoBrooks,1241374415142739968,2020-03-21 14:41:38,"America’s #economy gives better healthcare, safer roads,  food, shelter, clothing...things that save &amp; improve American lives!

ELECTED LEADERS: balance is key. DON’T make “#coronavirus cure” worse than disease.

A collapsed economy risks more American lives than #COVID19 does. https://t.co/QujlcydDRu"
RepMoBrooks,1241061519024103424,2020-03-20 17:58:18,"RT @RedCross: Through March 18, nearly 4,500 blood drives have been canceled due to #coronavirus concerns, resulting in over 150,000 fewer…"
RepMoBrooks,1239972916365627393,2020-03-17 17:52:35,RT @ALPublicHealth: The March 17 #NewsConference regarding #COVID19 is now available #OnDemand at https://t.co/NccILcZhGn. https://t.co/Cwa…
RepMoBrooks,1239927083163410435,2020-03-17 14:50:28,RT @ALPublicHealth: State Health Officer Dr. Scott Harris will provide an update on #COVID19 in Alabama during a #NewsConference at 10 a.m.…
RepMoBrooks,1239927044861046785,2020-03-17 14:50:18,RT @ALPublicHealth: THREAD: Coronavirus Disease 2019 (COVID-19) is a rapidly evolving situation. We continue to update our website with the…
RepMoBrooks,1239242959679377410,2020-03-15 17:32:00,"Social distancing is one of the best coronavirus defenses!

Even Lake Guntersville pelicans are figuring out it is a good idea! https://t.co/LoNa4yMFyb"
RepMoBrooks,1238495449729978370,2020-03-13 16:01:40,"To help the Tennessee Valley prepare for the COVID-19 pandemic, I’ve created a page on my website with helpful resources &amp; useful information on the virus. I’ll continue to update the page as information becomes available. https://t.co/bf97xEDV7K"
RepMoBrooks,1238208022113107985,2020-03-12 20:59:31,"#Coronavirus/#COVID19 is serious. Killing #economy out of #panic &amp; #fear is DUMB &amp; DANGEROUS!

A strong economy=more money=better food, shelter, clothing, national security, HEALTH CARE &amp; LONGER LIVES!

A DESTROYED ECONOMY &amp; POVERTY KILLS MORE THAN COVID19! USA LEADERS: BE WISER! https://t.co/yJoogR11u9"
RepMoBrooks,1238173560289492993,2020-03-12 18:42:35,"TN Valley families w/ plans to visit Washington: due to the COVID-19 pandemic, many tour locations (including the U.S. Capitol) are closed. Contact my Washington office w/ questions at (202) 225-4801 or visit my website at this link for more information: https://t.co/WCd3A44aMs"
RepMoBrooks,1238098936642121729,2020-03-12 13:46:03,"3/3 #CoronaVirusUpdate (cont):

* Entire Sen. Cantwell (D, WA) staff quarantined, along with all of Commerce Committee staff.

HOUSE: ALL public Capitol tours suspended indefinitely.

*Larry Kudlow re USA economy: Economy strong but will take a hit. Protective measures coming."
RepMoBrooks,1238098934767239168,2020-03-12 13:46:03,"2/3 #CoronaVirusUpdate to Congress (cont):

* Italy:

 ** TRIAGE.  Critical health care system overwhelmed, collapsing.  If young &amp; savable, then treated. If older, sent home to live or die without adequate care.

* #COVID19 case in Senator Maria Cantwell (D, WA) office. https://t.co/pDFvNeOM9k"
RepMoBrooks,1238098929595580416,2020-03-12 13:46:02,"1/3 #coronavirus update to Congress. House physician Dr. Monahan:

* D.C. in “State of Emergency”. Crowds banned. Schools to close.

* D.C. #COVID19 cases doubled each of last 3 days.

* Italy:

  ** Entire country quarantined.

  ** 6.1% fatality rate!!! https://t.co/a4gAD4YzZR"
RepMoBrooks,1237397300416335873,2020-03-10 15:18:00,RT @yhn: Mo Brooks: Congress going into recess over the coronavirus sends the wrong message https://t.co/XMT3nfpy8z
RepMoBrooks,1237365901332295681,2020-03-10 13:13:14,RT @realtalk995: 03/10 Matt &amp; Aunie Morsel: Rep. Mo Brooks on the Coronavirus and Why He Thinks It's an Overreactio... https://t.co/hlQka07…
RepMoBrooks,1237363375912386560,2020-03-10 13:03:12,"RT @MAShow995: Right now on the @MAShow995, it's @RepMoBrooks talking about #Coronavirus, #SpaceForce, and more! Tune in at https://t.co/sD…"
RepMoBrooks,1237047492874768389,2020-03-09 16:08:00,"#coronavirus/#COVID2019 causes #Congress to consider recessing. https://t.co/YvLwm7FdOT

Yes, COVID-19 is highly contagious.  But, unless you are old or have immune deficiency, the threat is VERY low.

Congress must stand strong as America’s example not cut &amp; run like snowflakes!"
RepMoBrooks,1235607806805446656,2020-03-05 16:47:12,"#COVID19 #coronavirus Congress briefing by #CDC #DHS #NIH etc

* “Rapidly developing situation”
* 1 mill test kits made this week, 4 mill next week
* USA infection risk “very low”
* W.H.O. = REPORTED CASE fatality rate = 3.4%; USA = OVERALL fatality rate = .1% to 1%.
* Older=risk https://t.co/47nQCKAgPl"
RepMoBrooks,1233385368340303874,2020-02-28 13:36:01,"US #Capitol #coronavirus #COVID19 update by CDC FDA NIH

*90% of all USA drug content comes from China

*USA challenge is still low risk

*NO USA quarantine helpers have COVID19

*USA testing kits more available

*USA has PERFECT zero fatality record

*COVID19 NOT man-made https://t.co/Y4QZNM1GEr"
RepMoBrooks,1232759544738127872,2020-02-26 20:09:13,"Helen: #Coronavirus strain #COVID19 official USA infection count is 59. That # will increase. 

Many factors determine death rate. Some:

Disease detection ability
Disease containment (quarantine) ability
Disease treatment ability

USA ZERO deaths is GREAT! I am proud of that. https://t.co/aC9Eximnam https://t.co/zEzw9ABVc4"
RepMoBrooks,1232754299668746240,2020-02-26 19:48:23,"#Coronovirus strain #COVID19 deaths by healthcare system:

GOVT-RUN HEALTHCARE:
#China 2,715 (?) dead
#SouthKorea 12 dead
#Japan 2 dead
#Italy 12 dead
#Taiwan 1 dead

GOVT-RUN/PRIVATE OPTION COMBO:
#Iran 19 dead
#HongKong 2 dead

American healthcare: ZERO dead.

Think about it. https://t.co/T73LuhHTck"
RepMoBrooks,1227664937385910273,2020-02-12 18:45:04,"In CDC DHS NIH etc coronavirus briefing to Congress. Gist:

1 Chinese data unreliable
2 518 infected in 29 places outside China; 13 ill in USA
3 Active USA containment measures underway
4 Appears less dangerous than SARS
5 Vaccine a year+ away
6 Two deaths outside China https://t.co/dBBX8bPABK"
RepMoBrooks,1227621942603264000,2020-02-12 15:54:13,"Top 5 #Socialist Dems in #NewHampshirePrimary (#Sanders #Buttigieg #Klobuchar #Warren #Biden) ALL say “Yes, American taxpayers must be forced to pay for illegal alien health care!”

Their stances guarantee vote in Congress on #illegalalien #healthcare issue.

Where do you stand? https://t.co/NHCtoy8MAP"
RepMoBrooks,1226968590110380033,2020-02-10 20:38:02,"RT @JimBridenstine: We have a healthy spacecraft! Congratulations to the @NASA, @esa and @ulalaunch teams on a successful launch of #SolarO…"
RepMoBrooks,1224886869617520641,2020-02-05 02:46:01,".@realDonaldTrump in #SOTU: “To those watching at home tonight, I want you to know: We will never let socialism destroy American healthcare!”"
RepMoBrooks,1224859668230680576,2020-02-05 00:57:56,"Riddle.  Which came first? Iowa Democrats running elections like those in Venezuela? Or Venezuela running elections like Iowa Democrats?

And to think, Socialist Democrats want government control of healthcare, making decisions that determine whether we live or die.

Frightening. https://t.co/2H9as5q90A"
RepMoBrooks,1206604858410844160,2019-12-16 15:59:50,"NO surprise: Socialist @AOC complaining about having choices in health care. 

Socialists want you to have ZERO choice. https://t.co/D4xncMgBSR"
RepMoBrooks,1204853125938647040,2019-12-11 19:59:04,"I won’t mince words, Socialized medicine causes worse health care at higher costs with longer waits &amp; more dead Americans. Don’t fall prey to Socialists who claims Socialized medicine lowers healthcare costs or saves lives. Socialized medicine does neither. https://t.co/pX5pXy4HtR"
RepMoBrooks,1197676440285790213,2019-11-22 00:41:29,"RT @trish_regan: Tonight, lies, lies and more lies! The Dems are trafficking in conspiracy theories - creating division and effectively doi…"
RepMoBrooks,1179109265765732355,2019-10-01 19:02:10,"Today, @CMSGov's new medicare reimbursement formula goes into effect, improving on the decades old under-reimbursement problem that plagued Alabama hospitals. Thanks once again to @SeemaCMS &amp; the Trump Administration for helping our hospitals &amp; improving care! @ALhospitals"
RepMoBrooks,1177280116784803841,2019-09-26 17:53:47,"Non-impeachment related news: Socialist Dems set to pass bill today requiring @DHSgov to, within 30 DAYS, establish an electronic health record (EHR) system for illegal aliens. Meanwhile, the VA won’t have EHR for another 9 YEARS! READ IT: https://t.co/Bs3YjGYTVC https://t.co/k8yKZufhJP"
RepMoBrooks,1176161400110100480,2019-09-23 15:48:24,"#ClimateChange 

Climate change extremists today shut down Washington, blocking roads with sailboats, chains, etc. Results: more air pollution from idling cars + angry citizens going to work, school, hospitals, etc.

A reminder of past climate change alarmist errors is good. Mo https://t.co/oLFoZkpA7n"
RepMoBrooks,1175924292091076618,2019-09-23 00:06:13,America often withholds or offers $ to “encourage” desired foreign govt conduct. Bush &amp; Obama froze Iranian $ to coerce desired conduct. It is one thing to accuse POTUS of illegal conduct. It is another to have a healthy policy debate over whether POTUS conduct is good or bad. Mo https://t.co/4gwE8oLCOz
