RepRashida,1322187089174319105,2020-10-30 14:42:21,"The #PublicBanking Act would provide a much-needed financial lifeline to states and municipalities, as well as unbanked and underbanked residents, left in dire straits by the #COVID19 pandemic, especially communities of color like #13thDistrictStrong. https://t.co/OmSfRCQ3KF"
RepRashida,1321921028352839684,2020-10-29 21:05:07,"This is just my latest effort to secure our states and municipalities the #COVID19 relief funding they need from the @federalreserve. I previously introduced the Uplifting Our Local Communities Act, which would expand their access to #CARESAct funding.¬† https://t.co/2g5IiRhhrI"
RepRashida,1321921025253216256,2020-10-29 21:05:07,"Along with @RealBankReform, I'm urging the @federalreserve to support our cities and municipalities struggling in wake of #COVID19 pandemic, not corporate polluters like @MarathonPetroCo‚Äîwith 15 MI emission limit violations since 2013. More here: https://t.co/VV9UaLcE3n. https://t.co/FuKAaxPdqB"
RepRashida,1321114461730734081,2020-10-27 15:40:07,"#COVID19 has made it clearer than ever that everyone needs reliable high-speed broadband, but the #Trump @FCC just doubled down on repealing #NetNeutrality. Internet access should be a right, not a privilege. Join the fight to restore a free and open internet. #SaveTheInternet https://t.co/FmUy0e2Ehi"
RepRashida,1320818863718752258,2020-10-26 20:05:31,"TOMORROW: Rep. Debbie Dingell and I will be holding a virtual town hall on #PFAS chemical contamination and public health. Please register to join us, @MichiganEGLE, and more for this important conversation here: https://t.co/NehlJjcAtl. https://t.co/H1suedX0d9"
RepRashida,1319714583880343552,2020-10-23 18:57:30,"Holding @DHSgov accountable for its long history of abuses is a human rights, reproductive justice, and public health imperative‚Äîone that has been put on the backburner at the expense and detriment of our immigrant neighbors. #AbolishICE https://t.co/lsThQ8aQtq"
RepRashida,1318595444696621057,2020-10-20 16:50:26,"Unlike this racist, impeached President, #COVID19 does not discriminate. For all our sakes, #WearAMask. https://t.co/YQq2NbQc2u"
RepRashida,1318280229673119746,2020-10-19 19:57:53,Here are six *FREE* #COVID19 testing sites in #13thDistrictStrong. Testing is crucial to containing and mitigating this pandemic‚Äîso please help get the word out! https://t.co/1Wm78v3wNs
RepRashida,1316750247239069697,2020-10-15 14:38:17,"üì£TODAYüì£: At 5PM, join me, parents, and caregivers for tips on how we can care for our children as they get an education a during the #COVID19 pandemic. Click here for more info: https://t.co/Ouz0vm5UeM. https://t.co/k2JY4o7vSJ"
RepRashida,1316026224284561411,2020-10-13 14:41:17,"REMINDER: Non-filers have until Saturday, November 21, to register for a #COVID19 economic impact payment. Got yours? Help get the word out and make sure your family, friends, and neighbors can get the relief they need too. 
https://t.co/dKmStuBYxt"
RepRashida,1314299744248889347,2020-10-08 20:20:52,üì£IN ONE WEEKüì£: I'll be holding a virtual #townhall aiming to help parents with the challenge of helping their children as they get an education at home that the #COVID19 pandemic has forced many to face. Details here: https://t.co/f6Tc0iO86w. https://t.co/iaslRFEuUv
RepRashida,1314231718895906816,2020-10-08 15:50:33,BREAKING: Labor unions joined environmental groups to sue the Trump admin over its failure to provide #PPEforAll and #ProtectEssentialWorkers from #COVID19. Proud to stand with them in this fight they wouldn't have to wage if Trump would just do his job. https://t.co/eaiVETvw2u
RepRashida,1313937341392789511,2020-10-07 20:20:48,This is a follow-up to my and @RepBonnie's introduction of the #PAIDAct last year. Auto insurers have reaped benefits off the financial struggles of so many Americans for far too long‚Äîand it's only gotten worse amid the #COVID19 pandemic. https://t.co/onWtP1XANh
RepRashida,1313854935067496457,2020-10-07 14:53:21,"The latest evidence the House-passed Accessible, Affordable Internet for All Act is badly needed: a 
@CWAUnion report showing AT&amp;T is shamefully leaving communities behind for profit. With #COVID19 making internet access more crucial, AT&amp;T must do more. https://t.co/fEKFc7qyrJ"
RepRashida,1313504417048600583,2020-10-06 15:40:31,"#WaterisaHumanRight needed now more than ever to help prevent the spread of #COVID19.  Watch my and @RepHarley's video report calling for a national moratorium on water shutoffs and service restoration featuring @WeThePeopleDet's Monica Lewis-Patrick. 
https://t.co/PK1qCiiRa7"
RepRashida,1313483841621852162,2020-10-06 14:18:45,RT @FSCDems: #ICYMI: Committee Democrats‚Äô Legislation Included in Updated House COVID-19 Package | https://t.co/Za7dwfcWU7 https://t.co/paR‚Ä¶
RepRashida,1312054646060527616,2020-10-02 15:39:39,"Unfortunately, that Amazon has exposed workers to #COVID19 is no surprise. When @RepDebDingell and I visited their DTW1 facility last month, we were appalled by the conditions workers face. https://t.co/8tJUMs5eIm"
RepRashida,1312052608266391554,2020-10-02 15:31:33,"Amazon was grinding warehouse workers to the bone long before the #COVID19 pandemic and, since its onset, its warehouses have been ample breeding grounds for the virus‚Äînearly 20,000 cases so far!
https://t.co/945TuiURAL"
RepRashida,1311789761565282304,2020-10-01 22:07:05,I didn't hold back against a #bigpharma CEO yesterday. They heartlessly price gouge then make so-called charitable donations to look like they give a shit about sick people like #13thDistrictStrong's Lisa McRipley‚Äîbut they don't. Enough is enough of putting profits before people. https://t.co/lJvyqod52d
RepRashida,1311428944860786689,2020-09-30 22:13:20,"Wealthy real estate and hotel industry magnates are trying to weasel their way into a bailout but the answer from Congress must be a resounding no. Everyday workers who've lost jobs and #healthcare because of #COVID19 must come first.‚Äîvia the @metrotimes 
https://t.co/ALyFzZxRXD"
RepRashida,1310940118623162387,2020-09-29 13:50:55,"üö®HAPPENING SOONüö®: My colleagues on the @OversightDems Subcommittee on #CivilRights and #CivilLiberties and I are holding a hearing on the infiltration of police departments by #whitesupremacy‚Äîan epidemic that threatens the safety of us all. Tune in!
https://t.co/eN0yLD2f16"
RepRashida,1310682129118965766,2020-09-28 20:45:45,"The #TrumpTaxReturns reveal‚Äîamong many other things‚Äîthat as the deadly #COVID19 pandemic continues to ravage our nation, the impeached President is too busy scamming the American people to pay his debts. Read my full statement here: https://t.co/IzfKzxinSV. https://t.co/YTDooZZnnH"
RepRashida,1309495508986195968,2020-09-25 14:10:33,üì£ATTN #WayneCountyüì£: Do your part to #SlowtheSpread and get a free #COVID19 test in #Taylor this weekend. Details below! https://t.co/y1zfvvzt2Z
RepRashida,1309135222919888898,2020-09-24 14:18:54,"Congratulations on being named a #Time100 Leader, @NNUBonnie! Your unwavering commitments to keeping our country #UnionStrong, fighting to protect nurses throughout the #COVID19 pandemic, and #Medicare4All are truly inspiring. 
https://t.co/emXXxknEhq"
RepRashida,1308453727280529412,2020-09-22 17:10:53,"REMINDER: While the #TrumpAdmin has downplayed the severity of #COVID19, my fellow House Democrats and I have:

‚úÖ Passed the Coronavirus Preparedness and Response Supplemental Appropriations Act
‚úÖ Passed the #CARESAct
‚úÖ Passed the #HeroesAct

#ForthePeople #13thDistrictStrong https://t.co/P2BGtRWCw1"
RepRashida,1308440541860974592,2020-09-22 16:18:29,"RT @forrespect: üö®BREAKINGüö®

@RepRashida and @RepDebDingell witnessed the unsafe health &amp; safety conditions that @Amazon has in place for it‚Ä¶"
RepRashida,1308177145202704385,2020-09-21 22:51:50,.@RepDebDingell and I visited an @Amazon fulfillment center where workers have protested unsafe working conditions throughout the #COVID19 pandemic‚Äîand they called the cops on us. It'll take a lot more than than that to keep us from fighting for their right to a safe workplace. https://t.co/fx4MssNv5Z
RepRashida,1306623146863321089,2020-09-17 15:56:48,"I voted yes on #HRes908 in memory of Vincent Chin, in solidarity with my sister in service @stephanielily and in the spirit of #Detroit's Grace Lee Boggs. We must commit, as Grace did for 100+ years, to liberate our world from hate. Anti-Asian racism related to #COVID19 must end. https://t.co/Fs5tlpeARd"
RepRashida,1306275976175812608,2020-09-16 16:57:16,"The majority-Black community around FCA forced to breathe its pollution is at heightened risk for #COVID19, yet few of the potentially life-saving home repairs residents were promised have happened. https://t.co/adwPqjUBwu"
RepRashida,1305871498016686080,2020-09-15 14:10:01,"ICE is an agency rotten to its core. That they're now literally removing immigrant women‚Äôs wombs is sickening and further shows why #AbolishICE is a human rights, reproductive justice, and public health imperative. 

We can't be silent. We must stop this.
https://t.co/HxKTHU3jdL"
RepRashida,1304108794448883712,2020-09-10 17:25:40,"Despite the #COVID19 pandemic, the #TeamTlaib staff at my Neighborhood Service Centers did it! We are on a mission for meaningful change for #13thDistrictStrong residents and returned over $1.2 million to our families and communities where resources belong. https://t.co/g95uf9F9No"
RepRashida,1303743428359000072,2020-09-09 17:13:50,"The Trump Admin's failure to lead during the #COVID19 pandemic has left states with their backs against the wall when it comes to providing residents with:
üè† Rental assistance
üöå Safe public transportation
üìö Safe reopening of schools
üè¨ Small biz aid

We must #SaveOurStates."
RepRashida,1301939030381166592,2020-09-04 17:43:48,"Mask up. Get tested (for free). Do your part to stop the spread of #COVID19 and save lives, #13thDistrictStrong. https://t.co/ZcVNQnLCfx"
RepRashida,1301178987964772353,2020-09-02 15:23:40,üö®ALERTüö®: October 15 is the deadline for people who don‚Äôt normally file taxes to sign up for a #COVID19 Economic Impact Payment. Visit https://t.co/wqLhLJgTl9 for more info‚Äîand spread the word! #EIPbyOct15
RepRashida,1300853175667355648,2020-09-01 17:49:00,"Did you know in the midst of the #COVID19 pandemic, America is facing a severe shortage of poll workers? They help voters ensure their voice is heard in our democracy and many jurisdictions offer compensation for serving as one. Learn more here: https://t.co/FxZj2dLQqO. https://t.co/8uP0t24txx"
RepRashida,1300446699408822278,2020-08-31 14:53:48,Our @704afge workers are right: the Trump administration *should not* use them as guinea pigs. Their workplace safety was in question before #COVID19 so I stand with them in their demand for teleworking now until it can finally be ensured. https://t.co/ttJ6IYVQaX
RepRashida,1299078317992292353,2020-08-27 20:16:21,But they can't win the fight against food insecurity alone. This effort by @SenStabenow to get the @USDA to (finally) do its part is a prime example of the work we must all do to help ensure no child goes hungry during‚Äîor after‚Äîthis pandemic. https://t.co/CHO13w2Ef4
RepRashida,1299078314280267777,2020-08-27 20:16:20,"The #COVID19 pandemic has doubled the # of households suffering food insecurity to 1 in 5‚Äì17.4% of moms w/kids 12 &amp; under can‚Äôt afford to feed them enough. 

Thankful to @Gleaners staff for helping keep #13thDistrictStrong families fed @#Ecorse High every other Thurs from 12-3PM. https://t.co/ylwbqqi5hq"
RepRashida,1299035120515649538,2020-08-27 17:24:42,RT @theappeal: Many Americans can‚Äôt afford to pay bills during the economic downturn caused by the COVID-19 pandemic. Today on #TheBriefing‚Ä¶
RepRashida,1299012310372098048,2020-08-27 15:54:03,"HAPPENING SOON: Prior to the #COVID19 crisis, 1 in 20 households had experienced a water shutoff. Join @theappeal‚Äôs #TheBrief for a conversation about stopping them so that people are no longer forced to face this crisis without the crucial ability to wash their hands. https://t.co/VOzdRMQzfP"
RepRashida,1297607227444989955,2020-08-23 18:50:46,It's been 100 days since the House passed the #HeroesAct to fight the #COVID19 crisis. How many days must families and frontline heroes in #13thDistrictStrong and across the country suffer w/o desperately-needed support before Republicans in Congress are willing to act? Too many. https://t.co/DV9mwGi2W6
RepRashida,1296197962029240321,2020-08-19 21:30:50,"Corvias has housing contracts with colleges universities across the country, including Wayne State University in #13thDistrictStrong. @SenWarren and I are partnering to find out why they are putting profit above public health during the COVID-19 pandemic. https://t.co/4Tl2bGVKw5"
RepRashida,1292909588266852357,2020-08-10 19:44:01,"President Trump wants Americans to think his weak executive actions will turn the tide against #COVID19, but: 

‚û°Ô∏è5 million cases.
‚û°Ô∏è160,000 dead.
‚û°Ô∏è55 million first-time #unemployment claims.

Enough of his #FailureToLead. Republicans need to  negotiate with Democrats now."
RepRashida,1291464302289772544,2020-08-06 20:00:58,"Despite the #COVID19 pandemic, the @federalreserve has yet to provide adequate aid to struggling cities &amp; states the way they did big banks. It‚Äôs a travesty. I‚Äòm proud to lead this letter demanding they do so w/@RepJayapal, @RepJoeNeguse &amp; @repmarkpocan. https://t.co/KFcmwQAf5q"
RepRashida,1291389512547852294,2020-08-06 15:03:47,"Due to Republican lack of action, around 23M people nationwide could face eviction in the middle of the #COVID19 pandemic. It‚Äôs time to pass Chair @RepMaxineWaters‚Äô emergency housing bill to create a $100B rental assistance fund and extend the eviction moratorium. #RentReliefNow https://t.co/ofcNt1wVLX"
RepRashida,1291046791136215040,2020-08-05 16:21:56,"Under the intensified lockdown in Kashmir pursued as a result of #COVID19, the continued detention of political prisoners and civilians, including children and the ailing, is all the more egregious and must be stopped."
RepRashida,1291046789982781441,2020-08-05 16:21:55,"#OTD one year ago, India made the unfortunate decision to revoke #Article370 and robbed the Kashmiri people of their self-governance and basic civil liberties. I condemned the decision then and now, in the midst of the global #COVID19 pandemic, I am reaffirming that condemnation."
RepRashida,1290674352929804289,2020-08-04 15:41:59,"üá∫üá∏It‚Äôs #ElectionDay, Michigan!üá∫üá∏
Please remember to #MaskUp and practice social distancing if you‚Äôre voting in person or dropping off an absentee ballot.

Find your polling place or clerk‚Äôs office here: https://t.co/JOjAFwtPxl. Stay safe and happy voting!"
RepRashida,1289319328995659777,2020-07-31 21:57:37,"RT @RepJayapal: More than 27 million people have lost health care during this pandemic. While we continue the fight for Medicare for All, @‚Ä¶"
RepRashida,1288570336171220996,2020-07-29 20:21:23,"RT @RepChuyGarcia: No one should be kicked out of their home during this pandemic. 

@RepEspaillat and I led 41 @HouseDemocrats in a letter‚Ä¶"
RepRashida,1288196143307010050,2020-07-28 19:34:28,"RT @theappeal: WHAT WILL FEDERAL COVID-19 RELIEF LOOK LIKE? As Congress struggles to pass a new relief package, @RepRashida joins #TheBrief‚Ä¶"
RepRashida,1287841621531217920,2020-07-27 20:05:44,"#TeamTlaib was out at Joy Plaza with a #13thDistrictStrong community group shredding documents, signing people up for #COVID19 testing, distributing free masks, helping residents get DTE assistance, and more! Remember: we‚Äôre here for you during this pandemic. https://t.co/w3mhYmKqWm"
RepRashida,1286305636485959680,2020-07-23 14:22:16,"Acting on #ClimateChange means protecting our landscapes, clean water, clean air &amp; healthy green spaces. That‚Äôs why I also voted for the Great American Outdoors Act yesterday‚Äîto fully #FundLWCF, protect #PublicLands &amp; expand recreation access for all Americans. https://t.co/Hb5QQJC1nc"
RepRashida,1285983225198850048,2020-07-22 17:01:07,RT @RepPressley: Racism is a public health crisis.
RepRashida,1285690318789255176,2020-07-21 21:37:13,RT @RepAndyLevin: #MaskUpMichigan https://t.co/osuhyfPyCL
RepRashida,1285690263592214528,2020-07-21 21:37:00,"RT @RepDebDingell: Wear your mask, stop the spread. #MaskUpMichigan https://t.co/BFFHUCgZ4H"
RepRashida,1285632064503664642,2020-07-21 17:45:44,"FACT: The more people who #maskup, the more reduced everyone‚Äôs risk for #COVID19 infection is. Stay safe. Keep your community safe. #MaskUpMichigan. https://t.co/R7ELbrj67D"
RepRashida,1283517095423033344,2020-07-15 21:41:36,TOMORROW: Join #MI Secretary of State @JocelynBenson and I for a virtual #townhall on what you need to know to exercise your right to vote during the #COVID19 pandemic here: https://t.co/RZc9u26Rwz. It starts at 5PM. Don‚Äôt miss it! https://t.co/lNyFydCzt6
RepRashida,1283115885251588097,2020-07-14 19:07:20,"#COVID19 testing remains critical during this pandemic. Tomorrow, get drive-thru and walk-up testing at the #RiverRouge Fire Department from 1-5PM. Details below! https://t.co/YB6hwUBglf"
RepRashida,1280625991283380225,2020-07-07 22:13:23,TOMORROW: Join me and @SBA_Michigan for a #13DistrictStrong #smallbusiness virtual #townhall. I want to make sure they‚Äôve got the resources they need during this #COVID19 pandemic. Participants must register to receive instructions on how to join here: https://t.co/ysRyZvWQXD. https://t.co/2VEWvCOPlO
RepRashida,1278716881466089472,2020-07-02 15:47:16,"üì£#COVID19 TESTING AVAILABILITY ALERTüì£: St. Stephen AME Church in #Detroit is offering mobile testing NEXT FRIDAY, July 10, from 11AM-3PM. More info below. #StaySafe https://t.co/CuDch5sJ43"
RepRashida,1278327168372596736,2020-07-01 13:58:41,Our local communities are on the fronline of stopping the spread of #COVID19‚Äîbut they were already struggling before this pandemic. It‚Äôs time to grant them adequate relief aid. Read about this much-needed bill‚Äîcosponsored by 14 of our colleagues‚Äîhere: https://t.co/2g5IiRySjg.
RepRashida,1278327166678130688,2020-07-01 13:58:41,"To ensure the @federalreserve helps our states, cities, and townships as aggressively as it‚Äôs helped big banks and airlines, @RepJoeNeguse and I introduced the Uplifting Our Local Communities Act, requiring it to expand access to #CARESAct #COVID19 relief funding they need."
RepRashida,1278155579303907332,2020-07-01 02:36:51,"RT @RepPressley: When it comes to coronavirus, we can‚Äôt forget about our most vulnerable. 
 
Prisons are incubators for COVID-19. We must p‚Ä¶"
RepRashida,1276541207372537859,2020-06-26 15:41:55,ICYMI: I spoke with @guardian's @edpilkington about my Dismantle Mass Incarceration for Public Health Act. Congress must act to prevent the #COVID19 pandemic from being a death sentence for incarcerated individuals‚Äîtoo many have been lost already. https://t.co/bYlzSOWZYg
RepRashida,1275855262625280003,2020-06-24 18:16:13,"Testing saves lives. It‚Äòs that simple. President Trump‚Äôs effort to slow down #COVID19 testing is a threat to Americans nationwide.
 
The LAST thing we need right now is a testing slowdown. The Senate must pass the #HeroesAct to ensure coronavirus testing is available nationwide! https://t.co/h0cuNus1p3"
RepRashida,1275818599882665989,2020-06-24 15:50:32,"RT @MichiganHHS: Do your part to slow the spread of #COVID19 by wearing a mask or cloth face covering in public spaces, keeping at least 6‚Ä¶"
RepRashida,1275486011829760003,2020-06-23 17:48:57,"üì¢ALERTüì¢: The deadline for #SmallBiz owners to apply for the @SBAgov #PaycheckProtectionProgram is coming up! Don't miss your opportunity to get the #COVID19 relief you need. For more info and to apply for the forgivable loan, visit https://t.co/yhGWzt4SmE today! https://t.co/t08O36PXRH"
RepRashida,1275167527128100864,2020-06-22 20:43:24,"Live in the #RiverRouge area and want a #COVID19 test? Details below for where to get one and help keep you, your loved ones, and our #13thDistrictStrong community safe. https://t.co/vXVtLESpdq"
RepRashida,1273737878095396864,2020-06-18 22:02:29,This landmark bill that *10 of our colleagues* cosponsored would prevent this pandemic from being a death sentence for them. Read all about it here: https://t.co/7TrCaZimle.
RepRashida,1273737876711366658,2020-06-18 22:02:29,"Ahead of #JUNETEENTH2020, @RepPressley, @RepBarbaraLee, and I have introduced the Dismantle Mass Incarceration for Public Health Act. Too many Black and Brown Americans in prisons across America are not only being denied freedom, they're being unnecessarily exposed to #COVID19. https://t.co/IW9mzxe8An"
RepRashida,1273618211192352768,2020-06-18 14:06:58,AT NOON TODAY: Please join this important @theappeal #TheBriefing on how our nation's long-standing problem of mass incarceration is fueling the #COVID19 pandemic. https://t.co/ChEnX2BQXw
RepRashida,1273310723033010177,2020-06-17 17:45:07,"Michigan and #13thDistrictStrong's future starts with you taking 10 minutes to #BeCounted and complete the #2020Census at https://t.co/EU0f280Di4. It‚Äôs the opportunity to make a 10-year impact on community funding for health care, education, road repairs, and more! #CountMeIn https://t.co/3w7NC2ivlL"
RepRashida,1273011719950880768,2020-06-16 21:57:00,"Charter schools have decided that at a time when many are in dire need of #COVID19 relief, ‚Äúthat they are businesses, applying for aid even as they continue to enjoy funding from school budgets, tax-free status...‚Äù  https://t.co/9qtZrYI82p"
RepRashida,1272552691550437377,2020-06-15 15:32:59,"Many of our transgender neighbors, especially Black trans women continue to be harmed and murdered. And the Trump Administration just took away health care protections for transgender folks. The fight is not over but justice is on our side."
RepRashida,1272552690287968257,2020-06-15 15:32:58,"One of the cases decided today was brought by Aimee Stephens who was a #13thDistrictStrong resident before passing away in May. May we remember Aimee's fight and courage to help bring fairness and equality.
https://t.co/ItSRJw0ahb"
RepRashida,1270809152642666496,2020-06-10 20:04:47,"Testing for #COVID„Éº19 is crucial to knowing:
‚û°Ô∏èwhere the virus is/where it's going
‚û°Ô∏èwho has had it
‚û°Ô∏èwho needs to be quarantined 

So here‚Äôs some #Detroit and #WayneCounty testing sites for #13thDistrictStrong residents. Please share! https://t.co/w7qsvW9bjx"
RepRashida,1270757840299397120,2020-06-10 16:40:53,"Prior to the #COVID19 pandemic 47.5% of renter households were cost-burdened (paying 30%+ of their income).  Now, millions of renters are at risk of eviction and need help to stay in their homes. 

Tune in as my fellow @FSCDems and I discuss solutions: https://t.co/KBh0UtZ69s"
RepRashida,1270714969152077828,2020-06-10 13:50:32,"RT @RepPressley: We cannot allow our students and educators to pay the price for the economic crisis caused by #COVID19. 

That‚Äôs why @RepR‚Ä¶"
RepRashida,1269040024240025600,2020-06-05 22:54:54,"ICYMI: @RepJahanaHayes, @RepPressley, and I teamed up to lead 111 of our colleagues in a historic $305B funding push for K-12 schools in the wake of the #COVID„Éº19 pandemic. We must prevent it from leaving a generation of children undereducated and trapped in a cycle of poverty. https://t.co/efPeED6I62"
RepRashida,1268304870445969408,2020-06-03 22:13:39,"TOMORROW: Please join me and special guests @Rep_CAJohnson and @MsMarySheffield for a virtual #townhall updating #13thDistrictStrong on the #COVID„Éº19 response at 5:30PM. Don't miss it!
üìû: (855) 962-1056
üë©‚Äçüíª: https://t.co/RZc9u26Rwz https://t.co/9QgQWtXX7l"
RepRashida,1266492397002690560,2020-05-29 22:11:32,THIS WEEKEND: @MichiganHHS is offering *FREE* drive-through #COVID19 testing at the Westland Mall. Details below. #slowthespread https://t.co/cwdUua3wJ4
RepRashida,1266399097247821829,2020-05-29 16:00:47,".@RepAOC, @Ilhan, @RepJayapal, @RepChuyGarcia, @RepPressley, and I are urging House leadership to include a public banking option for state and local governments in the next #COVID„Éº19 relief bill. https://t.co/AGJhl58Jfx"
RepRashida,1266124626750574592,2020-05-28 21:50:09,"Watch below to hear from @RepHarley, @SenWhitehouse, and others on key actions by the @EPA over the past several months that harm public health and endanger our #RighttoBreath in #13thDistrictStrong and beyond. https://t.co/ZDg3AaHqwv"
RepRashida,1265701288966098945,2020-05-27 17:47:57,"#COVID19 RESOURCE ALERT: Church of the Madonna @ 1125 Oakman Blvd in Detroit gives away food every Wed beginning @ 10AM‚Äîbut no one‚Äôs been coming! This could cost them funding so please spread the word: drive up, pop your trunk, give your zip code, and get a box of food. https://t.co/AFeeS7EkxW"
RepRashida,1265307239360999429,2020-05-26 15:42:08,RT @cspan: House @OversightDems @GOPoversight Cmte Member briefing with @HHSGov Inspector General Christi Grimm on Administration's Coronav‚Ä¶
RepRashida,1263536725848195074,2020-05-21 18:26:45,"WATCH: I'm with @ACCESS1971 &amp; @waynestate, who've been doing mobile testing across #13thDistrictStrong. Support for efforts like theirs is critical in the fight to save lives during the #COVID19 crisis. That's why @HouseDemocrats &amp; I put $75B into expanding it in the #HeroesAct. https://t.co/WjftiJ84Nc"
RepRashida,1261072742545272836,2020-05-14 23:15:46,"Proud to have @RepLawrence, @RepDebDingell, @RepAndyLevin, @RepDanKildee, &amp; @RepHaleyStevens join me in this letter to Kroger leadership. Our message is clear - you can‚Äôt end Hero Pay when your heroes are still on the front lines. #COVID19 https://t.co/BpvpqOOgnt"
RepRashida,1261061347908952064,2020-05-14 22:30:29,"The bottom line is if you‚Äôre open for business during the #COVID19 pandemic, you have to protect your workers. 
https://t.co/K26Ah14XVO"
RepRashida,1260948699791925248,2020-05-14 15:02:51,We need to be laser focused on saving lives &amp; our local hospitals are critical in serving our sick neighbors. I've been fighting for the #COVID19 aid those in #13thDistrictStrong need‚Äîand @HHSGov has awarded them nearly $300M. More here: https://t.co/0gyPaSflBD. #InThisTogether https://t.co/6giwqt7iH0
RepRashida,1260658724051415041,2020-05-13 19:50:36,FACT: Oil and gas companies ‚â† small businesses or local governments deserving of federal aid during the #COVID19 crisis. That's why @SenJeffMerkley and I sent this letter to @federalreserve Chair Powell opposing the agency's egregious attempt to bail them out with taxpayer $. https://t.co/fqVnRIBR4I
RepRashida,1260226738170273793,2020-05-12 15:14:02,"üö®ALERTüö®: You have until 12P TOMORROW to submit your bank information and get your #COVID19 relief payment via direct deposit. If you miss this deadline, you'll have to wait for a check via mail. Don't let that happen. Visit https://t.co/yOECKF26gS today!
https://t.co/1HJEpi6nMY"
RepRashida,1259888276820955136,2020-05-11 16:49:07,"RT @MomsRising: Join the We Demand More coalition, @RepRashida &amp; @WeBuildProgress on Weds, 5/13 6:30p ET as we discuss #COVID19‚Äôs dispropor‚Ä¶"
RepRashida,1258892662612123649,2020-05-08 22:52:54,"This week, we celebrate, thank, and uplift our heroes in scrubs. This pandemic has shown us that our nurses are truly special. We must do everything we can to protect them and provide them the resources they need to save lives. Nurses, I've got your back! #NationalNursesWeek https://t.co/5LvaMJVV7Z"
RepRashida,1258867538039054336,2020-05-08 21:13:04,"These organizations are willing and ready to help you and your family
get through the #COVID19 crisis with food, utility, rent, mortgage, general info, and other types of assistance. Visit their websites below or https://t.co/vQol4z0kul for a comprehensive list. #InThisTogether https://t.co/MEUbHF2k8q"
RepRashida,1258798019492839424,2020-05-08 16:36:49,"RT @theappeal: On ‚ÄòThe Briefing,‚Äô Rep. @RashidaTlaib makes the case for providing Americans with guaranteed monthly income during COVID-19:‚Ä¶"
RepRashida,1258459784182992896,2020-05-07 18:12:48,"Americans across the country are stepping up to help one another for the common good. @BeaumontHealth has taken a step in the right direction, but they need to fully #ReopenBeaumont and #ProtectAllWorkers on the frontlines with a safe work environment and paid leave policies. https://t.co/bc8FcrS60C"
RepRashida,1258404125823455233,2020-05-07 14:31:38,"Bottom line: As we continue to respond to the #COVID19 crisis, we must always put people‚Äîespecially our frontline workers‚Äîfirst.  The billionaires *do not* need our help, especially when they don‚Äôt seem interested in helping the rest of us."
RepRashida,1258404098870857729,2020-05-07 14:31:31,".@QuickenLoans is offering residents mortgage forbearance options that are not tenable given the unprecedented economic turbulence caused by #COVID19. 

Last month, I sent this letter asking them to document and explain those forbearance options‚Äîand haven‚Äôt received a response. https://t.co/K9PyHL4JuM"
RepRashida,1257777384016789504,2020-05-05 21:01:11,"This #GivingTuesday, we‚Äôre hosting a virtual #townhall on connecting #13thDistrictStrong families with some of the outstanding local organizations who can help them get through the #COVID19 crisis. Please join us in 30 minutes! https://t.co/crNUMY4bZH"
RepRashida,1257763885605695497,2020-05-05 20:07:33,"RT @theappeal: In Detroit, thousands of families without reliable access to running water are especially vulnerable to COVID-19. Today on ‚Äò‚Ä¶"
RepRashida,1257723170058108928,2020-05-05 17:25:45,"This heartbreaking effect on workers and communities in #13thDistrictStrong and across the country is why I'm fighting in every way I can to secure state, territory, and local #COVID19 relief. Read more about my efforts here: https://t.co/K800mxLEtY ‚Äîvia @FSCDems"
RepRashida,1257723168430723072,2020-05-05 17:25:45,"As Congress works on another #COVID19 relief package, headlines like this make it abundantly clear that state and local government aid must be a critical focal point if we are going to make it through this. https://t.co/r4PrB4Mk6z"
RepRashida,1257675952173330432,2020-05-05 14:18:08,üö®ALERTüö® Today is the *last day* for #SSI and #VA beneficiaries to claim $500 stimulus checks for their dependents using the #IRS non-filers tool here: https://t.co/rcUrBgGsFx. Don‚Äôt miss your chance to get the #COVID19 relief payment you need! https://t.co/i4wHgY6xxs
RepRashida,1257448707760537602,2020-05-04 23:15:08,"TOMORROW: Please join me and #13thDistrictStrong based organizations providing resources to our neighbors for a virtual #townhall. Staying engaged and informed is how we‚Äôll help save lives during the #COVID19 crisis. Details below!

üìû: (855) 962-1056
üë©‚Äçüíª: https://t.co/RZc9u1PgF1 https://t.co/tY1EzFxcba"
RepRashida,1257287268190085120,2020-05-04 12:33:38,"RT @FSCDems: ICYMI: @RepRashida leads legislative effort to support state, territory, &amp; local governments during COVID-19 crisis. See detai‚Ä¶"
RepRashida,1256599327994191872,2020-05-02 15:00:00,"Hey, #13thDistrictStrong! Please join me for a tele- #townhall on connecting families to programs and services that will help get them through the #COVID19 crisis next Tuesday, May 5, at 5:30PM. 

üìû: (855) 962-1056
üë©‚Äçüíª: https://t.co/RZc9u1PgF1 https://t.co/AOwSNKv7Ee"
RepRashida,1256338034691198977,2020-05-01 21:41:43,"SIGN UP: Every week, #TeamTlaib gathers and shares the latest info on available resources, legislation, tele-#townhall invites, and so much more. The #COVID19 crisis makes it even more important that you don't miss an update. Visit https://t.co/EQQiR1AC5m to sign up today! https://t.co/dNCWppYgCG"
RepRashida,1256279566965977093,2020-05-01 17:49:23,"On this #MayDay, we are seeing essential workers demand more during the #COVID19 crisis. If our reliance on them‚Äîand how they've risen to the occasion‚Äîhas taught us anything, it's that they deserve better. That's why I'm so proud to stand with workers today and every day. https://t.co/Ndx519Ly7e"
RepRashida,1255512469474291712,2020-04-29 15:01:13,"ICYMI: Here are some #WayneCounty drive-through #COVID19 test locations and testing criteria established by the Michigan Department of Health. Please know I will keep working to bring you the information you need, #13thDistrictStrong. #InThisTogether https://t.co/Dy5EMJ5ExI"
RepRashida,1255178521271566336,2020-04-28 16:54:14,"RT @theappeal: Join @theappeal, @nowthisnews, and @RepRashida live for our new show, ‚ÄòThe Briefing,‚Äô discussing how COVID-19 is affecting A‚Ä¶"
RepRashida,1255145920972288001,2020-04-28 14:44:41,"IN 2 HOURS: Join the 1st episode of The Briefing to discuss policy &amp; politics during the #COVID19 crisis‚Äîbrought to you by @nowthis &amp; @theappeal. We‚Äôll be talking about monthly cash payments, the next stimulus package &amp; more. Watch live here at 12:45 ET: https://t.co/mfxAj0jk3V https://t.co/jtruBNTEF2"
RepRashida,1254860857852346368,2020-04-27 19:51:57,".@WayneMetroCAA is implementing new CARES Relief and Recovery Services to help MI communities like #13thDistrictStrong struggling with the #COVID19 crisis, including water and energy assistance and food and income support. More info below and here: https://t.co/D9sT0VQGAk. https://t.co/JmbgLdzHOn"
RepRashida,1254812613877338112,2020-04-27 16:40:15,"WATCH: I joined @amjoyshow to talk the economic, racial, and environmental disparities exposed by the #COVID19 crisis that have always existed in the U.S., but now can no longer be denied. Thanks to @JoyAnnReid and team for having me! https://t.co/NuddfLF1rU"
RepRashida,1253830138560724997,2020-04-24 23:36:14,"‚ÄúTwo-fifths of the country rely on water utilities which have not suspended the policy of shutoffs for non-payment.‚Äù 

In the richest country in the world, no household should be forced to go without access to clean water in a pandemic. #WaterIsAHumanRight
https://t.co/kZJjZzvqyY"
RepRashida,1253695535283871746,2020-04-24 14:41:22,"Through #Ramadan and this global pandemic, Muslim and Arab Americans need unhindered access to financial services more than ever. Here‚Äôs just one example of the difference it could make: the ability to raise and disperse $500K in #COVID19 relief funds. https://t.co/hbEZ7XSYUN"
RepRashida,1253465182006894592,2020-04-23 23:26:02,Read my full statement on the $484 billion #COVID19 relief package the House just passed here: https://t.co/LkjQEdiHrp. https://t.co/ZCc1cklQUz
RepRashida,1252997700620075008,2020-04-22 16:28:26,"For the people of #13thDistrictStrong, fighting for the right to breath and against corporate polluters in their backyard, every day is #EarthDay. That's why I won't stop calling to #ActOnClimate. We want a healthy Earth for all not just for a day, but for generations to come. https://t.co/1A3Q6pALFi"
RepRashida,1252625701028745216,2020-04-21 15:50:14,"‚ö†Ô∏èALERT‚ö†Ô∏è:  Social Security, survivor or disability, and Railroad Retirement recipients need to *act by noon Wednesday, April 22* to add $500 per eligible child to their #COVID19 Economic Impact Payment. Don't wait. Use the non-filer tool here: https://t.co/rcUrBgGsFx. https://t.co/vAZ5Xoy3WQ"
RepRashida,1252313205696757761,2020-04-20 19:08:29,The news that #13thDistrictStrong has lost a child to #COVID19 is devastating. My condolences go out to the Herbert family and the community robbed of the light Skylar was. Much is unknown about #COVID19 and we must provide as much as possible for the protection of our community. https://t.co/A8E9rJIYVm
RepRashida,1251251934339661825,2020-04-17 20:51:22,"Here's just some of what I've accomplished for you this past week, #13thDistrictStrong. Read more about these landmark pieces of legislation and other important efforts to secure the resources our community needs to get through the #COVID19 crisis here: https://t.co/46cRMZzFlj. https://t.co/25t1trdVdR"
RepRashida,1251160119095648259,2020-04-17 14:46:32,"Here's a message from the Moms in the House Caucus: #StayHomeStaySafe. As difficult as it may be, social distancing and staying home are pivotal in the fight to save lives in the fight against #COVID19. https://t.co/Er0ri03XeV"
RepRashida,1250814920922411010,2020-04-16 15:54:50,"Thanks to @RepChuyGarcia, @RepHastingsFL, @EleanorNorton, @RepAOC, @Ilhan, @RepPressley @RepBobbyRush, @janschakowsky &amp; @NydiaVelazquez for joining the effort to get the #ABCAct passed, cushion the blow of the #COVID19 crisis &amp; chip away at economic inequality."
RepRashida,1250813086937858050,2020-04-16 15:47:33,Democrats fought hard for direct #COVID19 relief payments to everyone in need but it's clear many were left out. We need recurring payments *for all*. That's why @RepJayapal and I are introducing the #ABCAct. Read more about this landmark legislation here: https://t.co/ySSUZCnquZ https://t.co/WBJ6orX9WF
RepRashida,1250440648412393472,2020-04-15 15:07:37,"The stakes are too high to shortchange small businesses during the #COVID19 crisis. @senatemajldr‚Äôs #SmallBizRelief bill would do just that, leaving the most vulnerable small businesses out to dry. My @housedemocrats colleagues &amp; I will keep fighting for a comprehensive solution. https://t.co/ug469XuWAG"
RepRashida,1250190882923581442,2020-04-14 22:35:08,"TOMORROW: I‚Äôll be holding a tele- #townhall on understanding and navigating expanded #unemployment benefits and leave policies during the #COVID19 crisis with special guests from Michigan #UIA and @SugarLawJustice. Please join us!

üìû: (855) 962-1056
üë©‚Äçüíª: https://t.co/RZc9u1PgF1 https://t.co/4aZOuzG1f1"
RepRashida,1250106491236945922,2020-04-14 16:59:48,"Our local firefighters, our local police, and those at the local government level have been saying, 'you can't leave us out of any relief packages.' It's why I'm fighting to ensure *no one* gets left behind in the next #COVID19 relief package.
https://t.co/kQ2kkFKm6j"
RepRashida,1249811938982465537,2020-04-13 21:29:21,Don‚Äôt delay so your individual and/or child #COVID19 payments aren‚Äôt delayed. More guidance from @SocialSecurity below. You can also visit https://t.co/gyV3TyNy8O. https://t.co/P6ZSLtx3v9
RepRashida,1249779878406340614,2020-04-13 19:21:57,"If you don't usually file a tax return, submit your information via this free online form to make sure you get your #COVID19 relief payment: https://t.co/s2F86pcyJq. ‚Äî via @IRSnews https://t.co/RicV6sFkX5"
RepRashida,1249700802656116737,2020-04-13 14:07:44,"As of today, Michigan‚Äôs self-employed workers, gig workers, 1099-independent contractors and low-wage workers affected by #COVID19 can now apply for federal Pandemic #Unemployment Assistance (PUA). Please visit https://t.co/sYa3wA2Bqr to apply. https://t.co/kNK6gsH9R2"
RepRashida,1248681942100447234,2020-04-10 18:39:09,"Prior to the #COVID19 crisis, 1 in 20 households had experienced a water shutoff. We cannot leave them to face this crisis without the crucial ability to wash their hands. That's why I introduced the Emergency Water is a Human Right Act with @RepDingell today. https://t.co/kPd75Ygkda"
RepRashida,1248379400912957441,2020-04-09 22:36:57,"Some of the most at-risk are the many low-income Americans working as essential employees in grocery stores, hospitals, and elsewhere, risking their lives to provide for their families. https://t.co/xjn7UnqlVS"
RepRashida,1248379398585110535,2020-04-09 22:36:57,"Thanks to @RepPressley, @RepRaskin, @repcleaver, @RepEscobar, @Ilhan &amp; @RepAOC for joining me in leading this bicameral push for recurring, direct payments to the most at-risk in the next #COVID19 response bill. We must ensure they're able to meet their basic needs through this. https://t.co/9rctjHcOBP"
RepRashida,1248301333494607873,2020-04-09 17:26:44,"Haven‚Äôt filled out the #Census2020 yet? Want to help your community access resources for hospitals üè•, schools üìí, and infrastructure üöÖ?

Then respond now at https://t.co/EU0f27J2qw or be on the lookout for paper forms being mailed this week! #GetCounted https://t.co/d1zaN3YuCJ"
RepRashida,1247959272291471360,2020-04-08 18:47:31,"But don't take it from us. Here's #13thDistrictStrong's very own @Inkster_MI Fire Chief Hubbard on his dept's struggle: 

""This pandemic has put us between a rock and a hard place, we cannot afford to continue financing our 5 new firefighters and we cannot afford to lose them."""
RepRashida,1247959269053513728,2020-04-08 18:47:30,.@SenGaryPeters and I have rallied members of the Michigan delegation in support of our firefighters in our state and across the country. Read the letter we sent @fema urging them to waive cost-sharing requirements for departments relying on grants to help fight #COVID19: https://t.co/F6UE8AFTuo
RepRashida,1247904152966950912,2020-04-08 15:08:29,"Trump is now blaming the @WHO for his disastrous #COVID„Éº19 response. Yes, it needs to do more. That‚Äôs why I‚Äòve pushed to increase its funding, as he should instead of threatening to withold it. We cannot make it through this crisis without their help.
https://t.co/8cmM5ad2M9"
RepRashida,1247587896938373135,2020-04-07 18:11:48,Health care workers in #13thDistrictStrong and around the world continue to fight on the frontlines of the #COVID19 pandemic with a bravery and dedication we should all be in awe of. Let us celebrate and commit to supporting them this #WorldHealthDay‚Äîand every day long after. https://t.co/Ph7ef4oYRX
RepRashida,1247281081772056580,2020-04-06 21:52:37,A cornerstone of my work since the onset of the #COVID19 pandemic has been centered on making sure our state and local governments are provided economic relief in much the same way big banks were during the Great Recession. https://t.co/mj1r3LF39O
RepRashida,1247184907153092608,2020-04-06 15:30:28,"Our seniors are among the most vulnerable in the #COVID19 crisis. Please help us make sure they're aware of meal delivery and check-in call services that'll help keep them safe and well through this difficult time. 

They can sign up here: https://t.co/VtfJX0OVS4. https://t.co/eTsAR1vnPC"
RepRashida,1246180023783981056,2020-04-03 20:57:25,"Every day of this crisis, I'm going to be working to keep you updated and to secure the resources our community needs, #13thDistrictStrong. Here's just some of what I did this week. Visit¬†https://t.co/tHAA6cCW4q¬†for more info. #COVID19 https://t.co/HDyLdys5MJ"
RepRashida,1245756972395356168,2020-04-02 16:56:21,Frontline @TSA employees at @DTWeetin have bravely continued to report for duty during the #COVID„Éº19 pandemic‚Äîbut the agency's efforts to protect them have been insufficient. Read the letter @RepDebDingell &amp; I sent to @TSA_Pekoske asking it safeguard their health &amp; wellbeing: https://t.co/DV6TSAeOW5
RepRashida,1245448746223140870,2020-04-01 20:31:35,"Hey, #13thDistrictStrong! Here‚Äôs a special #CensusDay message from the Tlaib family to you reminding you not to miss your chance to ensure our community receives critical funding for hospitals, schools, and more. Fill out your #2020Census TODAY at https://t.co/EU0f27J2qw. https://t.co/1JByL6wUwn"
RepRashida,1245352931005730817,2020-04-01 14:10:50,"Over 2,000 Michigan companies are looking to fill immediate vacancies to support work during the #COVID„Éº19 pandemic. To search and connect to these job openings, visit https://t.co/AwOEEnhLid. https://t.co/TpXNC1TFpI"
RepRashida,1245096250304802816,2020-03-31 21:10:53,"The #COVID„Éº19 crisis, when our #healthcare system is overloaded &amp; our public health resources are strained, is the wrong time for the @EPA to retreat from its environmental protection duties. Read the letter @RepAndyLevin &amp; I led MI lawmakers in sending to @EPAAWheeler below: https://t.co/rC6kzs9pvR"
RepRashida,1244740620557705218,2020-03-30 21:37:44,"TOMORROW: New developments in the #COVID„Éº19 pandemic means new news to share, questions, and concerns. That's why I'll be hosting another telephone #townhall for you, #13thDistrictStrong. https://t.co/L2uuU2YAaD"
RepRashida,1243651509117583360,2020-03-27 21:30:00,"I am honored to show my support for our trans neighbors. Trans people, especially those of color, are vulnerable to being denied health care due to discrimination during the #COVID19 crisis, so let's remember: an injustice to anyone must be fought against. #TransVisibilityDay https://t.co/UGgzZ9Ee1z"
RepRashida,1243607384380985344,2020-03-27 18:34:40,"Just wanted to send a quick message to you all. We passed the #CARES Act, but more is needed. Recurring payments, water shutoff prohibition, and more support for state and local governments. #COVID19 https://t.co/RJGHs7hlnX"
RepRashida,1243592976225521677,2020-03-27 17:37:25,"We also need to immediately implement a water shutoff prohibition, which 80 members of the House supported in a letter I led with @RepDebDingell and @RepDanKildee to House leadership, especially during a time where hand washing is essential in preventing the spread of COVID-19. https://t.co/Tpy2TNqoku"
RepRashida,1243552154847240192,2020-03-27 14:55:12,"The #COVID19 pandemic hasn‚Äôt changed the fact that workers have rights. If you or someone you know have not been given the required sick leave, you can file a complaint with the @USDOL at 1-866-487-9243. https://t.co/TXx1LZ2NI3"
RepRashida,1243300295985319943,2020-03-26 22:14:24,"Any #COVID„Éº19 relief bill Congress passes must mandate the @federalreserve save state and local governments from financial collapse. The last time we left it up to them, they failed us all. Read the letter @RepPressley, @RepAOC, and I sent to House leadership about this below: https://t.co/1kUiGABMtU"
RepRashida,1243234645828947970,2020-03-26 17:53:32,"These are the heroes of the #COVID19 crisis, working tirelessly to keep food on our tables, our communities safe, our neighbors healthy, and so much more. While no words can truly express our gratitude, let's give them thanks for all they do today and every day. #ThankfulThursday https://t.co/LISdPiL5FV"
RepRashida,1243186318345211904,2020-03-26 14:41:30,üì£ATTNüì£ Are you a supplier or provider of personal protective equipment and/or medical supplies and want to help those responding to the #COVID„Éº19 crisis? @MEDC's Pure Michigan Business Connect wants to hear from you: https://t.co/kFeddm1tq4
RepRashida,1242926319182233604,2020-03-25 21:28:21,"70+ members joined @RepDebDingell, @RepDanKildee, and I in urging water shutoff relief for people, not just small businesses, as proposed by the Senate.

#WaterisaHumanRight needed now more than ever to help prevent the spread of #COVID„Éº19.  More here: https://t.co/Qb8LSvGOPQ. https://t.co/CVnShlw2TP"
RepRashida,1242889207749783552,2020-03-25 19:00:53,"The need for many of our neighbors to file for unemployment has risen to historic levels in the wake of the #CODVID19 pandemic. For more info or to apply, visit https://t.co/AqgWqdn7ck. https://t.co/Qe5vUPgkfs"
RepRashida,1242847324755369994,2020-03-25 16:14:27,"Behind every #COVID„Éº19 statistic is a real person. Marlowe was a father, son, husband, and loved by so many of our neighbors in Detroit. Praying his family and those whose lives he touched find the strength they need to get through this difficult time. https://t.co/NGa2PenuVE"
RepRashida,1242837829560000513,2020-03-25 15:36:44,"RT @RepPressley: Today, @RepRashida &amp; I are introducing the Public Health Emergency Shelter Act, legislation to support people experiencing‚Ä¶"
RepRashida,1242522641946357763,2020-03-24 18:44:17,"I‚Äôm going to do everything I can to get you the information you need during this difficult time, #13thDistrictStrong. Here‚Äôs some important info from @MichiganHHS, including a #COVID„Éº19 hotline: https://t.co/tB59FS6Zfv"
RepRashida,1242519276931645445,2020-03-24 18:30:55,"19K+ people right here in #13thDistrictStrong have health coverage through the Marketplaces created by the #AffordableCareAct. They need that coverage now more than ever. So as we fight for #Medicare4All, let‚Äôs make sure we also fight to #ProtectOurCare. #ACA10 https://t.co/TdpWdqmVoB"
RepRashida,1242471040703479811,2020-03-24 15:19:14,"Time and time again, the @federalreserve has bailed out banks and corporations. It‚Äôs time to put residents first. Proud to work with my sisters in service @RepAOC and @RepPressley to ensure no one gets left behind in the wake of the #COVID„Éº19 pandemic. https://t.co/jmB2Lnjdh1"
RepRashida,1242122017337458702,2020-03-23 16:12:21,The bold action by @GovWhitmer to issue a #stayhome order this morning is the right precaution to take to keep residents safe and help prevent the spread of #COVID19. Read my full statement here: https://t.co/Bq7ZK1n9n5. https://t.co/9nr0cALaks
RepRashida,1241818278160465929,2020-03-22 20:05:24,RT @NydiaVelazquez: With first individual in our federal prison system testing positive for #COVID19 at #MDCBrooklyn I joined today with @R‚Ä¶
RepRashida,1241377539374923776,2020-03-21 14:54:03,I fully support the @FSCDems #COVID19 economic response proposal. I also want to encourage leadership to consider my truly universal relief proposal on behalf of #13thDistrictStrong.
RepRashida,1241068692168982533,2020-03-20 18:26:48,"¬∑@FSCDems #coronavirus stimulus plan would address the needs of Americans by giving at least:
üë§$2K/ a month to every adult
üë•$1K/ a month for every child

It would also prevent payments from going to millionaires &amp; billionaires. 

More details here: https://t.co/stnw6DSe8t. https://t.co/3UVIR4APXb"
RepRashida,1241018539445760001,2020-03-20 15:07:31,"READ: In the midst of this #COVID19 pandemic, we‚Äôve seen why access to #healthcare must be a fundamental human right. Our current system is built to generate profit, plain and simple. The system we must build is #MedicareForAll. https://t.co/55xPR2NwY8"
RepRashida,1240684792368291841,2020-03-19 17:01:19,"Credit reporting agencies must halt the reporting of adverse incidents from hospital bills, mortgage payments, and credit card payments during the #COVID2019 pandemic. Proud to join @RepChuyGarcia and Rep. Wm. Lacy Clay in calling on them to do so: https://t.co/wTMK0fgpjk. https://t.co/XFZGDt2cFB"
RepRashida,1240341237351186432,2020-03-18 18:16:10,The thousands of health professionals who come from Canada to the U.S. must be able to cross the border. They are critical in fighting #COVID-19. Read more about the bipartisan letter @RepDebDingell &amp; I led urging the @VP to ensure this happens: https://t.co/13zW9hCEFV
RepRashida,1239978803947925504,2020-03-17 18:15:59,"More than ever, we must all do our part to fight #COVID19: Practice #SocialDistancing, wash your hands and disinfect frequently touched surfaces and objects. 
 
Cherish each day, call your loved ones and hold onto the joys of life. 
 
Happy #StPatricksDay to all who celebrate. https://t.co/cqXMmGqkC3"
RepRashida,1239923171798790144,2020-03-17 14:34:55,"RT @HouseDemocrats: Every day that @senatemajldr holds up a BIPARTISAN bill to address the #COVID19 crisis, American lives are lost. 

This‚Ä¶"
RepRashida,1239920495115612161,2020-03-17 14:24:17,"As the new #coronavirus continues to spread, @AABB Disaster Task Force &amp; the Red Cross are calling for those who feel healthy &amp; well to give blood or platelets to help maintain a sufficient supply and avoid any potential shortages. Learn more here: https://t.co/rbakLfKdjz. https://t.co/5VJYyD4TAq"
RepRashida,1239658807443193860,2020-03-16 21:04:26,"I want to keep you informed and heard during this difficult time for our community and country, #13thDistrictStrong. That's why tomorrow, March 17, I'm hosting a #coronavirus telephone town hall update from 6-7PM. Please join me here: https://t.co/Zf3hzBIqhf. https://t.co/NwWGC0DaOU"
RepRashida,1238504919000330242,2020-03-13 16:39:17,"I've been helping to shine a light on the issue of unconscionable water shut offs in Detroit and across the country. In the midst of the #coronavirus outbreak, @RepDanKildee, @RepDebDingell, and I are now calling on Congress to protect folks facing them. https://t.co/EWAajs3CRT."
RepRashida,1238226102667096070,2020-03-12 22:11:22,".@USFederalPrison‚Äî@RepAOC, @RepPressley, @NydiaVelazquez, and I asked for answers about your #coronavirus response plan yesterday. We need to know that incarcerated individuals will be provided with appropriate items and care‚Äîand we need to know ASAP. https://t.co/4tKovnQNmQ"
RepRashida,1238202980886810625,2020-03-12 20:39:29,"RT @HouseDemocrats: Last week, House Democrats delivered $8.3 billion to address the #COVID19 crisis HEAD ON.

Today, we‚Äôre again taking ac‚Ä¶"
RepRashida,1238167489730826240,2020-03-12 18:18:28,WATCH: We should not be risking lives for corporate greed through this #CoronavirusPandemic. That means making sure our families are being taken care of. The #FamiliesFirst #Coronavirus Response Act would do just that. Read about it here: https://t.co/XfnoSlD8ch. https://t.co/y5AN3hWPll
RepRashida,1238141708279439360,2020-03-12 16:36:01,"RT @RepPressley: #BREAKING: During today‚Äôs @OversightDems hearing on #COVID19, the @CDCgov director pledged to cover the cost of #coronavir‚Ä¶"
RepRashida,1237736108143894528,2020-03-11 13:44:18,It's unfortunate that the #TrumpAdmin is downplaying #Coronavirus to protect its political interests at the expense of our #PublicHealth. Please join my fellow @OversightDems and I as we uncover accurate and up-to-date info on #COVID19: https://t.co/FGUKLgykoW.
RepRashida,1237736106780692480,2020-03-11 13:44:18,Please stay vigilant and use the following steps to protect yourself and your loved ones from contracting or spreading the virus. Read more here: https://t.co/vOYKMzD6JA. https://t.co/uM6znHjg7j
RepRashida,1237736105702830080,2020-03-11 13:44:18,"ICYMI: The first cases of coronavirus and COVID-19 have been confirmed in Michigan and Gov. Whitmer has declared a state of emergency. My office is continuing to monitor this situation for #13thDistrictStrong.
https://t.co/8V7tSyKpWB"
RepRashida,1235580250442158082,2020-03-05 14:57:42,"Want to help prevent the spread of #COVID19? Watch below for what the @CDCgov suggests. And for more information, including the latest in-state news, visit https://t.co/rwgSn0h5vN. https://t.co/0KLQayVlkN"
RepRashida,1234875830242807808,2020-03-03 16:18:35,RT @MIPrepares: What you need to know about novel coronavirus in one place: https://t.co/jlPvcksSN0 https://t.co/QA7IYnciyO
RepRashida,1233447031340879872,2020-02-28 17:41:03,Great news! The House just passed #HR2339 to ensure the tobacco industry can no longer target children‚Äîor minority communities‚Äî to the detriment of public health. https://t.co/SxzjeS9MnE
RepRashida,1233177219331248129,2020-02-27 23:48:55,WATCH: The #RevereCopper site in my hometown of Detroit is yet another stark reminder that we can‚Äôt count on corporate polluters to put the health of #13thDistrictStrong residents before profit. We need drastic changes to hold them accountable. https://t.co/Znbi8Hkb17
RepRashida,1227976232786153472,2020-02-13 15:22:03,"The census informs how billions of dollars are allocated to health clinics, our schools, and more‚Äîbut only occurs once every 10 years. Don't miss out on your chance to make a difference! Shape your future. Start here: visit https://t.co/cQ1a6jDIuc. #Census2020 https://t.co/QrI47zrd1p"
RepRashida,1224886680341139456,2020-02-05 02:45:16,"""There are those who want to take away your health care.""

It's you, Donald. You're the one who wants to take away thousands of Americans' health care. #SOTU
https://t.co/GLIVgAFGJ9"
RepRashida,1224722892996431874,2020-02-04 15:54:26,"Another special #SOTU announcement: #13thDistrictStrong's Carly Fraser, an exemplar #ProtectOurCare advocate for diabetics struggling to afford the health care they need, will be joining me as a guest tonight. This tireless fighter should be an example for us all. https://t.co/0ixpot6ryc"
RepRashida,1217861116765798404,2020-01-16 17:28:11,We have a deep problem within our society when thousands of families are forced to go without access to water while corporate polluters can operate without permits and endanger our public health. Enough is enough. https://t.co/PkhX7WswZd
RepRashida,1215755860078727168,2020-01-10 22:02:39,"@RepBarragan @RepAOC @RepDebDingell Too many communities like #13thDistrictStrong have been left behind and ignored while corporate polluters destroy the health, homes, and livelihoods of our constituents and neighbors. Read more about the importance of this amendment here: https://t.co/WCbJLxt2Na."
RepRashida,1206682078470901762,2019-12-16 21:06:41,"Still don‚Äôt have health coverage for 2020, #13thDistrictStrong? Good news! The deadline to enroll has been extended through 3AM ET on Wednesday, December 18. Visit https://t.co/Cvy2R5DsXw and don't miss your chance to #GetCovered! https://t.co/choM52C2Ar"
RepRashida,1202611582146154500,2019-12-05 15:31:59,"The impacts of the destruction the Amazon fires threaten both our global environment and our health. That's why @RepChuyGarcia, 16 other members of Congress, and I sent this letter to U.S. financial institutions calling on them to step up and stop aiding destructive efforts. https://t.co/m202Kb7c7P"
RepRashida,1195418247966920704,2019-11-15 19:08:14,"Stephen Miller is a white supremacist, period. We didn't need these sickening emails to tell us this and now that they've come to light, he should be fired immediately. Neither him nor ideals steeped in white supremacy should have a role in our government. https://t.co/0tunAqEcIv"
RepRashida,1193882854410870786,2019-11-11 13:27:08,"To our veterans in #13thDistrictStrong and beyond: thank you for your service and dedication to this country. This #VeteransDay, let us seize this opportunity to honor them and the promises we‚Äôve made to them to ensure their civilian lives are healthy, happy ones. https://t.co/Zp8fpxfRdR"
RepRashida,1192092928610578432,2019-11-06 14:54:36,"üì£Hey, #13thDistrictStrong!üì£ It's time to #GetCovered. Visit https://t.co/Cvy2R5DsXw between now and December 15 to pick or change your health care plan, potentially qualify for financial assistance to pay for it, and spread the word! https://t.co/4rzWaBdmM9"
RepRashida,1185234773444321282,2019-10-18 16:42:45,"#GardenCity residents ‚Äì please visit https://t.co/cggzlfTkGm to find out more info about the recent lead testing results, info about water filters, and steps residents should take. Please contact our office or Garden City if you have further questions. #13thDistrictStrong"
RepRashida,1179415491858898946,2019-10-02 15:19:00,"Key concerns my #13thDistrictStrong residents raised at our #Detroit coffee hour last night: Black #maternalhealth, increasing #homeownership, and #ImpeachTrumpNow. They're always ahead of the curb‚Äîand I couldn‚Äôt be prouder to represent them. Thanks to all who joined! https://t.co/FXSnZz3oNn"
RepRashida,1178738189013573633,2019-09-30 18:27:38,"The #HydeAmendment denies abortion coverage to people already more likely to be systematically underserved by our health system and struggling to make ends meet, including women of color, young people, transgender and non-binary people. We must change that. #BeBoldEndHyde https://t.co/Ks3gSSDmwP"
RepRashida,1173946703646511105,2019-09-17 13:07:59,"Thank you to everyone who made yesterday‚Äôs @OversightDems hearing a reality &amp; those who joined us in #13thDistrictStrong, especially @RepHarley. We stand committed to keeping the conversation around #environmentaljustice going &amp; taking action. Our health &amp; future depend on it! https://t.co/q2Okh7GFfn"
RepRashida,1156574060052197381,2019-07-31 14:35:18,One key to #UnderstandingtheDebates is understanding it is time to ensure health coverage is a right‚Äînot a privilege‚Äîwith #MedicareforAll. Here are just some of the reasons why: https://t.co/6rrnErG1y7
RepRashida,1139633102228262913,2019-06-14 20:37:59,"Special thanks to the MI delegation for joining, and @CCCDetroit, @HUDAClinic, and residents Carly and Cindy for sharing your stories. It was an honor to participate in this discussion alongside you. Together, we‚Äôll achieve #HealthcareForAll."
RepRashida,1139633093860569088,2019-06-14 20:37:57,"For #13thDistrictStrong, the third poorest and one of the most polluted in the country, affordable healthcare is uniquely vital to the ability to thrive. Thank you to @RepDebDingell for hosting this important event on the need for action to ensure folks can live healthy lives. https://t.co/SLZ3KNqfoZ"
RepRashida,1139596776879665152,2019-06-14 18:13:38,RT @RepDebDingell: @RepLawrence @RepSlotkin @RepRashida @RepAndyLevin @BeaumontHealth @HUDAClinic @CCCDetroit @WWFHC HAPPENING NOW: We‚Äôre l‚Ä¶
RepRashida,1139596760664481793,2019-06-14 18:13:35,RT @RepDebDingell: @RepLawrence @RepSlotkin @RepRashida @RepAndyLevin @BeaumontHealth @HUDAClinic @CCCDetroit @WWFHC Without protections fo‚Ä¶
RepRashida,1139596672026193920,2019-06-14 18:13:13,"RT @BeaumontHealth: Beaumont, Dearborn is hosting ‚ÄúHealthcare for All Americans‚Äù with @RepDebDingell, @RepLawrence, @RepRashida, @RepSlotki‚Ä¶"
RepRashida,1138906635794075650,2019-06-12 20:31:16,WATCH: I addressed the epidemic of hate and #gunviolence on the House floor today. #Pulse #StonewallDouglas #EnoughisEnough https://t.co/xKeRpIe7i8
RepRashida,1138830422522126337,2019-06-12 15:28:25,"Thank you for sharing those words, Congresswoman Dingell. Glad to continue to push hard in the fight with you. Be sure to tune in to this important hearing here: https://t.co/IbeYNlXB6T #HealthcareForAll https://t.co/PWDlS295wD"
RepRashida,1138516637190152192,2019-06-11 18:41:33,"So much love, freedom, &amp; equality felt in the Motor City #Pride parade over the weekend in #13thDistrictStrong! Thanks @NextGenAmerica for being our walk partners + hosting a town hall on health care, equity, activism + more. Onward in the fight for justice for our LGBTQ family! https://t.co/NEdseRqfs4"
RepRashida,1136319592899457025,2019-06-05 17:11:17,"Gov. Whitmer has already taken great steps to protect Michigan‚Äôs environment and public health, and I‚Äôm proud to support that work. Now, I‚Äôm encouraging her office to reject a #Line5 tunnel and get Enbridge‚Äôs risky oil pipeline out of the Great Lakes. https://t.co/NSRc0chtKf"
RepRashida,1129099144579227655,2019-05-16 18:59:48,"While the Trump admin continues to sabotage our health care system, I‚Äôm voting YES on #HR987. We must lower the costs of health care and prescription drugs to #ProtectOurCare. https://t.co/XFIbBcqcKi"
RepRashida,1126152336823468032,2019-05-08 15:50:14,"No one should have to choose between putting food on the table and taking care of themselves or a sick loved one. I‚Äôm proud to support the #FamilyAct because it‚Äôs time for #paidfamilyleave. This hearing is pivotal in making sure families can get ahead. Please, tune in. https://t.co/QFD59pwR4T"
RepRashida,1125834257413431297,2019-05-07 18:46:18,"Asthma is a disease that we must do more to prevent. In Wayne County, the hospitalization &amp; mortality rates for those with asthma are more than 2x the state's rates! Action on climate change &amp; corporate polluters is needed to ensure that everyone can breathe free. #WorldAsthmaDay https://t.co/I5aus1VRdy"
RepRashida,1124690807687139328,2019-05-04 15:02:38,"Important health information from @waynecountymi on precautions for cleaning up flooded basesments and structures: 
https://t.co/8hvfIWgK8W"
RepRashida,1123261487789768704,2019-04-30 16:23:02,"Environmental justice &amp; public health are linked. There's a disparity between the communities that cause pollution and the ones who breathe it in. We must right this injustice for all communities &amp; the kids who live there. #MinorityHealthMonth #NMHM19
https://t.co/IxD1UmomGG"
RepRashida,1123260113375113217,2019-04-30 16:17:34,"It's #MinorityHealthMonth &amp; I am standing with the @OfficialCBC, @HispanicCaucus, and @CAPAC to fight systemic health injustices in our communities. Join the effort. Who's with me?"
RepRashida,1123253787546849281,2019-04-30 15:52:26,"RT @RepJayapal: Exactly. Dr. Sara Collins points out that we have the worst Healthcare outcomes of our peer countries, even though we spend‚Ä¶"
RepRashida,1123253647696179200,2019-04-30 15:51:53,"Big Pharma makes billions while working Americans are forced to use kickstarters to pay for healthcare. It‚Äôs time we put people over profit. That‚Äôs why I‚Äôm proud to join @RepJayapal, @RepDebbieDingell and over 100 of our colleagues as a co-sponsor of the #MedicareforAll Act."
RepRashida,1123253365427908611,2019-04-30 15:50:46,"RT @RepJayapal: Economists testify that we spend 18.5% of our GDP on Healthcare now, that's twice our peer countries."
RepRashida,1123252101306638338,2019-04-30 15:45:44,"#MedicareForAll means comprehensive care: Women‚Äôs reproductive health, prescription drugs, mental healthcare, long-term care -- and that‚Äôs just the beginning. This moves us towards comprehensive, affordable healthcare for EVERY person living in the United States."
RepRashida,1123251124843233282,2019-04-30 15:41:51,Today is the day. The first ever hearing on #MedicareForAll. A historic step in ensuring the vision for universal healthcare comes into fruition. https://t.co/Ms8CmfqxC1
RepRashida,1116820499177324545,2019-04-12 21:48:51,"No worker should have to worry about providing for their families and earning a living wage. To the 31,000 @UFCW workers at @StopandShop, I stand in solidarity with you in your fight for healthcare and a secure future."
RepRashida,1115685560365010945,2019-04-09 18:39:00,Proud to support efforts of this caucus to fight to see the standard of care elevated so that this fateful trend of high maternal mortality among Black expectant mothers is put on a path to being stomped out entirely. #BMHCaucus   #BlackMaternalHealthWeek https://t.co/ooMHBRldUt
RepRashida,1115679536258195457,2019-04-09 18:15:04,"RT @SpeakerPelosi: Regardless of education or income, black mothers in America experience significantly worse maternal health outcomes than‚Ä¶"
