RepTrentKelly,1321815306839445507,2020-10-29 14:05:01,RT @Boots2Business: üëÄ Looking for tips &amp; best practices for pivoting your #VetBiz during a pandemic? Check out the ‚ÄúLeveraging Your Network‚Ä¶
RepTrentKelly,1308823982221688832,2020-09-23 17:42:08,Mississippi producers impacted by COVID-19 should register for the webinar. https://t.co/PdCFFt7o6t
RepTrentKelly,1300758805249228801,2020-09-01 11:34:00,RT @DeptofDefense: Two of the six candidate vaccines for #COVID19 are now in Phase III trials as #OperationWarpSpeed moves ahead: https://t‚Ä¶
RepTrentKelly,1299022384805142531,2020-08-27 16:34:05,Thankful for @TVAnews Board for approving a $200 million Pandemic Relief Credit to help so many people - when they need it most! Please click on the link for details. https://t.co/kzOPiIYS79
RepTrentKelly,1290309628375511040,2020-08-03 15:32:42,RT @MSEMA: For help regarding the COVID-19 Relief Program call: https://t.co/1i3BgWEdzh
RepTrentKelly,1286762861591764992,2020-07-24 20:39:07,"Six more counties have been  added to MS COVID-19 restrictions list - Winston, Calhoun, Holmes, Yalobusha, Montgomery, and Lamar.  @tatereeves said they are monitoring Lee County where cases continue to increase."
RepTrentKelly,1286735665070211072,2020-07-24 18:51:03,RT @msdh: Mississippi is on a strong upward trend in COVID-19 that has yet to stop. Hospitals are dangerously full. You can change this by‚Ä¶
RepTrentKelly,1285706703334526977,2020-07-21 22:42:20,"During a @HouseAgGOP hearing today, I requested @USDA Under Sec. Greg Ibach to consider providing aid to MS sweet potato farmers who have suffered because of COVID-19. They do not have a market to sell their 2019 crop. #MS01 https://t.co/zkaSSQjrkV"
RepTrentKelly,1285245529207853056,2020-07-20 16:09:47,The hardwood industry has suffered a blow due to COVID-19. I have signed on to Congressman Fred Keller's letter to House leadership recommending additional relief. Please click for details. https://t.co/qLsQurKQwF
RepTrentKelly,1280902286047416324,2020-07-08 16:31:17,"These men and women will always be remembered. I was grateful to have Willy Weddle represent our office, honoring those who lost their lives to COVID-19. https://t.co/KdpFgIWofd"
RepTrentKelly,1278447620193730568,2020-07-01 21:57:19,"Today, we are marking up the #NDAA. I am pleased the House Armed Services Committee unanimously adopted my measure to make sure troops have enough PPE as we continue to fight COVID-19. This measure bolsters and protects the readiness of our Armed Forces. https://t.co/0KsF7MsmYp"
RepTrentKelly,1278050945570680832,2020-06-30 19:41:05,"Coming to you in this week's newsletter - great stories of our 1st District residents, including a new U.S. Military Academy at West Point graduate from Mississippi. Also, two families helping others during COVID-19. Read more... https://t.co/XABuEac9QX https://t.co/aCuplMmoQU"
RepTrentKelly,1276599250357493761,2020-06-26 19:32:34,"RT @CDCgov: If you think or know you have #COVID19 and had symptoms, stay home and away from other people. Learn more about CDC‚Äôs recommend‚Ä¶"
RepTrentKelly,1276599062238769153,2020-06-26 19:31:49,COVID-19 testing continues by @UMMCnews and @msdh. Please take precautions to protect your health. https://t.co/khxUsWOpk2
RepTrentKelly,1275581364054745093,2020-06-24 00:07:51,RT @IRSnews: #IRS reminder: Deadline postponed to July 15 for those who pay estimated taxes. https://t.co/nvmek2UQNN #COVIDreliefIRS https:‚Ä¶
RepTrentKelly,1271088713343348736,2020-06-11 14:35:39,RT @UMMCnews: Asymptomatic spread of COVID-19 DOES occur. To better ensure you don‚Äôt spread a virus you may not even know you have or catch‚Ä¶
RepTrentKelly,1270016720846163968,2020-06-08 15:35:56,"RT @MS30DayFund: We are LIVE &amp; LAUNCHED! If you are a Mississippi business needing assistance due to COVID-19, apply for a forgivable loan‚Ä¶"
RepTrentKelly,1268638941315465216,2020-06-04 20:21:08,"Saturday, June 6, is the final day the C Spire Health app will be used as a screening tool for COVID-19 testing. After that, Mississippians can be screened and scheduled for appt-only testing by calling @UMMCTelehealth at (601) 496-7200 or by going to https://t.co/wDjceoNSy4."
RepTrentKelly,1268225750446063616,2020-06-03 16:59:16,COVID-19 drive through testing (appointment required) will be conducted on June 4 at the Becker Community Center in Amory and June 5 at the Landers Center in Southaven. You can download the C Spire app at https://t.co/yZ1eNUh8tQ or call (601) 496-7200.
RepTrentKelly,1266103441723658243,2020-05-28 20:25:58,"RT @CDCgov: Working with state &amp; local health officials, schools determine whether and how to reopen or stay open. CDC offers consideration‚Ä¶"
RepTrentKelly,1264233545335267339,2020-05-23 16:35:40,"The coronavirus pandemic has interfered with many traditions, including high school and college graduations. Mississippians continue to be resilient. Please read my newsletter which features the leaders of tomorrow. https://t.co/VqCo7SXQEA https://t.co/aHu0pTyOoM"
RepTrentKelly,1263822533150851072,2020-05-22 13:22:27,"RT @Nightline: At @UMMCnews, Dr. Charles Robertson has taken matters into his own hands - making ventilators for coronavirus patients. Toni‚Ä¶"
RepTrentKelly,1262430810243772416,2020-05-18 17:12:14,The Paycheck Protection Program has helped scores of Mississippi businesses stay afloat during the coronavirus pandemic. Here is the next step in the process. https://t.co/ojtjkq78sE
RepTrentKelly,1261715830867460099,2020-05-16 17:51:10,"This week, members of the U.S. House of Representatives returned to DC to vote on the Health and Economic Recovery Omnibus Emergency Solutions (HEROES) Act. Details in this week's newsletter. https://t.co/t2JgMuJX7j"
RepTrentKelly,1261407595719516163,2020-05-15 21:26:21,"RT @Mike_Pence: Good meeting of the @WhiteHouse Coronavirus Task Force today as we welcome new members, @SecretarySonny, @SecGeneScalia, Dr‚Ä¶"
RepTrentKelly,1261393949052112896,2020-05-15 20:32:07,"Farmers and ranchers who have suffered losses due to the coronavirus pandemic will soon be able to apply for assistance through the USDA. For more information, please click on the link. https://t.co/GPcWhTISDQ"
RepTrentKelly,1260654676329902080,2020-05-13 19:34:31,"On Thursday, @USDA hosts this webinar. Click for additional information. Coronavirus Food Assistance Program (CFAP) Direct Assistance to Producers Webinar https://t.co/ZK7XaURc0m"
RepTrentKelly,1260649721997082630,2020-05-13 19:14:50,"Proud to see First District companies doing their part to help others, including @AirbusHeli_usa's operation in Columbus! 2,000 masks were donated to the Lowndes Co. Vol. Fire Departments. Pictured is Chief Wayne Doyle. https://t.co/FtTu53TSDp"
RepTrentKelly,1260320603095121920,2020-05-12 21:27:02,I am so thankful for all the healthcare professionals in hospitals and healthcare systems stepping up to help others during this pandemic. Thank you for your dedication! https://t.co/G3qHmH9sLN
RepTrentKelly,1259926360128184321,2020-05-11 19:20:27,#ToyotaMS welcomed back their team members today to a modified work environment. Changes are in place to help protect them from #Covid_19. Please read my newsletter. https://t.co/JcBvMIpGxF #MS01 https://t.co/x8EN69fhVa
RepTrentKelly,1258117457363054592,2020-05-06 19:32:31,Not enough can be said about the important role nurses have played in response to #Covid_19. Let us all remember their hard work and dedication on the front lines and well beyond. #MS01 https://t.co/alMh0Hz4dN
RepTrentKelly,1257710682751078401,2020-05-05 16:36:08,Appreciate Toyota Motor Manufacturing Mississippi and the steps they have taken to ensure a safer working environment for their team. #Covid_19 #MS01 https://t.co/15jHvonpQ9
RepTrentKelly,1255925629381476357,2020-04-30 18:22:58,".@NIH and @GileadSciences announces Phase Three of a clinical trial for antiviral drug remdesivir - initial data shows ""clear-cut, significant positive effect in diminishing time to recover"" - Dr. Anthony Fauci. #COVID__19"
RepTrentKelly,1254892135716925442,2020-04-27 21:56:14,Mississippi prepares to ease some coronavirus restrictions https://t.co/LgqXTy9Bm4
RepTrentKelly,1254845734320590854,2020-04-27 18:51:51,"Testing for COVID-19 is taking place today at BancorpSouth Arena 375 East Main Street, Tupelo. An appointment is necessary. Click for details. https://t.co/ioyFFMXCkl https://t.co/4UNHiKpkju"
RepTrentKelly,1254841083349086208,2020-04-27 18:33:22,RT @CDCgov: Use the Coronavirus Self-Checker to help you decide when to get medical care. If you develop any #COVID19 symptoms that are sev‚Ä¶
RepTrentKelly,1253428681009070083,2020-04-23 21:00:59,RT @WhiteHouse: Today's Coronavirus Task Force briefing is next. Watch live: https://t.co/EmsdctYxkL https://t.co/zChOqD4C5f
RepTrentKelly,1253403745183989760,2020-04-23 19:21:54,".@UMMCnews and @MSDH will conduct drive-thru testing on April 24 at the Oxford Conference Center, 103 Ed Perry Boulevard, Oxford, and on April 25 at Fairview Baptist Church, 127 Airline Drive, Columbus. Download the C Spire Health app https://t.co/P1EBdxCVZP or (601) 496-7200."
RepTrentKelly,1253386281062666242,2020-04-23 18:12:30,"Today, the U.S. House of Representatives will vote on legislation to replenish the Paycheck Protection Program and provide additional relief for hospitals and for testing. I discussed our return to DC on @supertalk https://t.co/8FrjAGjHwE"
RepTrentKelly,1253049309064507392,2020-04-22 19:53:30,"Thankful for these good folks in Iuka who are making masks for front line and essential workers - over 4,000 already donated! Keep up the great work! #MS01 https://t.co/FbLmweszAy"
RepTrentKelly,1252716076191940610,2020-04-21 21:49:21,RT @WhiteHouse: LIVE: Press Briefing with Coronavirus Task Force https://t.co/IeIElzruLM
RepTrentKelly,1252715085564436486,2020-04-21 21:45:25,"RT @MDESMS: Pandemic Unemployment Assistance Available for the State of Mississippi

Individuals residing in Mississippi, who were unable t‚Ä¶"
RepTrentKelly,1252679061031333889,2020-04-21 19:22:16,RT @fema: It‚Äôs #LabWeek! Join us in celebrating all the laboratory health professionals working on the #COVID19 response. Your commitment t‚Ä¶
RepTrentKelly,1252352136509181955,2020-04-20 21:43:11,RT @WhiteHouse: LIVE: Press Briefing with Coronavirus Task Force https://t.co/4Wx0XDkiAK
RepTrentKelly,1251593413276901383,2020-04-18 19:28:17,.@msdh announces more drive thru COVID-19 testing locations. https://t.co/S5vMODDkcI
RepTrentKelly,1250537402956988416,2020-04-15 21:32:05,RT @WhiteHouse: NEXT: Watch today's Coronavirus Task Force briefing live here: https://t.co/EmsdctGWtd https://t.co/kCHlMRqprD
RepTrentKelly,1250517968871702531,2020-04-15 20:14:51,RT @SSAPress: Supplemental Security Income Recipients Will Receive Automatic COVID-19 Economic Impact Payments. More at https://t.co/0CFZFa‚Ä¶
RepTrentKelly,1250206960496054277,2020-04-14 23:39:01,RT @WhiteHouse: The FDA has now authorized the first tests that use saliva from patients and can be self-administered in healthcare setting‚Ä¶
RepTrentKelly,1249812054631907329,2020-04-13 21:29:48,"RT @WhiteHouse: Next up‚Äîtoday's briefing with the Coronavirus Task Force. 

Watch LIVE: https://t.co/EmsdctGWtd https://t.co/hrWWin8B4r"
RepTrentKelly,1249777685561294848,2020-04-13 19:13:14,"Free @UMMCnews COVID-19 screenings will take place Tuesday, April 14 at the Chickasaw County Agri-Center in Houston. For more information, please click on the link. https://t.co/RRYb6AEhTl"
RepTrentKelly,1249731435130486784,2020-04-13 16:09:27,.@USDA offers guidelines to assist rural communities impacted by COVID-19. https://t.co/PaiVvZ7nAt
RepTrentKelly,1248746783594987521,2020-04-10 22:56:48,"RT @SecAzar: Today, @HHSGov is beginning the immediate distribution of $30 billion to hospitals and healthcare providers across the entire‚Ä¶"
RepTrentKelly,1248376317315125256,2020-04-09 22:24:42,"Proud to see Kevin Charles Furniture in New Albany sewing masks that will help those who need them. Rusty Berryhill, company president and chairman of @MSManufacturers, will be featured in my upcoming Weekly Wrap-up. Sign up here: https://t.co/JHvdMnYPft https://t.co/067FhEnQUZ"
RepTrentKelly,1247642353520775168,2020-04-07 21:48:11,"RT @msdh: MSDH and UMMC personnel were on hand in RIpley, MS yesterday for a one-day drive-up COVID-19 testing site. If you have symptoms o‚Ä¶"
RepTrentKelly,1247636906688593923,2020-04-07 21:26:33,RT @WhiteHouse: Today's Coronavirus Task Force briefing is next up. Watch LIVE: https://t.co/EmsdctGWtd https://t.co/Vrs4yFTN76
RepTrentKelly,1247580597310144517,2020-04-07 17:42:47,So grateful for the men and women who are on the front lines now and always. #WorldHealthDay https://t.co/11KWf6cwzY
RepTrentKelly,1247283011403632644,2020-04-06 22:00:17,RT @MSEMA: Mississippians are now encouraged to wear face masks while in public to help slow the spread of #COVID19. There are several alte‚Ä¶
RepTrentKelly,1247269497846800384,2020-04-06 21:06:36,"RT @WhiteHouse: NEXT: The Coronavirus Task Force will hold a briefing.

Watch live: https://t.co/EmsdctGWtd https://t.co/QAoOHpWiyN"
RepTrentKelly,1247263656968097794,2020-04-06 20:43:23,RT @SBAgov: JOIN OUR TEAM: SBA is hiring additional employees to assist with #COVID19 and disaster relief efforts. Bilingual language skill‚Ä¶
RepTrentKelly,1247190559904673799,2020-04-06 15:52:55,.@UMMCnews and @msdh is hosting a COVID-19 testing site in Ripley today until 4 p.m. Anyone experiencing symptoms must first be screened by using the telehealth app. https://t.co/ucgrWoPP6l or call (601) 496-7200. Testing site address: 10791 B Highway 15 South.
RepTrentKelly,1246620059491094528,2020-04-05 02:05:57,Proud of @Taylor_Machine and @msstate for their response to #COVID19! The First District manufacturer has converted 280+ ventilators. Now shipped to @msdh for distribution. @msstate is modifying the remaining ventilators. A total of 550 to help @MSEMA and @UMMCNews. https://t.co/PkvVg8NLuy
RepTrentKelly,1246201399794438148,2020-04-03 22:22:21,"The 2020 First Congressional District Art Competition reception will not be held due to COVID-19. Instead, a winner will be announced on May 15. Artwork will be accepted until May 12. For more information, please email melinda.whited@mail.house.gov https://t.co/lCSzWOYXtx"
RepTrentKelly,1246181438757748737,2020-04-03 21:03:02,RT @WhiteHouse: Watch today's press briefing with the Coronavirus Task Force LIVE here: https://t.co/EmsdctGWtd https://t.co/VPoFjw7QxJ
RepTrentKelly,1245818584175185920,2020-04-02 21:01:11,"RT @WhiteHouse: NEXT: Members of the Coronavirus Task Force brief the press 

Watch LIVE: https://t.co/EmsdctGWtd https://t.co/9wyVYlD0Or"
RepTrentKelly,1245790901168943112,2020-04-02 19:11:11,RT @WLOX: WATCH: Gov. Reeves discusses response to coronavirus https://t.co/0iIhmpB6Ar
RepTrentKelly,1245471619784597504,2020-04-01 22:02:28,RT @WhiteHouse: We are fighting the Coronavirus on every possible front‚Äîand we will achieve total victory with the help of the American peo‚Ä¶
RepTrentKelly,1245422596189011968,2020-04-01 18:47:40,"I am co-sponsoring a resolution with @RepStefanik that will hold China accountable for COVID-19. We demand an international investigation by public health officials from the U.S. and other countries to determine the amount of harm. 
https://t.co/RvgrFr6F0E"
RepTrentKelly,1245123299438362624,2020-03-31 22:58:22,"RT @DJournalnow: On Monday, April 6, the University of Mississippi Medical Center and the Mississippi State Department of Health will open‚Ä¶"
RepTrentKelly,1245100948915191808,2020-03-31 21:29:33,RT @WhiteHouse: LIVE: Press Briefing with Coronavirus Task Force https://t.co/CurosT0chF
RepTrentKelly,1245042063344885768,2020-03-31 17:35:34,"RT @SBAgov: üö®SCAM ALERT!üö® 

There have been reports of scams about #COVID19 Economic Injury Disaster Loans. Reminder:
üìÖThere's no immediate‚Ä¶"
RepTrentKelly,1245041513215787009,2020-03-31 17:33:23,"RT @CDCgov: While infection from #COVID19 is a concern for everyone, older adults and people with other health conditions are at a greater‚Ä¶"
RepTrentKelly,1244749378587447297,2020-03-30 22:12:32,"America's hospital ships have been deployed to respond to #COVID19. Two years ago this month, I discussed the critical role they play in times of war and peace. https://t.co/y7RzzQHT1h https://t.co/JMCB7JOosc"
RepTrentKelly,1244731591110393856,2020-03-30 21:01:51,RT @WhiteHouse: üö®Watch today's Coronavirus Task Force briefing LIVE at 5:00 p.m. ET: https://t.co/EmsdctGWtd https://t.co/co7Ab3QVco
RepTrentKelly,1244657496909848579,2020-03-30 16:07:26,RT @CDCgov: Take simple daily precautions to help prevent the spread of respiratory illnesses like #COVID19. Learn how to protect yourself‚Ä¶
RepTrentKelly,1243986367748677632,2020-03-28 19:40:36,"Please continue to be vigilant and protect your health. For the latest information on our response to the coronavirus pandemic, please click on the link. https://t.co/RmEk5wV0D2 https://t.co/lls51aVMJi"
RepTrentKelly,1243653261942493187,2020-03-27 21:36:58,"RT @MDESMS: For more information like this, visit https://t.co/av3wncM9kg 
#COVID19 #covid19ms #covidms"
RepTrentKelly,1243653237376417799,2020-03-27 21:36:52,"RT @MDESMS: Q. Would I be eligible for benefits if my employer shuts down or lays me off because of the COVID-19 situation?
(1 of 3) #COVID‚Ä¶"
RepTrentKelly,1243309536666140678,2020-03-26 22:51:07,".@TVAnews to offer $1B of credit support to local power companies, enabling them more flexibility to respond to customers during the coronavirus outbreak. https://t.co/tbM1TRkIOB"
RepTrentKelly,1243277151748730880,2020-03-26 20:42:26,.@TVAnews has announced plans to provide $1 billion in credit support for local power companies. This will give them more flexibility to respond to their customer's immediate needs in the wake of COVID-19.
RepTrentKelly,1243251385249992705,2020-03-26 19:00:03,"RT @msdh: MSDH and the University of Mississippi Medical Center will be operating two one-day FREE COVID-19 testing sites, by appointment o‚Ä¶"
RepTrentKelly,1243245679528620035,2020-03-26 18:37:23,"RT @CommAndyGipson: To make it easier for Mississippians to follow our @MSDeptofAg actions and updates during the COVID-19 crisis, we have‚Ä¶"
RepTrentKelly,1243218896682913792,2020-03-26 16:50:57,"RT @WaysandMeansGOP: The CARES Act is big, targeted, and will make a difference.
 
Here‚Äôs how it helps with unemployment as we face #corona‚Ä¶"
RepTrentKelly,1242919515090030593,2020-03-25 21:01:19,RT @WhiteHouse: üö®Watch today's Coronavirus Task Force briefing LIVE at 5:00 p.m. ET: https://t.co/EmsdctGWtd https://t.co/RJJVVSnErN
RepTrentKelly,1242871828776988672,2020-03-25 17:51:50,RT @CDCgov: #Infections put you and your family at risk for a life-threatening condition called #sepsis. Do you know steps you can take to‚Ä¶
RepTrentKelly,1242868196266389506,2020-03-25 17:37:24,"The Mississippi Department of Employment Security website has some good information and answers to frequently asked questions for workers impacted by COVID-19. Please click on the link for details.
https://t.co/kXNQP3FvTq"
RepTrentKelly,1242815213667262466,2020-03-25 14:06:51,RT @MSEMA: Governor Reeves signed a new executive order to further slow the spread of #COVID19 across Mississippi. This order outlines addi‚Ä¶
RepTrentKelly,1242626485216784386,2020-03-25 01:36:55,"RT @fema: Our role is to work with our federal partners, including @HHSGov and @CDCgov, to execute a whole of government response.

To lear‚Ä¶"
RepTrentKelly,1242215454015356928,2020-03-23 22:23:38,Our farmers and ranchers must have the support they need to feed our nation - especially in the midst of the COVID-19 pandemic. We cannot allow them to be left behind. It is time to pass the #CARESAct
RepTrentKelly,1242212650500665350,2020-03-23 22:12:29,RT @WhiteHouse: LIVE: Press Briefing with Coronavirus Task Force https://t.co/Ciwe6T4Dr2
RepTrentKelly,1242199480281313280,2020-03-23 21:20:09,".@UMMCnews has partnered with @CSpire to address COVID-19 with a smartphone telehealth app. Those with symptoms connect with a medical professional via the app. High risk people receive a next-day appointment for drive thru testing at MS State Fairgrounds.
https://t.co/YFGzrMpsyJ"
RepTrentKelly,1242118466410291200,2020-03-23 15:58:14,"RT @CDCgov: Know the facts about #COVID19. Don‚Äôt share rumors &amp; unintentionally spread misinformation. Federal, state &amp; local governments a‚Ä¶"
RepTrentKelly,1242084687511728131,2020-03-23 13:44:00,RT @MSInsuranceDept: Looking for the latest COVID-19 insurance information? Follow this link: https://t.co/mpyP4nMfcU or the link in our pr‚Ä¶
RepTrentKelly,1241698009894838273,2020-03-22 12:07:29,RT @msdh: Next week MSDH will be setting up 6 drive-up testing sites across the state for those with COVID-19 symptoms such as fever of 100‚Ä¶
RepTrentKelly,1241431982724259846,2020-03-21 18:30:24,Small business owners who have been impacted by the coronavirus can apply for assistance. Click to get the process started. https://t.co/qp5gSblSIM
RepTrentKelly,1241409781400850435,2020-03-21 17:02:10,RT @WhiteHouse: LIVE: Press Briefing with Coronavirus Task Force https://t.co/70pZUDf7KU
RepTrentKelly,1241394273326678021,2020-03-21 16:00:33,RT @WhiteHouse: üö®Watch today's Coronavirus Task Force briefing LIVE at 12:30 p.m. ET: https://t.co/EmsdctGWtd https://t.co/noYNsMzcDO
RepTrentKelly,1241381468275949569,2020-03-21 15:09:40,"RT @fema: ‚ö† Due to the large amount of speculation regarding #COVID19, this is a reminder to rely on OFFICIAL sources for accurate informat‚Ä¶"
RepTrentKelly,1241144536962924547,2020-03-20 23:28:11,"RT @MDESMS: Or, those who are caring for an immediate family member who is diagnosed with COVID-19."
RepTrentKelly,1241143695459725315,2020-03-20 23:24:50,RT @tatereeves: Dr. Dobbs and his dedicated team are working around the clock to keep Mississippians safe and healthy. I‚Äòm grateful for all‚Ä¶
RepTrentKelly,1241119189290663944,2020-03-20 21:47:28,The U.S. Small Business Administration is offering low-interest federal disaster loans to Mississippi small businesses impacted by the coronavirus. Click to get started. https://t.co/beXbwjKlyl
RepTrentKelly,1241105186921349120,2020-03-20 20:51:49,"Thankful for all those who are on the front lines from healthcare professionals to law enforcement. Truck drivers are on the road, hauling produce grown by our farmers and other goods to meet the needs of Mississippians and all Americans. #InThisTogether"
RepTrentKelly,1241091150712373249,2020-03-20 19:56:03,"RT @msdh: The Mississippi Coronavirus Hotline is now operating all day, all night, every day for your questions and information needs about‚Ä¶"
RepTrentKelly,1241090251868844034,2020-03-20 19:52:29,"RT @RedCross: Patients are counting on lifesaving blood throughout this pandemic. If you're healthy, schedule an appointment to give in the‚Ä¶"
RepTrentKelly,1241079448553881601,2020-03-20 19:09:33,"RT @CDCgov: Heads up: People who will get a test to see if they are still contagious should follow different guidance. Also, people with we‚Ä¶"
RepTrentKelly,1241030318070681600,2020-03-20 15:54:19,RT @WhiteHouse: LIVE: Press Briefing with Coronavirus Task Force https://t.co/km5CdvLvGG
RepTrentKelly,1240858369566609408,2020-03-20 04:31:03,RT @GrassleyPress: BREAKING ‚Üí The Families First Coronavirus Response Act is heading to President @realDonaldTrump‚Äôs desk. https://t.co/po6‚Ä¶
RepTrentKelly,1240819032879742978,2020-03-20 01:54:45,"RT @tatereeves: COVID-19 has created a lot of uncertainty as many are sent home. Allowing our counties, cities, and schools to pay their em‚Ä¶"
RepTrentKelly,1240729741952536578,2020-03-19 19:59:56,"RT @HHSGov: Together, we can stop the spread of #COVID19. Here are the most recent guidelines for Americans from the @WhiteHouse and @CDCgo‚Ä¶"
RepTrentKelly,1240725363497590789,2020-03-19 19:42:32,"I appreciated the opportunity to discuss our work in Congress to address the coronavirus on @supertalk today. To listen to the interview, please click on the link. https://t.co/UUED6wf0zP https://t.co/LPWnPzPHfo"
RepTrentKelly,1240677511727546369,2020-03-19 16:32:24,RT @supertalk: We will be getting an update from D.C. and @RepTrentKelly at noon today on the #JTShow as he discusses how the #CoronaVirus‚Ä¶
RepTrentKelly,1240665000416509953,2020-03-19 15:42:41,RT @WhiteHouse: LIVE: Press Briefing with Coronavirus Task Force https://t.co/uvFZaWbcME
RepTrentKelly,1240664798284722178,2020-03-19 15:41:53,RT @IRSnews: @USTreasury and #IRS issue guidance on delaying tax payments due to the #COVID19 outbreak. If you don‚Äôt have a tax balance due‚Ä¶
RepTrentKelly,1240431996129751042,2020-03-19 00:16:48,RT @WhiteHouse: Today's NEW regulation from @HHSGov will allow doctors to practice across state lines in order to help hospitals in adjoini‚Ä¶
RepTrentKelly,1240401692480462855,2020-03-18 22:16:23,RT @USTreasury: Treasury and IRS issue guidance on deferring tax payments due to COVID-19 outbreak. https://t.co/5zg7VVLTZd
RepTrentKelly,1240368956256530433,2020-03-18 20:06:18,"RT @HouseVetAffairs: Did you know you can stay home and get your VA prescription refills?

3‚É£ easy options below:

1. Online at My HealtheV‚Ä¶"
RepTrentKelly,1240368916582588417,2020-03-18 20:06:09,"RT @HouseVetAffairs: YOU can help stop the spread of #COVID19 by knowing the symptoms:

ü§≠ coughing
ü§í fever
üò¶ shortness of breath

And takin‚Ä¶"
RepTrentKelly,1240368875151208455,2020-03-18 20:05:59,"RT @HouseVetAffairs: Are you experiencing symptoms of #COVID19?

PSA: Did you know that if you are a veteran you can sign into My HealtheVe‚Ä¶"
RepTrentKelly,1240109836496523264,2020-03-18 02:56:39,RT @Mike_Pence: We urge all Americans to follow President @realDonaldTrump‚Äôs Coronavirus Guidelines over the next 15 days so we can #slowth‚Ä¶
RepTrentKelly,1240019788333821960,2020-03-17 20:58:50,State Medical Licensure Board recommends telemedicine during coronavirus outbreak https://t.co/7Jyfej9g3L
RepTrentKelly,1239999180044730370,2020-03-17 19:36:57,RT @USDA: We're ensuring the safety &amp; timely delivery of the U.S. food supply while protecting the health of USDA employees during the #COV‚Ä¶
RepTrentKelly,1239985724205785089,2020-03-17 18:43:29,".@realDonaldTrump has announced expansion of #Telehealth to combat the spread of #COVID19. For information, please click the link. https://t.co/Cmf2rMNYbp"
RepTrentKelly,1239964352398024705,2020-03-17 17:18:33,"RT @tatereeves: Our experts tell us we need to ensure tests are prioritized for key groups:

1. Hospitalized patients
2. Health care worker‚Ä¶"
RepTrentKelly,1239945211331125249,2020-03-17 16:02:30,"RT @MississippiDOT: In response to coronavirus, MDOT will help spread public awareness through its DMS Boards on highways. All messaging is‚Ä¶"
RepTrentKelly,1239930854681477123,2020-03-17 15:05:27,RT @WhiteHouse: üö®Watch today's Coronavirus Task Force briefing LIVE at 11:30 a.m. ET: https://t.co/EmsdctGWtd https://t.co/N32nNx6Kmf
RepTrentKelly,1239903155778924550,2020-03-17 13:15:23,RT @IvankaTrump: .‚Å¶@CDCgov‚Å© and ‚Å¶@WhiteHouse‚Å© have issued new #Coronavirus guidelines for America for the next 15 days to slow the spread a‚Ä¶
RepTrentKelly,1239743195883417601,2020-03-17 02:39:45,RT @WhiteHouse: President @realDonaldTrump and the White House Coronavirus Task Force issued new guidelines to help protect Americans durin‚Ä¶
RepTrentKelly,1239703092561678337,2020-03-17 00:00:24,"Please take precautions to protect your family.
For more prevention information, please visit https://t.co/rMIMsLoLm8. 
#COVID19 https://t.co/qlrIalrzxu"
RepTrentKelly,1239684407461589001,2020-03-16 22:46:09,"RT @WhiteHouse: Even if you are young or healthy, you are at risk of contracting or carrying #COVID19‚Äîand your activities can increase the‚Ä¶"
RepTrentKelly,1239677057891786752,2020-03-16 22:16:57,RT @tatereeves: I just signed two executive orders responding to the Covid-19 outbreak. Here‚Äôs what they do: https://t.co/oRqGQdkG1y
RepTrentKelly,1239654854315905026,2020-03-16 20:48:43,Please follow these guidelines. Americans stand strong against #COVID19 https://t.co/dFt0eyiJdi
RepTrentKelly,1239632755769647104,2020-03-16 19:20:54,RT @WhiteHouse: LIVE: Press Briefing with Coronavirus Task Force https://t.co/K6VD9IPfOd
RepTrentKelly,1239598780284055554,2020-03-16 17:05:54,Please continue to exercise caution and protect your health. https://t.co/5VY6H8kyCu
RepTrentKelly,1239288389653929988,2020-03-15 20:32:31,"RT @WhiteHouse: Vice President @Mike_Pence and members of the Coronavirus Task Force will hold a press briefing at 5:00 p.m. ET.

Watch LIV‚Ä¶"
RepTrentKelly,1239237509919444994,2020-03-15 17:10:20,"RT @realDonaldTrump: There will be a News Conference by the CoronaVirus Task Force today at the White House, 5 P.M. @VP  We are working clo‚Ä¶"
RepTrentKelly,1238187030686859264,2020-03-12 19:36:07,"RT @msdh: We have streamlined COVID-19 testing and issued more protective guidelines for Mississippians, including advice for gatherings, f‚Ä¶"
RepTrentKelly,1238128909591482373,2020-03-12 15:45:10,"For updates on the #coronavirus, including travel information, please visit https://t.co/7sMv5ubrkl https://t.co/Yj8jYg9JGI"
RepTrentKelly,1238126551163719681,2020-03-12 15:35:47,RT @CDCgov: #HCPs: Today at 2pm ET log in to COCA Facebook profile or call in. COCA Call Topic: #COVID19 Update‚ÄìInformation for Clinicians‚Ä¶
RepTrentKelly,1237864817316098052,2020-03-11 22:15:45,RT @WhiteHouse: LIVE: Members of the Coronavirus Task Force Hold a Press Briefing https://t.co/QkF20ooYl5
RepTrentKelly,1237062043548749824,2020-03-09 17:05:49,"RT @CDCgov: As people age, their immune systems change, making it harder to fight off serious illness like #COVID19. Underlying health cond‚Ä¶"
RepTrentKelly,1236331818896560128,2020-03-07 16:44:10,"This week, Congress took action to address the spread of the Coronavirus. Please read my Weekly Wrap-up. https://t.co/6c8mBRMTH1 https://t.co/cffxwPpQuo"
RepTrentKelly,1235635198269829121,2020-03-05 18:36:02,RT @2020Mississippi: What matters to you? Schools? Transportation? Hospitals? Data from the U.S. Census helps inform the planning efforts f‚Ä¶
RepTrentKelly,1235618847979384833,2020-03-05 17:31:04,Good information. Please take precautions to protect your health. https://t.co/ypX3yeXiKp
RepTrentKelly,1235618259417722880,2020-03-05 17:28:44,"RT @HouseGOP: Yesterday, the House approved emergency funding that provides critical funding to combat the spread of #coronavirus by making‚Ä¶"
RepTrentKelly,1235346141795016704,2020-03-04 23:27:26,"Today, the House passed, with my support, a supplemental funding bill to help protect American lives from the Coronavirus. The Administration's response to this public health emergency is appropriate and necessary, ensuring the best possible outcome for our state and the nation. https://t.co/UmvTcReiE0"
RepTrentKelly,1235260564101877760,2020-03-04 17:47:23,"RT @CDCgov: As more cases of #COVID19 are identified in specific US locations, affected communities may take actions to minimize the impact‚Ä¶"
RepTrentKelly,1234528062777237505,2020-03-02 17:16:41,RT @WhiteHouse: President @realDonaldTrump gives an update on the coronavirus: https://t.co/1rtDjXaUgn
RepTrentKelly,1234501868111454212,2020-03-02 15:32:35,RT @CDCgov: Current understanding is #COVID19 spreads mostly from person to person through respiratory droplets produced when a person coug‚Ä¶
RepTrentKelly,1233472632802172928,2020-02-28 19:22:47,Coronavirus: Be informed and call your provider if symptoms develop https://t.co/AomrFAr6Vt
RepTrentKelly,1233154277725655041,2020-02-27 22:17:45,Please take the necessary precautions to #BePrepared @CDCgov https://t.co/rmSSLU9G4O
RepTrentKelly,1205490960160960515,2019-12-13 14:13:36,"Secretary Purdue announced an additional $550 million dollars in FY19 for rural broadband infrastructure development. This will connect rural communities to support agriculture, e-commerce, healthcare, and education Another example of @POTUS keeping promises to rural America."
RepTrentKelly,1187057540988919808,2019-10-23 17:25:46,Red Ribbon Week is a time to remember that by staying drug free you are sending a message to yourself and others about how you value yourself and your community. Speak out in support of healthy choices in support of Red Ribbon Week. #MS01
RepTrentKelly,1176224018661355521,2019-09-23 19:57:13,"We care deeply about the rising cost of prescription drugs and want to ease the burden families face, but we must do so in a way that actually lowers prices and ensures that patients have the freedom and ability to choose what is personally best for them on healthcare. #MS01"
RepTrentKelly,1151226958379802625,2019-07-16 20:27:50,"I appreciated meeting with Gretchan Kimble, ASCRS, (Madison) and Dr. Jason Stacy AANS/CNS (Tupelo) who are in DC for the @SpecialtyDocs's annual Advocacy Conference.  We discussed issues that are important to healthcare professionals and to their patients.  #MS01 https://t.co/QbJt021n79"
RepTrentKelly,1131298374723002379,2019-05-22 20:38:45,"To achieve healthcare reform, it is essential that we receive input from healthcare professionals which include the Emergency Nurses Association (ENA).  In the photo are: Shelly Logan, Jennifer Williams, Jennifer Heindl, and Kim Wright.  #MS01 https://t.co/7cqApn3F1U"
RepTrentKelly,1126607781061177344,2019-05-09 22:00:01,"Dr. Steve Collier, CEO of MississippiCare, a community health center with clinics in the First District, talked about an issue that is important to our state and nation - healthcare.  #MS01 https://t.co/C6DTeDBhch"
RepTrentKelly,1111735229897736192,2019-03-29 21:01:48,"As an avid outdoorsman, I recognize Chronic Wasting Disease (CWD) as an epidemic.  The press release below details our plan of action.  #MS01 https://t.co/UgBNFwHnKI"
RepTrentKelly,1111011437953064961,2019-03-27 21:05:43,"As a member of @HSBCgop, I discussed the progress we have made to reduce regulations with Mississippi Hospitality and Restaurant Association representatives Jonathan Waller, Mike Cashion, Charles Frazier, and Denise Yates.  #MS01 https://t.co/2hE2i1Tkla"
RepTrentKelly,1105835241594335232,2019-03-13 14:17:21,RT @DJournalnow: Baptist Memorial Hospital-Union County has earned a spot among the best in the nation: https://t.co/w578LGT2vg https://t.c‚Ä¶
RepTrentKelly,1099033472381976576,2019-02-22 19:49:33,Numerous businesses and industries play an important role supplying our farmers with the goods and services they need to produce healthy crops. Please read my newsletter. https://t.co/rC9kydhsBi  #MS01 https://t.co/GsaPQWeKhL
