RepTomEmmer,1318632157208891396,2020-10-20 19:16:19,"Health care providers‚Äîespecially small &amp; rural hospitals‚Äîhave been fighting on the front lines of the #COVID19 crisis. They need sustained relief, not new, onerous reporting requirements. https://t.co/Ptdg9pIw3a"
RepTomEmmer,1318199785917132805,2020-10-19 14:38:14,"Keeping #seniors safe from the spread of #COVID19 is a top priority - but combatting the often-debilitating effects of loneliness should be as well. Finally, our state is allowing Minnesotans to visit their families in nursing homes! https://t.co/wqeuFUEAuk"
RepTomEmmer,1315045295814848513,2020-10-10 21:43:25,"Our mental health requires constant maintenance and care, especially during the #COVID19 crisis. This #WorldMentalHealthDay, take a moment to check in on your mental health. More via @SCTimes: https://t.co/v1f7CWLJ8F"
RepTomEmmer,1314629245356867584,2020-10-09 18:10:11,"This #MentalIllnessAwarenessWeek, learn more about how you can support mental health in your community &amp; end the stigma, here: https://t.co/qatyunDt76"
RepTomEmmer,1313535204397658117,2020-10-06 17:42:51,"I have consistently supported full funding of the @NIH, and urged increased funding for women‚Äôs health. Together, we will find a cure for this devastating disease."
RepTomEmmer,1313535054241566726,2020-10-06 17:42:15,"Over the course of their lifetime, 1 in 8 women will develop invasive #breastcancer - and over 276,000 new cases are expected to be diagnosed this year alone."
RepTomEmmer,1313192902097539072,2020-10-05 19:02:40,"Attention MN #Veterans: VA Under Secretary for Benefits, Dr. Paul R. Lawrence, PhD will be hosting a tele-town hall TOMORROW for MN Vets &amp; their families:

- Oct. 6 at 5pm(ET)/4pm(CT) .
- Call-In: 833-380-0417

The call will be focused on #COVID19 &amp; benefit program updates"
RepTomEmmer,1312135503668375552,2020-10-02 21:00:57,"Today, I was tested for COVID-19 by the Office of the Attending Physician. I was informed that my test results are negative. I am not exhibiting symptoms and will continue to follow the recommended guidelines issued by the Attending Physician. Read more: https://t.co/STwCPq4RYS https://t.co/aPExMIuiEV"
RepTomEmmer,1311686849065373696,2020-10-01 15:18:09,"I was proud to support the STOP FGM Act, which will criminalize attempts or conspiracy to perform #FGM"
RepTomEmmer,1311304808549228545,2020-09-30 14:00:03,"RT @SBAgov: üîéSearching for federal #COVID19 resources for small businesses? 

https://t.co/px9z5AcknV, brought to you by @ASBDC and @AWBC_U‚Ä¶"
RepTomEmmer,1311038369745588227,2020-09-29 20:21:19,"In fact, 88% of teachers report paying for #PPE like masks &amp; hand sanitizer themselves. My Safe Teachers Assistance and Return To School (STARTS) Act will allow teachers to deduct up to $3,000 in PPE costs from their taxes. Read more here‚§µ https://t.co/LM5eSYTfaI"
RepTomEmmer,1311037725286506496,2020-09-29 20:18:46,"Our teachers have been going above and beyond to adapt to educating during the #COVID19 crisis, and for many of them that means paying for their classroom‚Äôs #PPE out of their own pockets. https://t.co/yZWGHTAsQI"
RepTomEmmer,1310585178423779328,2020-09-28 14:20:30,"And @RepChrisStewart‚Äôs Suicide Prevention Act will establish grant programs to state, local &amp; tribal health departments to help prevent suicide attempts and self-harm. #SuicidePreventionMonth"
RepTomEmmer,1310585041316126722,2020-09-28 14:19:57,".@RepDonBeyer‚Äôs Campaign to Prevent Suicide Act will require @HHSgov, @samhsagov &amp; @CDCgov to execute a national media campaign focused on the suicide hotline, and require a 3-digit suicide hotline, which I‚Äôve long advocated for. #SuicidePreventionMonth"
RepTomEmmer,1310584936190140423,2020-09-28 14:19:32,"I was proud to cosponsor @SenCoryGardner‚Äôs and @RepChrisStewart‚Äôs National Suicide Hotline Designation Act, which will designate #988 as the telephone number for those struggling with a mental health crisis. #SuicidePreventionMonth"
RepTomEmmer,1308501109066084352,2020-09-22 20:19:09,Another opportunity to get much needed relief from the impact of the #coronavirus outbreak. Learn more here: https://t.co/0bOY5R37bg
RepTomEmmer,1308104637799714817,2020-09-21 18:03:43,"I‚Äôve fought in Congress to keep our #smallbusiness community a cornerstone of our #COVID19 relief with programs like the #PaycheckProtectionProgram, which supported more than 51 million American jobs. #SWB2020"
RepTomEmmer,1308103967851843588,2020-09-21 18:01:03,"This year, small businesses have been challenged like never before. They‚Äôve served as essential hubs for communities across our country, all while facing closures and navigating the #COVID19 Crisis. #SWB2020 https://t.co/qWWgxz3Aaw"
RepTomEmmer,1307008588414627847,2020-09-18 17:28:25,"Thanks to @DCGKNasim for taking the time to talk to me this week! Minnesotans in the Northwest Angle depend on passage across the Canadian border, and #COVID19 has brought the border and local business to a halt. We will find a solution!"
RepTomEmmer,1306743686437494786,2020-09-17 23:55:47,"Our farmers &amp; producers have been hard at work keeping our food supply strong through the COVID-19 crisis, but many are struggling to make ends meet. To support them through the pandemic, @USDAFSA launched the Coronavirus Food Assistance Program (#CFAP)"
RepTomEmmer,1305527682789146625,2020-09-14 15:23:49,"When shopping for #Medicare &amp; #MedicareAdvantage health plans, it can be helpful to know how out-of-pocket costs can impact how much you‚Äôll spend on care. Compare different coverage choices via @CMSgov here: https://t.co/jFsiS5eWK6"
RepTomEmmer,1304080648907489283,2020-09-10 15:33:50,"Our nation‚Äôs #veterans are also disproportionately vulnerable to suicide. My SAVE Act will improve same-day treatment at #VA hospitals, especially for mental health concerns where a delay in care could mean the difference between life and death. https://t.co/FXYmELjsfr"
RepTomEmmer,1304080374000222209,2020-09-10 15:32:44,"Our ag community also faces disproportionately high rates of suicide and mental health crises‚Äîaccording to @CDCgov, farmers are at a higher risk due to the stress factors presented by their work."
RepTomEmmer,1304080210556579842,2020-09-10 15:32:05,I have fought to get patients the complete care they need. My Expanding Access to Inpatient Mental Health Act will eliminate an arbitrary cap on #mentalhealth treatment. Read more: https://t.co/Dp5vt3IfuD
RepTomEmmer,1304048795492196352,2020-09-10 13:27:15,FINAL REMINDER: Tomorrow is the last day to apply for @USDA‚Äôs Coronavirus Food Assistance Program. Learn more about how to apply via my website: https://t.co/MDWa5EedxL https://t.co/wlYDQGy1Mx
RepTomEmmer,1303781678595403777,2020-09-09 19:45:49,ICYMI: The #AugustJobsReport released last week showed an additional 1.37 million jobs were created last month &amp; the fourth consecutive month of growth. We will recover from #COVID19 stronger than ever! https://t.co/KIuy8F6zTJ
RepTomEmmer,1303480910168428545,2020-09-08 23:50:41,"REMINDER: Applications for @USDA‚Äôs Coronavirus Food Assistance Program (#CFAP) close FRIDAY, Sept. 11. Learn how to apply via my website: https://t.co/MDWa5EedxL https://t.co/C6fAPJJ8dm"
RepTomEmmer,1301906734018109442,2020-09-04 15:35:28,I am thrilled to see @HHSgov investing in new ways to keep us connected via their new MENTAL Health Innovation Challenge. Learn more here: https://t.co/Skh3Aw20eH
RepTomEmmer,1301906638102761474,2020-09-04 15:35:05,The #COVID19 crisis has brought many challenges‚Äîone of the largest among them is how to prevent social disconnection and its effects while keeping vulnerable populations safe.
RepTomEmmer,1301289193726005248,2020-09-02 22:41:35,"RT @DigitalChamber: (4/8) .@RepTomEmmer: ""When a crisis forms like the Coronavirus outbreak, blockchain can be an answer to many of the pro‚Ä¶"
RepTomEmmer,1300429057717395457,2020-08-31 13:43:42,"Did you know that in 2018, over 67,000 Americans died of an overdose? To fight addiction before it‚Äôs too late, we need consistent access to quality care. Read more about my work to improve access to vital mental health care here: https://t.co/Dp5vt3IfuD #IOAD2020"
RepTomEmmer,1298690130937610240,2020-08-26 18:33:50,Incredible - @EPA has approved the use of a new product which will kill #COVID19 on surfaces for up to a week! https://t.co/DjmqmQQ6uD
RepTomEmmer,1298350813694353416,2020-08-25 20:05:30,".@WashingtonCoMN Residents‚Äîif your income has been impacted by #COVID19 &amp; you are now struggling with rent &amp; utility payments, you may be eligible for support under the #CARES Act."
RepTomEmmer,1296914709644488704,2020-08-21 20:58:56,"Great call with @MNBroadcasters! Local tv &amp; radio stations have been reporting on the front lines and remotely, but have still been hit hard by the #COVID19 crisis. https://t.co/lGvyVQc2DV"
RepTomEmmer,1296797717100994567,2020-08-21 13:14:03,#SmallBusiness has been hit hard during #COVID19. They‚Äôve adapted &amp; worked harder than ever - but they still need our support. Thank you to @NFIB for discussing how congress can support them as our economy recovers! https://t.co/3hICS9t39w
RepTomEmmer,1295524976032911360,2020-08-18 00:56:38,"President @realDonaldTrump's Administration has provided the people of Minnesota:
‚úÖ OVER $9.9 Billion to small business in @SBA loans

‚úÖ $5.0 Billion in Economic Relief Payments to the hardworking taxpayers

‚úÖ Thousands of vials of Remdesivir to hospitalized COVID-19 patients"
RepTomEmmer,1294337981353013249,2020-08-14 18:19:57,REMINDER: Farmers &amp; producers impacted by the #COVID19 crisis can apply for relief through the @USDA Coronavirus Food Assistance Program. Learn more: https://t.co/MDWa5EedxL https://t.co/9Cu8yXgkgt
RepTomEmmer,1293211868782370816,2020-08-11 15:45:10,I am a cosponsor of @RepEliotEngel and @RepWalorski‚Äôs bill to designate this week as #NationalHealthCenterWeek. #NHCW20 https://t.co/mKSrJ4cs2k
RepTomEmmer,1293211738209386501,2020-08-11 15:44:39,"#CommunityHealthCenters are an essential piece of our public health response to crises like #COVID19, serving nearly 29 million Americans every year."
RepTomEmmer,1292854583606353921,2020-08-10 16:05:27,#DidYouKnow that just one plasma donation from a #COVID survivor can help THREE patients in recovery? Learn more about how to donate here: https://t.co/tXhQtxHb3R
RepTomEmmer,1291475756045000707,2020-08-06 20:46:29,Thank you to Acting @DeptVetAffairs Dep. Sec. Pamela Powers for coming to the St. Cloud VA this week! Glad to have time to discuss how the #VA and congress can support vets in the #COVID19 crisis &amp; beyond.
RepTomEmmer,1291389176856948736,2020-08-06 15:02:27,"The #COVID19 crisis has hit our small businesses hard, but I‚Äôm proud to see Minnesotans stepping up for their community. Thank you to Sherburne County on this effort to provide additional relief! 
https://t.co/5SdMKzeb3V"
RepTomEmmer,1291121718598291458,2020-08-05 21:19:40,"#ICYMI ‚Äì last week, the House passed the Water Resources Development Act, or #WRDA. This bill supports our water infrastructure and other projects that are critical for everything from national security to public health. Read more from @westerncaucus here: https://t.co/JYq8yzcpSQ"
RepTomEmmer,1291054086067036161,2020-08-05 16:50:55,"Now more than ever, employee safety is vital to ensuring public health. Thank you to @USDOL for promoting these important resources! https://t.co/bFKvi1x5pE"
RepTomEmmer,1291001251417726976,2020-08-05 13:20:58,The #COVID19 crisis has put stress on many Americans' finances. Thanks to @EdwardJones for including me in your roundtable on how we can get Americans the support they need! https://t.co/HR8lPdjnoL
RepTomEmmer,1290819106044878849,2020-08-05 01:17:11,"#Telehealth has been an incredible weapon in our fight against #COVID19, but it remains out of reach for too many of our rural communities. Thank you to @RealDonaldTrump and @SeemaCMS for this order to improve rural telehealth access! https://t.co/yyfU2UZw1f"
RepTomEmmer,1290398391650918402,2020-08-03 21:25:25,"RT @GOPLeader: Every single time Congress has tried to pass coronavirus relief, one person has held it up‚ÄîNancy Pelosi.

Democrats have onl‚Ä¶"
RepTomEmmer,1290330813435916291,2020-08-03 16:56:53,"Have you gotten robocalls, text messages, or emails offering free face masks, free COVID-19 testing kits or treatments? Don‚Äôt let scammers use the #COVID19 crisis to steal your #Medicare info. Learn more here: https://t.co/0b3U8Dfw07"
RepTomEmmer,1288858955595362304,2020-07-30 15:28:15,"Proud to see small breweries &amp; taprooms thriving, esp. after being hit hard by the #COVID19 crisis. Last month, I sent a letter to @RepKevinBrady &amp; @RepRichardNeal to advocate for this important industry!
https://t.co/VIPSbgRx3j"
RepTomEmmer,1288221903958814726,2020-07-28 21:16:50,"They‚Äôve been working overtime, and this outbreak has hit local radio &amp; television stations hard. I sent a letter with my #BroadcastersCaucus co-chair @RepBrendanBoyle to House &amp;Senate leadership in support of local broadcaster assistance in #COVID19Relief  https://t.co/pDPLDCbK2r https://t.co/0RIagrmdXy"
RepTomEmmer,1288143250679836672,2020-07-28 16:04:18,"RT @usdafsa: FSA is accepting applications for the Coronavirus Food Assistance Program (CFAP) through Aug. 28, 2020. Review the list of com‚Ä¶"
RepTomEmmer,1288134108552531969,2020-07-28 15:27:58,"Telehealth has become more important than ever. During the #COVID19 pandemic, an unprecedented number of patients have relied on virtual care from @CMSGov, including 135 of their new virtual services. https://t.co/YUZFqVatzk"
RepTomEmmer,1285673004282806272,2020-07-21 20:28:25,"RT @FinancialCmte: #BREAKING: DOJ just charged #CCP linked hackers responsible for attacks on American institutions fighting #COVID19.
 
Th‚Ä¶"
RepTomEmmer,1284177245872037890,2020-07-17 17:24:48,ICYMI: @POTUS &amp; @DeptVetAffairs have made major progress towards eliminating #veteransuicide. The new #REACHnow initiative empowers vulnerable vets to get the mental health care they need. Thank you to @SecWilkie for your work on this vital project! https://t.co/Q1d0XBJx1s
RepTomEmmer,1284139156856283136,2020-07-17 14:53:27,The fight against #COVID19 is being fueled by Minnesotan #innovation. Congratulations @3M on this exciting development! https://t.co/JFzgZ7ceeL
RepTomEmmer,1283842869703462912,2020-07-16 19:16:07,"Reliable, accessible child care supports our frontline workers and will help get our nation back to work. I wrote a letter with @RodneyDavis urging House Leadership to support our nation‚Äôs child care providers in future #COVID19 relief. Read the letter ‚Üì https://t.co/5ltDDn3k4q https://t.co/hGGb8Qum2v"
RepTomEmmer,1282695319071973377,2020-07-13 15:16:10,"Shortages of mental health professionals are a persistent problem that must be addressed. Thank you to everyone working to improve mental health in Minnesota. More via @sctimes: 
https://t.co/aV8Z7CePC5"
RepTomEmmer,1281699483202531328,2020-07-10 21:19:04,Great to meet with @SIFMA this week to talk about how we can support the future of capital markets as we recover from #COVID19.
RepTomEmmer,1281254667838722050,2020-07-09 15:51:32,"RT @bittmand: Special thanks to the Congressman Emmer Team today for the time and opportunity to discuss COVID 19 and FY 21 Funding, Equita‚Ä¶"
RepTomEmmer,1280617550691393539,2020-07-07 21:39:51,RT @RepDavid: Innovation Update: The United States continues to lead the world in number of companies working towards #COVID19 therapy deve‚Ä¶
RepTomEmmer,1280265628859928576,2020-07-06 22:21:26,"The COVID-19 crisis has resulted in many new relief programs designed to help Minnesotans, farms, small businesses, and more. Unfortunately, trying to navigate these programs can be difficult. My casework team stands ready to help. Learn more here: https://t.co/PwsvmjIJW2"
RepTomEmmer,1278398477907697669,2020-07-01 18:42:03,Rural health providers have faced unique challenges in the fight against #COVID19. Thanks to @RepHagedorn for leading our letter urging @SecAzar to protect them during this time. https://t.co/J7NUbJ3Ke6
RepTomEmmer,1277616648032325634,2020-06-29 14:55:20,"RT @CFPB: If you‚Äôre worried about how the #coronavirus pandemic will affect your debt, we have guidance on steps you can take, and what to‚Ä¶"
RepTomEmmer,1276262050071789575,2020-06-25 21:12:39,"My SAVE Act increases VA accountability for same-day mental health care, giving veterans the support they need to face #PTSD. Read more about the SAVE Act here: https://t.co/FXYmELjsfr #PTSDAwarenessMonth"
RepTomEmmer,1276252341994479622,2020-06-25 20:34:04,"RT @LSCtweets: Miss LSC's recent briefing on #evictions and the COVID-19 pandemic featuring Evicted author Matthew Desmond, @RepTomEmmer an‚Ä¶"
RepTomEmmer,1275135019741335553,2020-06-22 18:34:14,"ICYMI: I joined @agripulse‚Äôs ‚ÄúMeet the Lawmaker‚Äù program to discuss the much-needed increase in rural broadband development, ongoing trade negotiations, and the importance of mental health access for agricultural workers. Watch here: https://t.co/LURZN7HeBc"
RepTomEmmer,1273366682438950912,2020-06-17 21:27:29,Glad to join @RepDavidKustoff‚Äôs letter advocating for the extension of the telehealth waivers offered by @CMSGov. Utilizing technology to improve health care will benefit Minnesotans and Americans across the country. https://t.co/tlZkENiWCY
RepTomEmmer,1273360249215504384,2020-06-17 21:01:55,"The #COVID19 crisis has taken an unprecedented toll on our small businesses, but thanks to the #PaycheckProtectionProgram they‚Äôre leading our economic recovery. https://t.co/R2zCPXVc3B"
RepTomEmmer,1272980792038301698,2020-06-16 19:54:06,Is your business still experiencing stress from the #COVID19 crisis? @SBAgov has announced they will reopen their #EIDL portal to help get small businesses and nonprofits the support they need. Learn more &amp; apply here: https://t.co/2QEzR37H56
RepTomEmmer,1272935280186621953,2020-06-16 16:53:15,"ICYMI: I Joined Jay Caldwell on @WJON_News to discuss the pressing issues our communities are facing. We covered my new legislation, the Community OutPost (COP) Outreach and Engagement Act, and the ongoing fight to defeat Coronavirus. Listen here: https://t.co/6siS3VbF7W"
RepTomEmmer,1271178515900137475,2020-06-11 20:32:30,Met w. Dr. Greg Schoen at the @FairviewHealth in Princeton to discuss how we can defeat the #COVID19 virus. My office was able to connect Fairview with thousands of masks for frontline health care workers and I was honored to visit and see the outstanding care they provide. https://t.co/nAbMpZiGZK
RepTomEmmer,1271166662553808905,2020-06-11 19:45:24,"During this #COVID19 crisis, being confined to your home was more difficult for some more than others. I was proud to meet with @nnedv to learn how we can work together to #enddomesticviolence and make home a safe place for all of us."
RepTomEmmer,1270476563314806784,2020-06-09 22:03:11,"RT @RepHagedorn: Pork producers have suffered throughout the pandemic, but thanks to @POTUS‚Äôs use of the #DefenseProductionAct, the industr‚Ä¶"
RepTomEmmer,1269983208109719552,2020-06-08 13:22:46,Proud to see concrete signs of recovery during our unprecedented #COVID19 crisis. Americans are eager to get back to work! https://t.co/UUk0Yt1T5X
RepTomEmmer,1268599048451358722,2020-06-04 17:42:37,"Throughout the COVID-19 outbreak, direct support professionals have remained a vital resource to individuals with disabilities, I am committed to ensuring they are supported as they continue their care for the individuals they serve. https://t.co/thT1Feka6P"
RepTomEmmer,1266535145617702913,2020-05-30 01:01:24,"Grateful to our service members in the @MNNationalGuard for serving their fellow Minnesotans! Last week, they were providing and administering free #COVID19 tests and today, once again, they have responded when our state needed them. Thank you! https://t.co/bhgM9fa6MJ"
RepTomEmmer,1265648601625251840,2020-05-27 14:18:35,"Our mental health requires constant maintenance and care, especially for those in our heavily-stressed farming communities. Thank you to South Dakota soy farmer Brandon Wipf for sharing how he supports his mental health with @ASA_Soybeans #soyhelp https://t.co/2fplbh5pYS"
RepTomEmmer,1265381722386059272,2020-05-26 20:38:06,Applications open TODAY for @USDAFSA‚Äôs new Coronavirus Food Assistance Program (CFAP) for agricultural relief. Read more about the program and learn how to apply on my website: https://t.co/MDWa5EedxL
RepTomEmmer,1263841743260221442,2020-05-22 14:38:47,RT @SecAzar: Returning to normal isn‚Äôt about balancing health v. the economy. It‚Äôs about balancing health v. health: the health risks of CO‚Ä¶
RepTomEmmer,1263841534367203328,2020-05-22 14:37:57,ICYMI: I sent a letter to Congressional leadership yesterday requesting an extension of the mental telehealth care provisions enacted during the COVID-19 outbreak. Mental health care access is vital and should be a top priority for our nation. Read more:  https://t.co/RR33xOSMpA
RepTomEmmer,1263475820724719616,2020-05-21 14:24:44,"As we address the economic fallout from #COVID19, it‚Äôs important that we continue to prioritize a plan to stem our growing national debt. I am a cosponsor of my colleague @RepJohnCurtis‚Äôs #DealwithDebtTodayAct to keep Congress accountable. Read more here: https://t.co/SsgYj6ONFa"
RepTomEmmer,1263159251029106690,2020-05-20 17:26:48,There is still time to register for today‚Äôs @VeteransHealth and @DoleFoundation webinar at 1PM CT to guide veterans through how to access VA Whole Health resources during COVID-19. You can register here: https://t.co/VMCVzC29hc
RepTomEmmer,1262910562264068096,2020-05-20 00:58:36,"This #MentalHealthMonth, let‚Äôs join @ASA_Soybeans in remembering the #FarmStress facing our agriculture community. Our farmers face unique mental health challenges, and they deserve support and resources like those offered in my #STRESSAct https://t.co/in95jex0Lh"
RepTomEmmer,1262752782227894274,2020-05-19 14:31:38,Our grocers have been working hard on the front lines of this crisis to keep our pantries stocked and plates full. Thank you to @MNGrocers for taking the time to talk about how we can support them through #COVID19!
RepTomEmmer,1261338822190796800,2020-05-15 16:53:04,RT @mnredcross: HUGE! thanks to our Minnesota Congressional Delegation for urging people to donate convalescent plasma for #COVID19 patient‚Ä¶
RepTomEmmer,1261335836383215617,2020-05-15 16:41:12,"RT @AjitPaiFCC: Consumers need connectivity to work from home, help kids learn, benefit from #telehealth, &amp; more during #COVID19. That's wh‚Ä¶"
RepTomEmmer,1260683529228296194,2020-05-13 21:29:10,"This month is #MentalHealthAwarenessMonth, and as stress is manifested due to the ongoing concerns around the #COVID19 outbreak, my office compiled a list of resources for you and your loved ones to navigate this difficult time.  Learn more on my website: https://t.co/PYlDHshq41"
RepTomEmmer,1260602274780512257,2020-05-13 16:06:17,"Huge thanks to @realDonaldTrump and his Administration for ensuring the @DeptVetAffairs offers expanded free and subsidized telehealth services to our veterans! They protected our freedoms, and we must protect them during this outbreak."
RepTomEmmer,1260247471307067392,2020-05-12 16:36:26,Find #Tools2Thrive by taking @NAMIMinnesota‚Äôs 31-day mental health challenge! #MentalHealthAwarenessMonth https://t.co/2ylHlwJAB7
RepTomEmmer,1260245493483032579,2020-05-12 16:28:34,RT @IRSnews: Act by May 13 for chance to get an Economic Impact Payment from #IRS through direct deposit https://t.co/g7NlRqDwoZ #COVIDreli‚Ä¶
RepTomEmmer,1258776689993224193,2020-05-08 15:12:04,Glad to see @RepBlaine is set to serve on the Select Subcommittee on the Coronavirus Crisis. I know he will ensure the focus of this group of legislators remains on the facts about our nation‚Äôs quick and effective response to #COVID19.
RepTomEmmer,1258464945643106304,2020-05-07 18:33:18,Jacquie and I have continued to pray for comfort and healing for everyone impacted by #COVID19. #NationalDayofPrayer
RepTomEmmer,1257379011547799553,2020-05-04 18:38:11,A huge thank you to our community health centers who remain a vital service to our communities during this difficult time. We are so grateful for the care you give and the sacrifices you make to care for your fellow Minnesotans. https://t.co/6zBXxCXy7J
RepTomEmmer,1256293671839956992,2020-05-01 18:45:26,"I‚Äôm proud to co-sponsor @RepFrenchHill‚Äôs legislation to promote safer transactions during the #COVID19 outbreak. This modern, touchless approach will save lives and help revolutionize the future of our current payment infrastructure! https://t.co/x7ctOgzt6m"
RepTomEmmer,1255580744354840587,2020-04-29 19:32:31,It was an honor to have @VP Mike Pence visit Minnesota yesterday to see firsthand the outstanding work @MayoClinic is doing to fight #COVID19. Listen to their roundtable discussion here: https://t.co/2PNFr8drFn
RepTomEmmer,1255502635421118465,2020-04-29 14:22:09,"It has been incredible to see the outpouring of support for our frontline health care workers from individuals, communities, and companies across the nation. This initiative by @UnitedHealthGrp‚Äôs Foundation will help in the fight against #COVID19. https://t.co/gr3SJm0k4K"
RepTomEmmer,1254897161189437440,2020-04-27 22:16:12,"Thank you to our doctors, nurses, support staff, emergency response workers, and all of the people who love them for their service in our fight against #COVID19. We will defeat this together! https://t.co/NGgpixlN0Z"
RepTomEmmer,1253764938637758464,2020-04-24 19:17:09,Proud to co-sponsor @RepHuizenga's HEROES Act - which gives medical professionals and first responders on the front lines of this war against #COVID19 a federal income tax holiday while fighting this virus! We are grateful to them. #ThankYouHealthWorkers
RepTomEmmer,1253465015321071619,2020-04-23 23:25:22,"Today, I voted in favor of the Paycheck Protection Program and Health Care Enhancement Act. Read my full statement here: https://t.co/WTi5WTsvIs"
RepTomEmmer,1253362493889695744,2020-04-23 16:37:59,As we celebrate 112 years of the @USArmyReserve today - Let us acknowledge the incredible service of these men and women who are making our nation stronger right now by aiding our frontline health care workers! #USARBirthday112 #TwiceTheCitizen https://t.co/CFIbC00kiL
RepTomEmmer,1253047526221123586,2020-04-22 19:46:25,Thank you to @MedicalAlley for hosting a virtual town hall yesterday &amp; allowing me to participate. Our medical device community is doing outstanding work to increase production &amp; assist our frontline health care workers with the tools to fight #COVID19. https://t.co/9SGlNfT1BK
RepTomEmmer,1252949685418983424,2020-04-22 13:17:38,"Incredible to see Tina Peterson, a FedEx truck driver from @BlaineMN speaking at the @WhiteHouse. Truck drivers have been some of the silent heroes throughout this pandemic. I am grateful to them for keeping the nation supplied and the American economy moving. https://t.co/uny0Ftot1p"
RepTomEmmer,1251278732779761666,2020-04-17 22:37:52,"Proud to see MN‚Äôs researchers &amp; workers at the front lines of our fight against #COVID19. @FDA just approved a device to help patients breathe which was designed at @UMNews, and will begin production in MN. https://t.co/AQWBEtfxQq"
RepTomEmmer,1251200760215453696,2020-04-17 17:28:02,"Each year, @MinnPost hosts a night of comedy, music, and bipartisanship. Sad to see it canceled due to #COVID19 ‚Äì was looking forward to getting back on the MinnRoast stage. Can't wait to join next year! Watch highlights from last year, here: https://t.co/R43AWNPciH"
RepTomEmmer,1250856817648979983,2020-04-16 18:41:19,"You can read more about resources available to individuals experiencing financial difficulties due to #COVID19 on my website, here: https://t.co/dnTsgCQS2A"
RepTomEmmer,1250417826495676416,2020-04-15 13:36:56,"We will only be able to defeat #COVID19 through widespread &amp; accessible testing. Thank you to @CMSGov, @USDOL and @USTreasury for your guidance to ensure every American can be tested w. no out-of-pocket costs. https://t.co/cAvsoj3zSN"
RepTomEmmer,1250131837206355976,2020-04-14 18:40:30,"ICYMI- I appeared on @WJON_News to talk about the response to #COVID19, including the CARES Act and programs available to small businesses like the Paycheck Protection Program. Listen here: https://t.co/Yw86l9U2AD"
RepTomEmmer,1250082086708482050,2020-04-14 15:22:49,"The CARES Act, which I supported, is allowing MN cities to support some of our most vulnerable residents with shelter &amp; hygiene stations for the homeless during the #COVID19 crisis. https://t.co/uLm51bBCYU"
RepTomEmmer,1249754559108481024,2020-04-13 17:41:20,"As we continue to #StayAtHome to combat the spread of #COVID19, access to digital resources remains extremely important. For students practicing distance learning to parents continuing their work remotely, stay connected by visiting my resource kit here: https://t.co/Q0wsXQrNyz"
RepTomEmmer,1248310519242665989,2020-04-09 18:03:14,"On this day last year, the MN delegation came together for our annual #HotDish competition. While we might be far from our friends &amp; colleagues, our great state will stand united in our fight against #COVID19. https://t.co/jlzhawVaIo"
RepTomEmmer,1248035493910118408,2020-04-08 23:50:23,"RT @CSGJC: Is your community-based organization struggling to make ends meet because of #COVID19? 

Look to this inventory of private and p‚Ä¶"
RepTomEmmer,1248008694991740928,2020-04-08 22:03:54,"For members of our agriculture community, who continue to keep the shelves stocked and our plates full, my office assembled a list of resources as we continue to fight #COVID19 together. Read more here: https://t.co/MDWa5DWC9b"
RepTomEmmer,1247929518012186625,2020-04-08 16:49:17,"BREAKING --&gt; The @CDC has announced that they will award an additional $2.6M to MN‚Äôs state and local health departments, resulting in a total of $13M to support the fight against #COVID19 https://t.co/x1IXIdFPEO"
RepTomEmmer,1247916137351954432,2020-04-08 15:56:06,"RT @permedcoalition: ""Lessons learned from the emergence of COVID-19 will shape discussions about the future of health care for years to co‚Ä¶"
RepTomEmmer,1247623551600988160,2020-04-07 20:33:29,"Proud to see my colleagues from @FinancialCmte holding our leaders accountable‚Äîthe American people deserve decisive action to fight #COVID19, not partisan politics disguised as relief. https://t.co/wBeAQPfkFF https://t.co/00F3ly0vih"
RepTomEmmer,1247575714779537412,2020-04-07 17:23:23,"Today is #WorldHealthDay! To our health care professionals, their loved ones, and all others on the front lines around the world‚Äîwe thank you. https://t.co/HsWQHFU3Ev"
RepTomEmmer,1247308481646022656,2020-04-06 23:41:30,"With my support, the House passed a bill guaranteeing that our servicemen and women who had their education interrupted by #COVID19 will have access to their earned education benefits. Learn more about resources available to veterans on my website: https://t.co/2J8x9wbt1D"
RepTomEmmer,1245860313523609603,2020-04-02 23:47:00,"This week, thousands of Minnesota schools started online learning. For parents &amp; kids, this can mean adapting to new routines. Read more about my tips for families navigating #COVID19 here: https://t.co/BR7yxKdp9i"
RepTomEmmer,1245828715868651520,2020-04-02 21:41:26,"The CARES Act, which I supported, includes a new program to help small businesses bridge the gap in revenue so they can continue to pay their employees despite #COVID19 related closures and lost revenue."
RepTomEmmer,1245786823760269317,2020-04-02 18:54:59,"RT @rollcall: Blockchain technology could help hospitals stay stocked and staffed during¬†pandemics, advocates say https://t.co/mCRsPmy5tG"
RepTomEmmer,1245738592552574979,2020-04-02 15:43:19,"#COVID19 has impacted household incomes across the country, and paying monthly bills might be difficult. If you or a loved one is in need of mortgage relief, @CFPB has guidance! https://t.co/79fTYsCCqP"
RepTomEmmer,1244810666738843648,2020-03-31 02:16:05,"Last week, I voted in favor of the CARES Act. This bipartisan legislation will provide support for millions of Americans as we fight the spread of #COVID19, for doctors and nurses, small business owners, the recently unemployed, and Americans across the nation. https://t.co/2fW0kc2UQ6"
RepTomEmmer,1244685268202016770,2020-03-30 17:57:47,RT @mnhealth: We‚Äôre working with #CovidNearYou to gather data about #COVID-19. Sign up at https://t.co/kcE1KZSVmL to report how you‚Äôre feel‚Ä¶
RepTomEmmer,1244656514977185792,2020-03-30 16:03:32,Our efforts to fight #COVID19 have real impacts on our physical and mental well-being. My office assembled mental health resources for those struggling during this time. Read more here: https://t.co/UkSq61bvla https://t.co/GMVTUtYPY7
RepTomEmmer,1244435815167676427,2020-03-30 01:26:33,"ICYMI: Due to #COVID19 safety concerns, the MN October 1, 2020 deadline for enforcement on #REALID will be pushed back a year to October 1, 2021. https://t.co/BmKJjC7aqn"
RepTomEmmer,1243281249411751936,2020-03-26 20:58:43,Minnesota‚Äôs greatest asset has always been the ingenuity of its people. Proud to see Minnesotans doing their part to support our doctors and nurses at the front lines in our fight against #COVID19! https://t.co/aX3nlzVorW
RepTomEmmer,1243277012304789513,2020-03-26 20:41:53,"It‚Äôs incredibly important that we take these directives seriously, as they can directly impact the health of our family, friends and neighbors. Read more about the order and what it means for you here: https://t.co/5MqDorGtOn"
RepTomEmmer,1243260940436541441,2020-03-26 19:38:01,"BREAKING --&gt; Based on recommendations from @UMNews and @MNHealth, @GovTimWalz announced a ‚Äústay at home‚Äù order, requiring Minnesotans to stay at home unless absolutely necessary. https://t.co/4L4Ag2A3aM"
RepTomEmmer,1242962727301189632,2020-03-25 23:53:01,"Today, I spoke with the CEO of @Coborns, the @StCldAreaChamb, @MN_Chamber, @mncreditunions and the @MinnBankers - These folks are a huge part of the fight to combat coronavirus and keep our economy and small businesses alive. We can fight this together. https://t.co/zfRI8uQw5w"
RepTomEmmer,1242805926526099456,2020-03-25 13:29:57,Proud to see @3M ramp up their continued production of N95 respirators ‚Äì with nearly 100 million manufactured per month! You are protecting our front line health care workers around the country ‚Äì We are grateful. Thank you!  https://t.co/0JCgUGnuMH
RepTomEmmer,1242559102406070275,2020-03-24 21:09:10,"Small businesses are the economic engines of our community, but they are also among the hardest hit by the #COVID19 outbreak. See my toolkit below to learn more about resources for small business owners and employees! Read more here: https://t.co/akWkDJlujl https://t.co/oaor6QhyPE"
RepTomEmmer,1242550528690831362,2020-03-24 20:35:06,"Thank you to the nearly 10,000 constituents who participated in my #COVID19 tele-town hall yesterday! If I didn‚Äôt have time to answer your question, you can always email me at https://t.co/8LVIr3NfRr. https://t.co/6pve9R27yI"
RepTomEmmer,1242462565646688256,2020-03-24 14:45:34,Incredible! Minnesota‚Äôs backlog of #COVID19 tests has been eliminated with the help of @MayoClinic. https://t.co/Lkl6xCXKJj
RepTomEmmer,1242174141811380224,2020-03-23 19:39:28,"Proper mental health care is essential, especially as we embrace social distancing and other precautions to slow the spread of #COVID19. Read more about how mental health professionals are embracing telehealth here: https://t.co/F56SF9rmWz"
RepTomEmmer,1242151930815746049,2020-03-23 18:11:13,"ICYMI: In light of the #COVID19 outbreak, @MNSure will open up a special enrollment period for those currently w/o insurance. The enrollment period will run from today to April 21. Read more here: https://t.co/7i6dKYFjel"
RepTomEmmer,1242119374963650568,2020-03-23 16:01:51,"My office has put together a resource kit for seniors who are at a higher risk from COVID-19. Learn more by visiting here, or by reading below: https://t.co/gfBjn58e0W 
 
For additional information, visit my website at https://t.co/go9x27Rcvs. https://t.co/yQfTxN11g7"
RepTomEmmer,1241764629753323520,2020-03-22 16:32:13,"RT @BentonCountyMN: Numbers of lab confirmed COVID-19 cases continue to rise in MN. We urge you to take the recommendations seriously, and‚Ä¶"
RepTomEmmer,1241757201246621700,2020-03-22 16:02:42,RT @mnhealth: This is why we‚Äôre asking people to take protective measures like stay home &amp; cancel events. #FlattenTheCurve to slow the spre‚Ä¶
RepTomEmmer,1241733231151644672,2020-03-22 14:27:27,"RT @HSBCgop: While Congress continues its work responding to the coronavirus, here are a few ways to support small businesses:

‚úîÔ∏è Buy gift‚Ä¶"
RepTomEmmer,1241415371942436869,2020-03-21 17:24:23,"Jacquie and I are praying for the family and loved ones of the Minnesotan who lost their life to COVID-19. As we combat this virus, I urge you: follow the precautions, wash your hands, practice social distancing, reduce the risk of exposure. Together, we can stop the spread."
RepTomEmmer,1241414023997984768,2020-03-21 17:19:02,Hospitals in Minnesota are on the front lines of combatting the spread of COVID-19. I received a briefing from @MNhospitals on the status of our facilities. Inspired by our dedicated health care workers who are serving their fellow Minnesotans. https://t.co/geles6KwB7
RepTomEmmer,1241076358350061569,2020-03-20 18:57:16,"ICYMI: With my support, the House passed legislation that will ensure G.I. Bill benefits will cover our Veterans‚Äô tuition and housing allowances, no matter what measures their school has to take to prevent the spread of #COVID19. 
https://t.co/YlwnAqTMbM"
RepTomEmmer,1241003501045628929,2020-03-20 14:07:46,I had an important call with Lt. Col. Jason Hull of the @MNNationalGuard to discuss their role in Minnesota‚Äôs overall emergency operations plan. They are an integral part of our state‚Äôs response to combat COVID-19. https://t.co/87h34i1hms
RepTomEmmer,1240728466737311750,2020-03-19 19:54:52,Minnesotans are at the front lines in the fight against #COVID19! Thanks to @3M and @Medtronic for stepping up their production masks for health care workers and N95 ventilators to help care for those with the virus.
RepTomEmmer,1240632418027081731,2020-03-19 13:33:12,"There are steps all of us can take to protect the health of our friends, family and neighbors. Read the @WhiteHouse  
guidelines on how to stay healthy below. https://t.co/61cN3cIs2G"
RepTomEmmer,1240366842184687617,2020-03-18 19:57:54,"This morning I spoke with Dr. Thelen from the St. Cloud VA Hospital, who briefed me on the steps they‚Äôre taking to ensure service and care. They‚Äôre open for business, but please call them at 320-252-1670 before visiting! https://t.co/87QFa50llD"
RepTomEmmer,1240341768261992450,2020-03-18 18:18:16,"In difficult times, it is our duty to stand by our fellow Minnesotans for the good of our community. All of us Minnesotans in Congress came together to share our recommendations on how to fight #COVID19. We will overcome this virus, together. https://t.co/rQcI9q6Ryc"
RepTomEmmer,1239999579254374401,2020-03-17 19:38:32,"We need to work together as a community to keep families and ourselves healthy. As our response to #COVID19 develops, monitor my information hub for new resources &amp; updates here: https://t.co/go9x27Rcvs"
RepTomEmmer,1239997539073560576,2020-03-17 19:30:26,@GovTimWalz announced yesterday that some public places would temporarily close their doors to slow the spread of #COVID19. Here's what that means for you:
RepTomEmmer,1239657591552212993,2020-03-16 20:59:36,"While many of us are practicing social distancing to slow the spread of #COVID19, let‚Äôs take a moment to thank our brave law enforcement, first responders, and all those who are still providing essential services. Thank you for keeping us safe and prepared."
RepTomEmmer,1239648788660264960,2020-03-16 20:24:37,"Ending the spread of #COVID19 will require Minnesotans to work together. If you have questions about how to keep your community safe, you can access my information hub here: https://t.co/go9x27Rcvs"
RepTomEmmer,1239648572947251210,2020-03-16 20:23:46,"Yesterday, @GovTimWalz announced that MN K-12 schools would be closed through March 27 to combat the spread of #COVID19. Read more here: https://t.co/C2tjuP0vvO"
RepTomEmmer,1239202873273131015,2020-03-15 14:52:42,Read my full statement regarding my vote on the Families First Coronavirus Response Act here: https://t.co/XJS1PdPgkf
RepTomEmmer,1238581499840081930,2020-03-13 21:43:35,@RealDonaldTrump just announced a national emergency in response to #coronavirus. This means @FEMA can free up more than $42 billion in funding for states through the Disaster Relief Fund to allow for a stronger response to mitigate this virus and treat those affected.
RepTomEmmer,1238575632768012291,2020-03-13 21:20:17,Thank you to @MayoClinic for your incredible efforts. A testing site is available seven days a week in Rochester. More information at https://t.co/D9VRItVbD4 #COVID19 https://t.co/CxJUoo5nji
RepTomEmmer,1238526973430976513,2020-03-13 18:06:55,"To stay in compliance with public health recommendations, all Capitol and White House tours will be canceled through the end of March. We have reached out to those with a tour scheduled through our office, but please contact the DC office at (202) 225-2331 with any questions."
RepTomEmmer,1238517391581220866,2020-03-13 17:28:51,Breaking --&gt; Minnesota will receive more than $10.5 million in CDC funds from the #COVID19 supplemental. These funds will help state and local governments fight #coronavirus and keep Minnesotans healthy.
RepTomEmmer,1238189847187251200,2020-03-12 19:47:18,"RT @CityFoleyMN: Attention Foley Friends: To help prevent the spread of viruses, here are a few ways you can contact City Hall if you are f‚Ä¶"
RepTomEmmer,1238169245323866115,2020-03-12 18:25:26,"During #WomensHistoryMonth, we often recognize women from our history books. However, we can‚Äôt forget about the everyday heroes that keep our communities safe and healthy. Read about some of them in @abcnewspapers here: https://t.co/6N3lJtCAZN"
RepTomEmmer,1237793715894321152,2020-03-11 17:33:13,You can read more about the resources available to help you and your loved ones stay healthy here: https://t.co/go9x27Rcvs
RepTomEmmer,1237792485474217984,2020-03-11 17:28:20,"In response to #coronavirus, Congress passed an $8.3 billion supplemental last week. This funding is going towards:
  
‚Ä¢Expediting vaccine development
‚Ä¢Purchasing essential supplies
‚Ä¢Assisting state &amp; local health officials"
RepTomEmmer,1237484333000163331,2020-03-10 21:03:50,"BREAKING ‚Üí Today, we launched a resource page on our website to keep Minnesotans informed with updates on COVID-19 (coronavirus). Visit this page to learn more about how to stay healthy and to keep up with efforts to prevent the spread of this virus. https://t.co/go9x27Rcvs"
RepTomEmmer,1237457664113811464,2020-03-10 19:17:52,"Some people are at higher risk of getting very sick from #coronavirus:
  
‚Ä¢Older adults
‚Ä¢People who have serious chronic medical conditions - heart disease, diabetes, &amp; lung disease

Please visit https://t.co/24jntsxMNb to see specific steps you should take to protect yourself"
RepTomEmmer,1237393240086601736,2020-03-10 15:01:52,RT @HHSGov: Washing your hands is one of the best ways to help stop the spread of #COVID19. The @Surgeon_General explains the five key step‚Ä¶
RepTomEmmer,1237125702723555328,2020-03-09 21:18:46,"Our health care professionals are working hard to contain #coronavirus. Make sure you know the signs &amp; symptoms of COVID-19. They could appear 2-14 days after exposure:
‚Ä¢Fever
‚Ä¢Shortness of breath
‚Ä¢Cough 
Stay home &amp; contact your doctor if you start experiencing symptoms!"
RepTomEmmer,1236865807029882880,2020-03-09 04:06:02,"As cases of #coronavirus #COVID19 are confirmed in Minnesota, remember to protect yourself by following the steps below. For more information follow @mnhealth and read their latest news update here: https://t.co/aFgwCgj0I0 https://t.co/zUkrIEaD8h"
RepTomEmmer,1236864532691202048,2020-03-09 04:00:59,"RT @MPRnews: Here's one more update of our story on Minnesota's second case of coronavirus, with additional background and information from‚Ä¶"
RepTomEmmer,1236009199085199365,2020-03-06 19:22:11,Happy to see the quick &amp; nonpartisan response to #coronavirus. Thank you to @realDonaldTrump for signing this legislation to help keep Americans healthy! https://t.co/wAOzAA1bUS
RepTomEmmer,1235978458393608195,2020-03-06 17:20:02,It was an honor to have @VP @Mike_Pence visit Minnesota. @3M is at the forefront of the medical technology that will stop the spread of #coronavirus (COVID-19). I‚Äôm glad the Administration has taken the necessary actions to contain the virus. https://t.co/JTHHoQhfDp
RepTomEmmer,1235689683939622914,2020-03-05 22:12:33,"RT @HouseGOP: Yesterday, the House approved emergency funding that provides critical funding to combat the spread of #coronavirus by making‚Ä¶"
RepTomEmmer,1235689093423599616,2020-03-05 22:10:12,"Last night, my colleagues and I passed an emergency funding package to support a swift and strong response to #coronavirus. The health of the American people is not a partisan issue. https://t.co/QQMgj07xqX"
RepTomEmmer,1235240924520886272,2020-03-04 16:29:20,"RT @MNcounties: Congressman Tom Emmer talked at length about mental health concerns of #mncounties, including mental health resources for f‚Ä¶"
RepTomEmmer,1234613911552393218,2020-03-02 22:57:49,"Keeping Americans safe is always the highest priority. You can read more about the official response to #coronavirus from the @CDC, here: https://t.co/MkQtpaxcZb"
RepTomEmmer,1234612958107439107,2020-03-02 22:54:01,"Here are some prevention techniques you can take to minimize the spread of respiratory illnesses, like the #coronavirus:
‚Ä¢Avoid touching your eyes, nose, &amp; mouth.
‚Ä¢ Wash hands often with soap &amp; water.
‚Ä¢ Avoid close contact with people who are sick."
RepTomEmmer,1234611523600945153,2020-03-02 22:48:19,"There‚Äôs a lot of information being spread about #coronavirus (COVID-19). While the risk remains minimal for Americans, the US government is taking every step to keep Americans safe against the virus. https://t.co/amxk1sdWlb"
RepTomEmmer,1233487559940091908,2020-02-28 20:22:06,Great to meet with @MNVeteran. I will continue to partner with Commissioner Herke to end veteran suicide. My SAVE Act would ensure same-day mental health treatment at VA health facilities for those in crisis. Read more here: https://t.co/TUeCUlOJ4j https://t.co/xlw2ffK4Ib
RepTomEmmer,1233163863522205702,2020-02-27 22:55:50,"RT @WaysandMeansGOP: Under @realDonaldTrump‚Äôs leadership with support from @HouseGOP, progress is being made toward creating a health care‚Ä¶"
RepTomEmmer,1233162457570533378,2020-02-27 22:50:15,"February is #AmericanHeartMonth. Coronary heart disease affects 239,000 people in Minnesota. Join me and @TheHeartTruth &amp; let others know there is a lot we can do to keep #OurHearts healthy.  https://t.co/7Y9ZoBuxN7 https://t.co/NnrwO6VWJW"
RepTomEmmer,1230611864029188097,2020-02-20 21:55:06,RT @MentalIllPolicy: .@RepTomEmmer introduced H.R. 5006 so Medicaid can pay for hospitalized mentally ill adults. This would help lower the‚Ä¶
RepTomEmmer,1230520994898628610,2020-02-20 15:54:01,Thanks to @MentalIllPolicy and @WSJ for highlighting this important issue! You can read more about my work to improve mental health access here: https://t.co/o7yFWju87p https://t.co/FxsCB0FU32
RepTomEmmer,1227696908312961026,2020-02-12 20:52:07,@realDonaldTrump You can read more about my bill to improve mental health access and repeal the IMD exclusion here. Thank you @realDonaldTrump for advocating for expanded mental health treatment! https://t.co/Dp5vt3IfuD.
RepTomEmmer,1227694836356190208,2020-02-12 20:43:53,"@realDonaldTrump I am excited to see mental health among the priorities in the President‚Äôs Budget this year, including a proposal to modify the IMD exclusion and eliminate arbitrary barriers to treatment for those in need of mental health care."
RepTomEmmer,1227690620904407043,2020-02-12 20:27:08,"@realDonaldTrump‚Äôs budget lays out a bold agenda to expand on our economic success, and includes priorities I have been advocating for, including expanded mental health treatment."
RepTomEmmer,1227690045852856321,2020-02-12 20:24:50,"Last year saw a record-breaking economy, passage of USMCA, and repeal of the Medical Device Tax, Cadillac Tax, and the Health Insurance Tax."
RepTomEmmer,1225926804571029505,2020-02-07 23:38:21,RT @permedcoalition: Thank you @RepTomEmmer for your support of a field that has tremendous benefits for patients and our health care syste‚Ä¶
RepTomEmmer,1223037018411884544,2020-01-31 00:15:22,"Today, I introduced the Same-Day Accountability Veterans Enhancement (SAVE) Act to ensure our nation‚Äôs heroes receive the care they deserve, which includes both same-day physical and mental health treatment. Visit my website to learn more: https://t.co/QcVWMLOXzA"
RepTomEmmer,1220471007712104449,2020-01-23 22:18:58,Huge thanks to @centracare_mn for a tour of Clara's House. I was proud to share with them my support for the Medicare Mental Health Access Act. I was inspired by the work they do to serve young people with mental health and chemical dependency challenges. https://t.co/74qN8rYmRx
RepTomEmmer,1217500292247379969,2020-01-15 17:34:24,"As a member of the Kidney Disease Caucus, I am committed to finding ways to address this disease. I was glad the @WhiteHouse issued an Executive Order on Advancing American Kidney Health, read more here: https://t.co/3JAvds41Mz https://t.co/wVAfj2nFWD"
RepTomEmmer,1217208569273159680,2020-01-14 22:15:12,"No one should struggle to get the care they deserve. I introduced the Expanding Access to Inpatient Mental Health Act and signed on as a co-sponsor of the Medicare Mental Health Access Act, which would work to increase access to mental health services. https://t.co/1XLPoJz3Jz"
RepTomEmmer,1212130612678709250,2019-12-31 21:57:13,Proud to represent @BentonCountyMN. It was an honor to advocate for a grant that would improve health care in this area. Read more here: https://t.co/tnmDK7Waor https://t.co/dmg7eRMShG
RepTomEmmer,1207043787723288581,2019-12-17 21:03:59,"BREAKING ‚Üí Full funding has been secured for the FRSAN program! Our nation's farmers, ranchers, and rural communities have struggled without access to mental health services. This program will finally give them the resources they need. Read more: https://t.co/DqoWNbZ5zK"
RepTomEmmer,1204421668065726464,2019-12-10 15:24:37,"RT @MedicalAlley: The return of the #MedDevice tax threatens to chill innovation in #healthcare, which is why Congress must act to #RepealD‚Ä¶"
RepTomEmmer,1200120083810570240,2019-11-28 18:31:39,"@CDCgov @sctimes @POTUS @UMNExt Due to our farmer's hard work, the cost of a Thanksgiving meal is less than $5 per person according to the @FarmBureau &amp; turkeys, which Minnesota is the largest producer of, are 4% cheaper than last year! For the world‚Äôs most affordable food supply, don‚Äôt forget to #ThankAFarmer!"
RepTomEmmer,1200119756831023104,2019-11-28 18:30:21,"@CDCgov @sctimes @POTUS Recently, my colleagues in the House and Senate showed Americans living in farm country that they have our full support by providing funding for FRSAN. An initial 450,000 was granted to @UMNExt and Iowa Extension to begin a pilot program. https://t.co/TsFTd0Gp3x"
RepTomEmmer,1200119623426940928,2019-11-28 18:29:50,"@CDCgov @sctimes The Farm Bill passed the House and was ultimately signed by @POTUS, with my STRESS Act included. I was proud to see this effort move forward with support from my colleagues on both sides of the aisle. https://t.co/CU0CuGg1cp"
RepTomEmmer,1200119375564595201,2019-11-28 18:28:50,@CDCgov Read more background on the intention behind the STRESS Act via the @sctimes here ‚Üì https://t.co/5XL4bhEwyl
RepTomEmmer,1200119270279172096,2019-11-28 18:28:25,"@CDCgov The Farm and Ranch Stress Assistance Network (FRSAN) will give states needed resources to provide services including hotlines, community outreach, education, &amp; home delivery of assistance. I was successful in including this language in the 2018 Farm Bill. https://t.co/0ePPC3liOK"
RepTomEmmer,1200118994759553024,2019-11-28 18:27:20,"@CDCgov As a result, I introduced the Stemming the Tide of Rural Economic Stress and Suicide (STRESS) Act to make mental health treatment available for farmers, ranchers, &amp; agricultural workers by reauthorizing the Farm and Ranch Stress Assistance Network (FRSAN). https://t.co/lvGNTzYo6Q"
RepTomEmmer,1200118901994086400,2019-11-28 18:26:58,"@CDCgov Livelihoods of those who feed, fuel &amp; clothe the world depend on factors largely outside of their control, which can be a uniquely stressful environment. They also lack access to mental health services. In half of the U.S. counties, there is no psychiatrist or psychologist."
RepTomEmmer,1200118767977738240,2019-11-28 18:26:26,"According to a 2016 @CDCGov report, people working in agriculture had one of the highest rates of suicide, due to the nature of their work and the lack of access to mental health care professionals in rural America."
RepTomEmmer,1199033220685352961,2019-11-25 18:32:51,Saddened to hear of the passing of former @MNhospitals leader Lorry Massa. It was truly an honor to work with him. His impact on health care will be felt for years to come. I have no doubt hearts are heavy in Minnesota today. Praying for comfort for his family and friends.
RepTomEmmer,1197694887086436353,2019-11-22 01:54:47,"Today, in honor of #NationalRuralHealthDay, I was proud to announce a $230,000 grant from @USDA to @centracare_mn to implement telemedicine stations throughout #MN06 which will provide access for constituents across rural communities in my district.
https://t.co/FGKTWwSpQm"
RepTomEmmer,1196472567739166720,2019-11-18 16:57:44,Health professionals have been struggling to provide quality mental health care. I recently introduced the Expanding Access to Inpatient Mental Health Act to eliminate a loophole that limits proper mental health treatment. Read my op-ed via @StribOpinion https://t.co/ICPXIEmUPI
RepTomEmmer,1189257952173133827,2019-10-29 19:09:25,Visited the Philips ATLAS wall display on the Hill today. This initiative by @DeptVetAffairs will increase access to telemedicine. They will be installed in @AmericanLegion‚Äôs and @VFWHQ‚Äôs in order to make health services available to our nation's heroes in rural areas! https://t.co/JxKevnqfKW
RepTomEmmer,1184611398766288897,2019-10-16 23:25:41,1 in 5 Americans experiences a mental health condition. I joined @peopleincorp CEO Jill Wiedemann-West to discuss ways to improve access to mental health care. Read the Q&amp;A here: https://t.co/C57a2Kkgz0
RepTomEmmer,1176902483223961601,2019-09-25 16:53:12,"RT @HouseCommerce: Thanks to @realDonaldTrump‚Äôs leadership in ‚¨áÔ∏èhealth care costs &amp; markets, @cmsgov announced good news on Medicare Advant‚Ä¶"
