RepWilson,1322187681858805760,2020-10-30 14:44:43,"Dr. Fauci and I are on the same page, which is why I introduced the Masks for All Act. #WearAMaskSaveALife 
https://t.co/dhZeqORwMV"
RepWilson,1321813489460125697,2020-10-29 13:57:48,"These tombstones represent the family members and friends we lost to #COVID19, too many of whom died alone. https://t.co/T6KwEwW8mC"
RepWilson,1321812842199293952,2020-10-29 13:55:14,This is one of the most important elections of our lifetime. #WearAMask and #Vote! https://t.co/0OWbvaEAI4
RepWilson,1321810582375403520,2020-10-29 13:46:15,The #COVID19 pandemic has been devastating to everyone--Americans and people all over the world. I created memorial cemeteries at Simonhoff and Griffing parks to help our community collectively mourn and heal. https://t.co/horRGCC2eJ
RepWilson,1321808046360829952,2020-10-29 13:36:10,"ICYMI: If you have lost someone to #COVID19, you can honor them at the memorial cemeteries I've erected at Simonhoff and Griffing parks.
https://t.co/Ki6S5Y5IKC"
RepWilson,1321535027021271051,2020-10-28 19:31:18,I returned my mail-in ballot at my early voting site today. Have you returned yours? #WearAMask and #Vote! https://t.co/hyN4s9O69M
RepWilson,1321482500607254529,2020-10-28 16:02:34,"Thank you for joining me today, @DLCAVA. The science tells us that wearing masks helps save lives, which is why I introduced the Masks for All Act. We must all do our part. #WearAMask https://t.co/p56tgZ56Jz"
RepWilson,1321129996900044800,2020-10-27 16:41:51,Each day we are reminded of the terrible toll the #COVID19 pandemic is taking on our families and friends. This memorial will enable our community to collectively grieve and to name and honor loved ones in a public space of shared mourning. https://t.co/6uS9l58TzC
RepWilson,1321092434273718275,2020-10-27 14:12:35,#Coronavirus infections and deaths are soaring across the nation. My Masks for All Act will help bring those numbers down. #WearAMaskSaveALife and #Vote! https://t.co/jRW0rRdsYB
RepWilson,1320734285033312256,2020-10-26 14:29:26,"This news underscores the need for everyone to follow safety measures and why my Masks for All bill needs to become the law of the land.
https://t.co/VkcW72Cqvx"
RepWilson,1320397635686174720,2020-10-25 16:11:42,We all have a part to play to get the pandemic under control. My #MasksForAllAct calls for everyone to wear a mask when they are in public and can‚Äôt maintain 6 feet of distance from someone who is not a member of their household. https://t.co/CjcDAadJUW
RepWilson,1320180366783746048,2020-10-25 01:48:21,"My Masks For All Act would provide access to free or low-cost masks to those who need them. #WearAMaskSaveALife 

https://t.co/9ygNzb3LRK"
RepWilson,1319752373032673281,2020-10-23 21:27:40,"RT @AbeAndTrump: Trump assures Abe that his China Virus is going very perfect. 

#AbeAndTrump #MakeRepublicansGreatAgain #Election2020 http‚Ä¶"
RepWilson,1319644643726921728,2020-10-23 14:19:35,"It is heartbreaking how the #COVID19 pandemic is creating food insecurity for so many families!
https://t.co/62QwdTzczj"
RepWilson,1319641178451607553,2020-10-23 14:05:49,"#COVID19 infections are on the rise in Florida and the U.S. That's why I introduced H.R. 7607, the Masks for All Act, which would require the use of face masks in all public spaces and outside when one cannot maintain a physical distance. #WearAMaskSaveALife https://t.co/csQRbyWRCX"
RepWilson,1319455901762334721,2020-10-23 01:49:35,"""What I'd like to do,"" Trump says about health are but has done absolutely nothing in four years."
RepWilson,1319455573495205888,2020-10-23 01:48:17,Hello? The Trump administration has done nothing to advance health care for American families.
RepWilson,1319308481363628034,2020-10-22 16:03:48,"If the #COVID19 pandemic is winding down, as Donald Trump proclaims, why are the number of infections in Florida and in dozens of states across the nation on a dangerous rise? Don't believe his hype. #WearAMaskSaveALife 
https://t.co/Czb4x6GeRu"
RepWilson,1318596926300979207,2020-10-20 16:56:20,#WearAMask and #VoteLikeYourLifeDependsOnIt! https://t.co/4BRxC4NlQn
RepWilson,1318578166122860544,2020-10-20 15:41:47,"Contrary to what some people [falsely] state, #COVID19 is still a huge problem in Florida and across the states. #WearAMask #VoteEarly"
RepWilson,1318564529433960449,2020-10-20 14:47:36,"#AnthonyFauci's top priority is saving American lives. Listen to him and follow the science. #WearAMaskSaveALife 

https://t.co/vkF9tsFuF3"
RepWilson,1316925729452527617,2020-10-16 02:15:35,"While you are in Miami, President Trump, stop by our Covid-19 community memorial cemetery in Liberty City. Pay your respects and refrain from diminishing the thousands who have died in my district from this novel disease. https://t.co/0cmxOotYmQ"
RepWilson,1316789435430850562,2020-10-15 17:14:00,"#COVID19 cases are rising in states across the nation, including Florida. #WashYourHands #WearAMask 
https://t.co/rAugob9XkQ"
RepWilson,1316516332104552448,2020-10-14 23:08:47,"#COVID19 has taken so much from our community, making the need for all of us to complete the #2020Census more critical than ever. Please be counted District 24, to help ensure that our community receives its fair share of federal funding and resources. https://t.co/uIrLRC5qcc"
RepWilson,1316507327642599425,2020-10-14 22:33:01,Circle of Brotherhood member Ed Haynes provided this preview of the memorial cemetery in Liberty City that we erected to honor lives lost to #COVID19 before our press conference today. https://t.co/5VJHLjlGix
RepWilson,1316423425829855233,2020-10-14 16:59:37,"ICYMI: Thank you to everyone who joined me today at Liberty City's Simonhoff Park to honor lives lost to #COVID19 and for your moving tributes. We are in this together!
https://t.co/Aqyz9M9t1L"
RepWilson,1316200521938722817,2020-10-14 02:13:52,"As the COVID-19 death toll in FL passes more than 15,000, including more than 3,000 in Miami-Dade, I am partnering with the Circle of Brotherhood, Miami-Dade Commission Chairwoman Audrey Edmonson and other local elected officials to erect a cemetery to honor the lives lost. https://t.co/9bPum3UMdh"
RepWilson,1316065336257654784,2020-10-13 17:16:42,Please tune in to @Hot105 tomorrow for this important discussion about #COVID19. https://t.co/cBvOyenvCD
RepWilson,1314238757672038403,2020-10-08 16:18:31,"Donald Trump is bragging about the world-class #COVID19 care he received that is far beyond the reach of average Americans. Instead of being grateful, he and the #GOP are coming for your health care by going after the #AffordableCareAct. That‚Äôs not right. RT if you agree."
RepWilson,1314220057380216837,2020-10-08 15:04:13,"Shame, shame, shame. #WearAMaskSaveALife 

https://t.co/izKsL12TwM"
RepWilson,1314210536150585345,2020-10-08 14:26:23,"Another example of how #SuperSpreaderTrump doesn't care about the health and safety of his fellow Americans.
https://t.co/RkOLNwrVhQ"
RepWilson,1314209555983728645,2020-10-08 14:22:29,"Contracting #COVID19 is the polar opposite of a blessing. #CrazyTalk
https://t.co/NIJfjXFahY"
RepWilson,1313571348111929344,2020-10-06 20:06:29,Mike Pence should be QUARANTINED. He Should not be on a debate Stage spreading the coronavirus! HELP AMERICA! SPEAK OUT! https://t.co/paH8qMhTU4
RepWilson,1313562880097296386,2020-10-06 19:32:50,"Example number I've-lost-count of Trump's callous disregard and disrespect for American people, communities and businesses buckling under the effects of the #COVID19 pandemic. He is not #ForThePeople! #SpreaderInChief
https://t.co/5Bm49nLfId"
RepWilson,1313556892191543297,2020-10-06 19:09:02,"RT @MichelleObama: My heart goes out to everyone touched by this virus, from those at the White House, especially the Secret Service and re‚Ä¶"
RepWilson,1313547657831493632,2020-10-06 18:32:20,There is a web of secrecy surrounding the #coronavirus spread in the president‚Äôs inner circle and how many of them are infected and contagious. How much of the truth will the American people be told? We will likely never know. #SpreaderInChief https://t.co/xX6OBTp7uk
RepWilson,1313522163111034882,2020-10-06 16:51:02,"The effects of coronavirus on children and their education is deeply concerning. 
The updated #HeroesAct passed last week provides $225 billion for education nationwide, including $182 billion for K12 schools &amp; nearly $39 billion for postsecondary education. https://t.co/2futoMm4R0"
RepWilson,1313302424036274176,2020-10-06 02:17:52,"This is the height of irresponsibility and callousness. #SMH #WearAMaskSaveALife #Vote!
https://t.co/bJGLNCaK5H"
RepWilson,1313237074951180289,2020-10-05 21:58:12,"Please do not believe the #SuperSpreaderInChief. Be VERY afraid! #WearAMaskSaveALife 

https://t.co/Vq7Y7Rkbk5"
RepWilson,1313170176385388544,2020-10-05 17:32:22,How many people did highly contagious Trump have to pass at Walter Reed Hospital as he exited and entered his presidential suite to go outside and greet his base? How many people did he infect? We will never know. What manner of man is this? https://t.co/eeXlnALtGP
RepWilson,1313166203607805954,2020-10-05 17:16:35,The White House is now an epicenter for the coronavirus. https://t.co/Dkhnz73x50
RepWilson,1313166036083109890,2020-10-05 17:15:55,How can we trust this White House to protect the nation from #COVID19 when it can‚Äôt even protect itself? https://t.co/1FJeC3v2h1
RepWilson,1313133031314591744,2020-10-05 15:04:46,How many people did highly Contagious Trump have to pass at Walter Reed Hospital as he exited and entered his presidential suite to go outside to greet his base? How many people did he infect? We will never know. What manner of man is this?
RepWilson,1312471221804568576,2020-10-03 19:14:58,"The president caused millions
to be sick and suffering...and he 
caused hundreds of thousands to die. He caused pain in the hearts of hundreds of thousands of families that will never go away...whose loved ones had to die alone. What manner of man is this?"
RepWilson,1308820928332087296,2020-09-23 17:30:00,"While House Democrats are fighting #ForThePeople and their health care, @realdonaldtrump and Republicans are trying to take health care away. https://t.co/jQxZ23IXOe"
RepWilson,1308519839363932160,2020-09-22 21:33:35,"RT @HouseDPCC: 200,000 Deaths.
7 Million cases.
4 Months @senatemajldr has blocked the House-passed #HeroesAct from providing relief to fam‚Ä¶"
RepWilson,1308447315859038210,2020-09-22 16:45:24,The census count will end on September 30. Please complete your census if you've not already done so and urge everyone you know to do the same. The #COVID19 pandemic has forced many more people to rely on the social safety net to survive. An undercount will cut a huge hole in it. https://t.co/5Ki0lb7gGo
RepWilson,1308437876057792513,2020-09-22 16:07:53,"The nation has reached a grim milestone with 200,000 people dead from #COVID19. This deadly virus does not discriminate. Please for your sake and the sake of others, #WearAMaskSaveALife! https://t.co/spsQZ05HfR"
RepWilson,1307015922696232960,2020-09-18 17:57:33,"The most effective way to quickly contain #COVID19 and prevent further tragedy and economic harm is through the widespread use of face masks. That's why I've introduced the Masks for All Act, which mandates masks in public spaces. We must all do our part! #WearAMaskSaveALife https://t.co/rmllR4pWf4"
RepWilson,1307013763392995331,2020-09-18 17:48:58,"The #2020Census fights injustices by providing:
-Funding for human rights like health care, food, housing
-Say in who leads political institutions
-Ability to gather evidence to protect people from discrimination
-Democracy: every voice &amp; vote valued
https://t.co/JEpvRO58p8 https://t.co/Reo88X3bPU"
RepWilson,1306995737478270976,2020-09-18 16:37:21,"The White House reportedly nixed this plan. How many lives  would have been saved? #SMH #WearAMaskSaveALife 
https://t.co/0HG30bnaf1"
RepWilson,1306992796822372357,2020-09-18 16:25:40,"While House Democrats are fighting #ForThePeople and their health care, @realdonaldtrump and Republicans are trying to take health care away. https://t.co/iIlioC5La3"
RepWilson,1306314162298126340,2020-09-16 19:29:01,"I support my District 24 community members who are struggling with their mental health. Don‚Äôt¬† be afraid to ask for help. #RecoveryMonth¬† 
üìûSAMHSA‚Äôs National Helpline, 1-800-662-HELP (4357), https://t.co/taHJgmFRjo"
RepWilson,1305965751254294534,2020-09-15 20:24:33,"It‚Äôs hard to wrap your head around the possibility of 410,000 Americans losing their life to this virus this year. We can and we must do all we can to keep that from happening and save lives already at risk. @SenateGOP must stop blocking the #HeroesAct. https://t.co/GsVqOl2w3q"
RepWilson,1303786972960432128,2020-09-09 20:06:52,"March 19:
12,600+ confirmed COVID cases in U.S.
265 confirmed COVID deaths in U.S.
Today:
6,334,150+ confirmed COVID cases in U.S.
189,970+ confirmed COVID deaths in U.S.
#TrumpKnew and the numbers speak for themselves. https://t.co/LGhQgPWBbq"
RepWilson,1303785996941774849,2020-09-09 20:02:59,Summer is coming to a close. We can‚Äôt afford to head into flu season without every possible resource necessary to fight this pandemic. @SenateMajLdr McConnell: stop playing politics with American lives and pass the #HeroesAct!
RepWilson,1303783146236915714,2020-09-09 19:51:39,How many lives could have been saved if Trump had actually been honest about the danger posed by the coronavirus? #TrumpKnew https://t.co/c2Cx8lB9IS
RepWilson,1303749082192777220,2020-09-09 17:36:18,"By passing the #HeroesAct, @HouseDemocrats did something Trump has failed to do- #LEAD. 117 days ago Democrats passed legislation that responds to the #COVID19 pandemic by supporting states, territories and localities. #SaveOurStates"
RepWilson,1303748806882791426,2020-09-09 17:35:12,"The president intentionally chose to downplay #COVID19 and how deadly it would be. The damage this caused to millions of lives, particularly those who lost loved ones or their lives, is colossal and for so many, irreparable. #SMDH
https://t.co/OCj36zpHDE"
RepWilson,1303424748584665101,2020-09-08 20:07:31,"Instead of:
Helping the frontline heroes in state &amp; local government‚Ä¶
Feeding hungry families‚Ä¶
Helping renters keep their homes‚Ä¶
Ensuring all can vote safely‚Ä¶
Republicans are proposing a ‚Äúcheck the box‚Äù vote on an emaciated COVID-19 ‚Äúplan?‚Äù
No thanks. #FamiliesFirst https://t.co/BoKM5rnUyr"
RepWilson,1303402176056827911,2020-09-08 18:37:49,"Census results help determine how billions of dollars in federal funding flow into our community each year to support health clinics, fire departments, schools, roads and highways, and more! https://t.co/iUCqMGpCcE"
RepWilson,1301250348213063680,2020-09-02 20:07:13,"District 24: If you have not completed your #2020census form, please do so today. We need and deserve all of the federal resources that we can get to help recover from the #COVID19 pandemic! https://t.co/OMDZh3ceV9"
RepWilson,1300873325858697217,2020-09-01 19:09:04,"Post-coronavirus, our community is going to need all of the federal resources and support that we can get. Please tune in to learn more about how a complete #Census2020 count in District 24 will help us achieve that goal. https://t.co/D7BOFrrpJA"
RepWilson,1300536617845903365,2020-08-31 20:51:07,Americans shouldn‚Äôt be forced to put their lives on the line during the #coronavirus pandemic to exercise the precious right to vote. Spread the word (not the virus) and #VoteFromHome! https://t.co/ZXrubu1Qkj
RepWilson,1298739510919004160,2020-08-26 21:50:03,"Voting should be free, fair, and safe. Learn your state‚Äôs rules about mail-in ballots and key deadlines. Americans shouldn‚Äôt be forced to risk their lives during a #coronavirus pandemic to exercise the precious right to vote. Spread the word (not the virus) and #VoteFromHome! https://t.co/HUamWuo29Z"
RepWilson,1298631937872015362,2020-08-26 14:42:36,"Masks have been proven to be the most effective weapon we have to contain the coronavirus. My Masks for All Act calls on all Americans to do their part to defeat this invisible foe and protect the most vulnerable among us.

https://t.co/CjcDAadJUW"
RepWilson,1297971700957577218,2020-08-24 18:59:03,"$75 billion for testing, tracing, and treatment has been sitting on Mitch McConnell‚Äôs desk for 101 days. Enough of this selfish blockade. The Senate must pass the #HeroesAct immediately! https://t.co/pkh4r4wJ1a"
RepWilson,1297925821412315136,2020-08-24 15:56:44,"Please don't take this news to mean that we no longer have to take serious precautions. #WashYourHands #WearAMask #SocialDistance #VoteFromHome

https://t.co/7BOWobikbW"
RepWilson,1296209277699465218,2020-08-19 22:15:48,She still has not been replaced. The postal service‚Äôs workforce has been reduced by up to 20% because of workers who‚Äôve tested positive for #COVID19 or are isolating after exposure and have not been replaced.
RepWilson,1296209200645902337,2020-08-19 22:15:30,"District 24 continues to grieve for the loss of Kieondra Richardson, 41, who put her life on the line and died from #COVID-19, after working as a mail carrier for almost 20 years. https://t.co/Y4sOvv4y0t"
RepWilson,1296109737369575424,2020-08-19 15:40:16,"A chilling reminder of how dangerous the #COVID19 pandemic continues to be.
https://t.co/JJcPMHJkfh"
RepWilson,1296083347840663555,2020-08-19 13:55:24,"80% of veterans receive their medications by mail.
 
We must fight to protect these critical prescription deliveries for the health and well being of our nation‚Äôs veterans.
 
#DontMessWithUSPS
 
https://t.co/ULcccSLVQb"
RepWilson,1294642346450194432,2020-08-15 14:29:23,.@BetsyDeVosED is pushing for schools to fully reopen this fall but she isn't offering any solutions about how to do so safely amid a pandemic. Shouldn't the nation's preeminent education leader be eager to help school districts develop plans? https://t.co/w6r01nBjj8
RepWilson,1294332511250776064,2020-08-14 17:58:12,"Betsy DeVos, AKA the only the person callous enough to release new Title IX rules in the middle of a global pandemic, is celebrating as her anti-survivor Title IX rule goes into effect TODAY. We can't give up. We must fight back!"
RepWilson,1294025238389362689,2020-08-13 21:37:13,"Parents and guardians beware: #COVID19 does not discriminate against children and teens.
https://t.co/zaTRpCCxXa"
RepWilson,1293974774268469249,2020-08-13 18:16:41,Only 55.1% of households in District 24 have completed the #2020Census.  But the Census Bureau now has four less weeks to reach unresponsive households in the middle of a pandemic.  We need a fair and accurate #2020Census count.  Please do your part! https://t.co/DFDeMymqoz
RepWilson,1293968992877584388,2020-08-13 17:53:43,"Florida reported 6,236 new #coronavirus infections today and the death toll is now at 9,046. https://t.co/IHc9iTzFiy"
RepWilson,1293932649141149702,2020-08-13 15:29:18,"We must do everything possible to protect and support seniors and the workers who have stood by them during the #COVID19 public health crisis.
https://t.co/YchWdgGkYe"
RepWilson,1293262077306589186,2020-08-11 19:04:41,"Florida reported a record high of 276 new #COVID-19 deaths on August 11, bringing the total number of coronavirus deaths in our state to 8,553. https://t.co/5A7qiDlCyP"
RepWilson,1293223030135705601,2020-08-11 16:29:31,".@ICEgov continues to recklessly deport migrants to countries like Haiti that lack basic health infrastructures and the ability to contain #COVID19 outbreaks. Deportations carried out in the dead of night, without oversight or accountability, puts millions at risk. https://t.co/mH9VI3PAxW"
RepWilson,1292877250589753350,2020-08-10 17:35:31,"America needs a national plan for how to keep students, teachers, and staff safe as schools reopen during an ongoing #COVID19 pandemic. https://t.co/MTnlsowPik"
RepWilson,1291515900173201412,2020-08-06 23:26:00,District 24 parents: Please visit https://t.co/pACUqVbM5d to complete a short survey about reopening our schools during the #COVID19 pandemic. Thank you!
RepWilson,1291515071097638918,2020-08-06 23:22:42,"ICYMI: Children share their perspectives on distance learning and going back to school during a pandemic.
https://t.co/BMJjilhAg0"
RepWilson,1291456759102689280,2020-08-06 19:31:00,".@MichelleObama, I agree. Americans should not have to choose between staying healthy and exercising their precious right to vote. #VoteFromHome #VRA55 https://t.co/b3eQ9Wk9Bj"
RepWilson,1289242062768893958,2020-07-31 16:50:35,At today's #faucihearing Republicans claimed to be concerned about children's mental health &amp; well-being but I can't imagine anything more traumatizing than getting sick or losing classmates to the #coronavirus. That's why safety must be the first priority when reopening schools.
RepWilson,1289209480295485440,2020-07-31 14:41:07,"At @COVIDOversight‚Äôs first briefing bipartisan experts identified comprehensive testing, tracing &amp; targeted containment as key requirements to a safe reopening. Over two months later, we have no #NationalStrategy &amp; are seeing spikes in #COVID19 cases, deaths &amp; hospitalizations."
RepWilson,1289208806082306048,2020-07-31 14:38:26,"#Coronavirus trends are heading in the wrong direction, yet some ‚Äúred zone‚Äù governors refuse to adopt simple, science-based measures to protect their residents. We need a #NationalStrategy with aggressive mitigation efforts to change this deadly trajectory &amp; contain the virus. https://t.co/eplmTz6HX1"
RepWilson,1289205371379126278,2020-07-31 14:24:47,"#FauciHearing: @NIAIDNews Director Dr. Fauci, @CDCDirector Dr. Redfield &amp; @HHS_ASH ADM Giroir are appearing before @COVIDOversight  right now to discuss the urgent need for a #NationalStrategy to contain #COVID19. 
Watch LIVE: https://t.co/YwwzyOffXy"
RepWilson,1288978356462067713,2020-07-30 23:22:42,"Today I‚Äôm proud to join @TransportDems Chairs @RepPeterDeFazio and @RepRickLarsen by sponsoring the #HealthyFlightsAct, which among other things, sets a national standard for masks on airplanes and in airports in order to help prevent the spread of #COVID19. https://t.co/riqt4WHKdw"
RepWilson,1288840565971353601,2020-07-30 14:15:11,"Eviction and foreclosure moratorium has been extended to 9/1. Also, all missed payments will be due when the tenant/borrower is no longer adversely affected by #COVID19-related job loss or income reduction.
https://t.co/I9L5FNZCGs"
RepWilson,1288824087469490179,2020-07-30 13:09:42,"#WearAMaskSaveALife Spread the word, not the virus. https://t.co/FtZAp8jvjJ"
RepWilson,1288519809467068416,2020-07-29 17:00:36,"Another grim milestone. #WearAMaskPlease 
https://t.co/dH4yjKPkV2"
RepWilson,1288518779220250624,2020-07-29 16:56:31,The #COVID19 pandemic has made the need for child-care services greater than ever before. I am proud to be a co-sponsor of the Child Care is Essential Act and support working families. #SaveChildCare
RepWilson,1287790622938628097,2020-07-27 16:43:05,Thank you for sharing. #WearAMaskSaveALife https://t.co/nOHNbsqQcM
RepWilson,1287736865286750208,2020-07-27 13:09:28,"This is a bill that will create a commission to examine the societal, economic, and health inequities that hurt black males and develop policy solutions. It passed in the Senate on 6/25 and is expected to pass the House with more than 200 sponsors."
RepWilson,1286368685054140420,2020-07-23 18:32:48,"A whopping 79% of Floridians agree: #WearAMask!
https://t.co/L6lXVqyLc1"
RepWilson,1285609018870956033,2020-07-21 16:14:10,"Why not hand out masks instead of tickets? Some people can't afford to buy masks; they surely won't be able to pay a $100 fine. My Masks for All Act would ensure that everyone has access to free or affordable masks.

https://t.co/ClcPTnuZE8"
RepWilson,1284233729897123849,2020-07-17 21:09:15,"#COVID19 cases continue to rise in Florida with 33,340 in the past 72 hours. We are in the red zone, according to a White House Coronavirus Task Force report. https://t.co/mkSlf4a6AS"
RepWilson,1284227569878016000,2020-07-17 20:44:47,"Shout out to @MayorJohnsonSAV who has instructed his police officers to hand out masks to those who need one, instead of a citation for not following the city's mask mandate. It's a good way to help someone who can't afford a mask."
RepWilson,1283804781425893379,2020-07-16 16:44:46,"My new mantra for Floridians is:
‚úÖwear a mask,
‚úÖwash your hands, and 
‚úÖvote from home. https://t.co/b6SqHnA8X3"
RepWilson,1283510121293844480,2020-07-15 21:13:54,"This week, I introduced the Masks for All Act. Wearing a mask in public spaces is something on which every American should agree so we can protect ourselves and each other and survive the #COVID19 pandemic.
https://t.co/QjqFa3fx5n"
RepWilson,1283452739134029824,2020-07-15 17:25:53,"There is so much we desperately need to learn about this #coronavirus.
https://t.co/ZOJt0gVYgX"
RepWilson,1283377926579335169,2020-07-15 12:28:36,"RT @NBCNews: The CDC will ""no longer control"" the coronavirus data collection system from hospitals across the nation, a spokesman for U.S.‚Ä¶"
RepWilson,1283106756911083521,2020-07-14 18:31:04,Tune in to @HOT105 tomorrow afternoon at one o'clock to learn more about a very hot topic--how to safely reopen schools in a pandemic. https://t.co/fH2yPit1fo
RepWilson,1283104699097518080,2020-07-14 18:22:53,Because it cannot be said too much: #WearAMask! https://t.co/5DuEc5mJfc
RepWilson,1282700220577570816,2020-07-13 15:35:38,Florida must drastically reduce the daily number of new #coronavirus infections before we can reopen our schools. #WearAMask
RepWilson,1282659270295719938,2020-07-13 12:52:55,"How many more people need to get sick, or worse--die--from #COVID19 before everyone gets on board, recognizes what a serious problem we have in Florida, and takes the right precautions? #WearAMask and whenever possible #StayHomeSaveLives!
https://t.co/jPFHI8w9EQ"
RepWilson,1281319852565766146,2020-07-09 20:10:33,"Today, I introduced the Immigration Enforcement Moratorium Act with @RepEscobar to halt reckless enforcement activities, like deportations, that risk facilitating the spread of #COVID19 and prevent migrants from accessing critical services and care. https://t.co/9G5V3Ukgxu"
RepWilson,1281251859207000065,2020-07-09 15:40:22,"Florida has reached another grim milestone. Please social distance, wash your hands, and #WearAMask!
https://t.co/AvutcKBazQ"
RepWilson,1280895384672448514,2020-07-08 16:03:52,HAPPENING SOON! During the second half of today's show we'll talk about the #coronavirus pandemic. https://t.co/gP3c7VYQ9E
RepWilson,1280885858573455360,2020-07-08 15:26:01,"This #coronavirus surge is unrelenting. #WearAMask! 

https://t.co/N3MQsQuRgt"
RepWilson,1279421047306096642,2020-07-04 14:25:22,"10,000+ reasons to #WearAMask. We must do all that we can to protect ourselves and help squash the #COVID19 pandemic overwhelming our state. https://t.co/g8svYm7NXy"
RepWilson,1278695961829822465,2020-07-02 14:24:08,"The #coronavirus does not discriminate. Each and every one of us must do everything we can to protect ourselves and each other. #WearAMask

https://t.co/yv4rdJGMhM"
RepWilson,1278406202473447426,2020-07-01 19:12:44,"Americans sent our Democratic majority to Congress to fight #ForThePeople. And we‚Äôre delivering with legislation like the #MovingForward Act, which will invest in schools, hospitals and other critical infrastructure in communities across the country. https://t.co/ZKzTxhdXAx"
RepWilson,1278403665531895815,2020-07-01 19:02:40,The LAST thing we need right now is a testing slowdown. The Senate must pass the #HeroesAct to ensure coronavirus testing is available nationwide! https://t.co/MX0xqxXXVC
RepWilson,1278402422721916932,2020-07-01 18:57:43,"Wearing a mask helps save lives and slow the spread of #COVID19. It's that simple. Please #WearAMask and spread the word.
https://t.co/J3gE4RmnqJ"
RepWilson,1278373579986534400,2020-07-01 17:03:07,"""It‚Äôs not an all-time record for Florida, but it‚Äôs close enough."" #WearAMask! 
https://t.co/qNcq40ci3v"
RepWilson,1278033028716036099,2020-06-30 18:29:53,"It is unfathomable to me why some people are resisting or refusing to wear a face mask in public, especially with our state's surging #COVID19 infection rate. It hurts no one. But not wearing masks threatens the lives of countless people.
#SMH
https://t.co/l2gOF8tapA"
RepWilson,1276622489615990785,2020-06-26 21:04:54,"This is not the kind of record we want to break. #COVID19
https://t.co/oSgNvZayGj"
RepWilson,1276571892586098688,2020-06-26 17:43:51,"#COVID-19 has caused devastating health and economic impacts for women and their families, especially women of color. The people need action. Senate GOP must pass the #HeroesAct NOW!"
RepWilson,1276208319519240192,2020-06-25 17:39:08,"Young people typically take their good health for granted. Unfortunately, this is not a luxury anyone can afford during a #pandemic. #WearAMask
https://t.co/ukvnQowgTf"
RepWilson,1275525045994086401,2020-06-23 20:24:03,The LAST thing we need right now is a testing slowdown. The Senate must pass the #HeroesAct to ensure coronavirus testing is available nationwide! https://t.co/mlAzAOqPkD
RepWilson,1275471290527334401,2020-06-23 16:50:27,"Numbers don't lie. ""Tuesday‚Äôs update showed 3,289 reported infections since Monday for a total of 103,506."" Stay at home if possible and wear a mask if you must go out in public. The #COVID19 pandemic is nowhere near over.
https://t.co/VZgP9uK130"
RepWilson,1275148140472152065,2020-06-22 19:26:22,"Don't leave home without a mask!
https://t.co/fBUplsYabC"
RepWilson,1275113061335130114,2020-06-22 17:06:58,"Florida's #COVID19 infection rate is rising and we are one of the nation's top hot spots. Before you leave home for a nonessential errand or activity, ask yourself: Is this worth putting at risk my health or the health and well-being of my family? 
https://t.co/KeqVLJsXy3"
RepWilson,1274090056312147968,2020-06-19 21:21:55,"The #COVID19 pandemic is as serious now as it ever was. Please resist the temptation to not follow safety rules, including wearing masks in public and social distancing. Everyone is susceptible to this dangerous virus! 
https://t.co/uqI7Rmpubi"
RepWilson,1273775636566417409,2020-06-19 00:32:32,"RT @RepEscobar: The nation's response to #COVID19 must not sacrifice our longstanding commitment to protecting children.

Thank you @RepWil‚Ä¶"
RepWilson,1273639110788485122,2020-06-18 15:30:01,"This is not good. It is imperative that people stay at home whenever possible, wear masks in public, and follow social distancing guidelines. Our lives are literally on the line and the #COVID19 pandemic is far from over.
https://t.co/druTQ4ODuf"
RepWilson,1272691919236235264,2020-06-16 00:46:13,"An infrastructure bill will bring jobs, jobs, jobs. That's the kind of economic boom that occurs when Congress seriously implements an infrastructure bill. We need that now because many of the jobs interrupted by the #coronavirus will never come back.
https://t.co/FCBiIEMl5U"
RepWilson,1269505039065853952,2020-06-07 05:42:42,RT @nowthisnews: This is how racism is causing Black and Latinx communities to die of COVID-19 at higher rates (via @kdc_md) https://t.co/j‚Ä¶
RepWilson,1269017162318045184,2020-06-05 21:24:03,"Here's some good advice about protesting safely. Justice can't wait, but the #COVID19 pandemic continues. Be careful out there!
https://t.co/mM4JSMLUy2"
RepWilson,1269001251360038914,2020-06-05 20:20:49,"Black workers are disproportionately affected during economic downturns, and this pandemic is no different. Less than half of all black adults are employed.
https://t.co/X5OHJF2dJv"
RepWilson,1268945682817257472,2020-06-05 16:40:01,"This sickens, but sadly doesn't surprise, me.
https://t.co/gooAMsXrHs"
RepWilson,1268944409468571649,2020-06-05 16:34:57,"Very disconcerting news. Positive #COVID19 numbers are on the rise.
https://t.co/fNUpJyEOLO"
RepWilson,1268241035966046208,2020-06-03 18:00:00,"During this pandemic, when almost everything has slowed down or stopped, racism in America clearly has not. In the past few months, we have witnessed violence, police brutality and targeted harassment toward African Americans. #BlackLivesMatter. https://t.co/qzpCrsaeKx"
RepWilson,1267585308025110538,2020-06-01 22:34:22,"COVID-19 has taken the lives of mothers, fathers, brothers, sisters, grandparents, friends, neighbors, colleagues, and so many others. Today, we honor their lives and pledge to #NeverForget. #Lament100K https://t.co/dWacs1aXBc"
RepWilson,1266366185047683074,2020-05-29 13:50:01,"At 2PM, I will be hosting a zoom forum with members of Congress and Haiti experts to discuss COVID-19 in Haiti,  the dangers of continued U.S. deportations, and the nation‚Äôs long term health. https://t.co/IMgG9rvaIc"
RepWilson,1266094828980502530,2020-05-28 19:51:44,".@HouseDemocrats passed the urgently-needed #HeroesAct weeks ago, and yet @SenateMajLdr has left it sitting on his desk with no new plan to help our states, cities or hospitals. What is the plan, Mitch? https://t.co/8TJAqJkVbW"
RepWilson,1266085578136850433,2020-05-28 19:14:59,Voters should never have to put their lives on the line to stand in line at the polls during a public health crisis. #VoteFromHome if you can. It will preserve democracy and protect lives. #COVID19 https://t.co/mkPv2C1vCE
RepWilson,1265663929616867328,2020-05-27 15:19:30,HAPPENING TODAY! You do not want to miss this informative town hall about how having the opportunity to #VoteFromHome will help protect our democracy and ourselves during a #coronavirus pandemic! https://t.co/Ndr2s6XKD4
RepWilson,1265281553225129984,2020-05-26 14:00:04,"What a lovely story this is. The overwhelming kindness of strangers has been so heartwarming to witness during this trying time and gives us all hope for the post-#COVID19 future.
https://t.co/FarNaffWH4"
RepWilson,1263882712760401923,2020-05-22 17:21:35,"Thank you, @RepAlLawsonJr, for joining me in a letter urging the White House to approve disaster food benefits for Florida. No one should ever have to worry about getting food  on the table, but especially not in times like this. #coronavirus 
https://t.co/heqF3OeZzl"
RepWilson,1263836128009994240,2020-05-22 14:16:28,"It was an honor to be able to help families in need yesterday. We are all in this together! #Covid19
https://t.co/DSzXzL2YH2"
RepWilson,1263646209153142784,2020-05-22 01:41:48,"RT @tedlieu: Dear @realDonaldTrump: Your own CDC states on its website, ‚ÄúEveryone should wear a cloth face cover when they have to go out i‚Ä¶"
RepWilson,1263619552950321152,2020-05-21 23:55:52,The president said today that people should not be allowed to cast absentee ballots unless they have an important reason. What‚Äôs more important than staying alive? #coronavirus #VoteFromHome
RepWilson,1263558616864436224,2020-05-21 19:53:44,"ICYMI: Had a great conversation Wednesday on @Hot105 with Dr. Armen Henderson about #COVID19 testing and his volunteer efforts to help Miami's homeless population weather this pandemic storm.
https://t.co/WW7BSndVaP"
RepWilson,1263549246176927748,2020-05-21 19:16:30,I was so proud to see the @5000RoleModels boys helping to serve others who need extra support during the #COVID19 pandemic. Thank you! https://t.co/AtCdUlVoWK
RepWilson,1263115017588703234,2020-05-20 14:31:02,"The #COVID19 pandemic is a tragic reminder of why it is so important for everyone to complete their census forms. We will need every single resource to undo the damage. Pick up the phone or go online, but please get it done! https://t.co/4h7DKiIuqb"
RepWilson,1263112902690684928,2020-05-20 14:22:38,HAPPENING TODAY: Dr. Armen Henderson of the University of Miami Hospital will be my guest. He is the doctor who tests the homeless for #COVID19. He was arrested in front of his home while loading supplies. https://t.co/vR9P0x4XCU
RepWilson,1262836984092991489,2020-05-19 20:06:14,District 24: Do you believe Florida has a strong enough #COVID19 testing and contact tracing infrastructure in place to safely reopen?
RepWilson,1262834867672399872,2020-05-19 19:57:49,"The White House's flip-flopping, lackadaisical handling of the #COVID19 pandemic disrespects the 90,000 people who lost their lives to the virus, the 1.5 million people who've contracted it, and the millions whose lives, livelihoods, educations, etc. have been shattered by it."
RepWilson,1262773558784266241,2020-05-19 15:54:12,RT @SpeakerPelosi: The President‚Äôs pattern of dismissing Inspectors General is unhealthy for our democracy. @AC360 https://t.co/hJz5mCEMKA
RepWilson,1262727307875270656,2020-05-19 12:50:25,Dr. Armen Henderson of the University of Miami Hospital will be my guest. He is the doctor who tests the homeless for COVID-19. He was arrested in front of his home while loading supplies. https://t.co/vNsgoDB8Xc
RepWilson,1262494876744257538,2020-05-18 21:26:49,"Miami and Haiti have always been closely linked. This #HaitianFlagDay, I‚Äôm hopeful that both of our communities will weather the #COVID19 storm and look forward to brighter days ahead. https://t.co/xq27WMB1Up"
RepWilson,1262472159424909313,2020-05-18 19:56:33,"This Wednesday on @Hot105, we'll be discussing #COVID19  testing with Dr. Armen Henderson and his work to help the homeless during the pandemic. https://t.co/PWkWICVvr9"
RepWilson,1261317919507509248,2020-05-15 15:30:00,"Before the pandemic, USDA‚Äôs cruel crackdown on SNAP work rules would have kicked nearly a million beneficiaries off the program. Now as millions more Americans have lost their jobs, the Trump USDA wants to take their SNAP benefits, too. #HandsOffSNAP https://t.co/IRjwyr3Un6"
RepWilson,1260657955692703746,2020-05-13 19:47:33,".@HouseDemocrats are fighting to keep small businesses afloat during the #coronavirus pandemic. That's why I support the #HeroesAct, which provides additional funding to help small businesses make it through this difficult time."
RepWilson,1260635176440336385,2020-05-13 18:17:02,"The #coronavirus crisis should not be a food security crisis, too. 
I‚Äôm proud to support @HouseDemocrats‚Äô #HeroesAct, which would expand #SNAP and #WIC, two critical food assistance programs. https://t.co/qfyAtbsmIk"
RepWilson,1260611017115082752,2020-05-13 16:41:02,Don't forget to tune in TODAY at 1 p.m. to learn more about #COVID19 relief for small businesses! https://t.co/0wdiXNLkzM
RepWilson,1260238022018322434,2020-05-12 15:58:53,"RT @brhodes: The maddening thing is Obama left them a WH office for pandemics, a literal playbook, a cabinet-level exercise, and a global i‚Ä¶"
RepWilson,1260237844515295235,2020-05-12 15:58:10,".@BetsyDeVosED is still garnishing student loan borrowers‚Äô wages six weeks after Congress and the #CARESAct ordered her to halt collections. Her callous leadership and disregard for the law is harming the 54,000 borrowers whose struggle is being exacerbated by #COVID19."
RepWilson,1259897814995349504,2020-05-11 17:27:01,Tune in at 1 pm on Wednesday for my latest #COVID19 relief update on @Hot105 with @SBA_SouthFL District Director Victoria Guerrero! https://t.co/FdFI8oWQgk
RepWilson,1259884259763986435,2020-05-11 16:33:09,"Deporting people to Haiti in the midst of a pandemic is cruel and dangerous. That's why I've introduced the Haitian Deportation Relief Act. Thank you, @RepEliotEngel,  @BennieGThompson, and @RepSires for your support!

https://t.co/blD2HiytCj"
RepWilson,1259281544805564417,2020-05-10 00:38:11,"My dear @RepMaxineWaters, I am so sorry for the loss of your beloved sister to #COVID19. You and your family are in my prayers."
RepWilson,1258883282323869696,2020-05-08 22:15:38,"Your ZIP code should not determine whether you live or die during this #COVID19 pandemic!
https://t.co/SNDGyQkpz0"
RepWilson,1258818952219615233,2020-05-08 18:00:00,The #COVID19 pandemic has taught us how invaluable teachers are. Their jobs are challenging under the best circumstances. Please thank them by making sure your children are #DistanceLearning. https://t.co/OMShPFc4PX
RepWilson,1258778648531869697,2020-05-08 15:19:51,Legal Services of Miami Inc. is offering free #COVID19 counsel to small businesses and nonprofits. Register today! https://t.co/9JLYDW7Opb
RepWilson,1258768096858382338,2020-05-08 14:37:55,RT @TheBlackCaucus: The Paycheck Protection Program and Health Care Enhancement Act requires that the @CDCgov @HHSgov release a report on a‚Ä¶
RepWilson,1258765319864233989,2020-05-08 14:26:53,"Nationwide #COVID19testing is imperative, but it can't be done without the federal government's help. https://t.co/8ZIASYv4a9"
RepWilson,1258763992174137344,2020-05-08 14:21:37,"The U.S. lost an historic 20.5 million jobs in April. Congress must do everything in its power to help struggling Americans. We also need to massively increase #COVID19 testing so we can safely reopen our economy. #JobsReport 
https://t.co/d9g9A9vOQM"
RepWilson,1258524613602013185,2020-05-07 22:30:24,People should not have to put their lives on the line during a public health crisis to exercise the precious right to vote. RT if you agree. #COVID19 https://t.co/uEx8MBQPWn
RepWilson,1258418222640095233,2020-05-07 15:27:39,"ICYMI: I was on @Hot105 for my weekly #COVID19 update to discuss #TestingTestingTesting with the Florida Dept. of Health's deputy secretary.

https://t.co/OKYc0raz9s"
RepWilson,1258409365448667137,2020-05-07 14:52:27,"Hey there, Miami Gardens. Here's a list of helpful #COVID19 resources in your community. Please share. https://t.co/xzr9EgEEV1"
RepWilson,1258087780334305283,2020-05-06 17:34:35,"Our nation‚Äôs nurses have shown us time and time again what true dedication, compassion and hard work really mean. This #NationalNursesDay, we must honor our health care professionals by making sure they have the resources they need to save lives. https://t.co/EeqXXCr4NP"
RepWilson,1258033995943641089,2020-05-06 14:00:52,Please don't forget to tune in to @Hot105 this afternoon for my weekly #COVID19 update. Today's hot topic is #TestingTestingTesting and will feature the Florida Dept. of Health's deputy secretary. Spread the word! https://t.co/4Qfjj1vhu7
RepWilson,1257783318701015049,2020-05-05 21:24:46,Set your alarms for 1 pm tomorrow to ensure you don't miss my latest #COVID19 relief update on @Hot105. This week's focus is testing. https://t.co/d28elJU5t7
RepWilson,1257727653982818305,2020-05-05 17:43:34,"#DearBetsy, in the middle of this GLOBAL HEALTH CRISIS, students need you to:
‚úÖ Distribute emergency cash Congress appropriated (like you are legally required to)

We do NOT need you to
üö´ Create a system to FAVOR sexual abusers. #HandsOffIX https://t.co/mX2QvZBNSr"
RepWilson,1257726652131540999,2020-05-05 17:39:35,"If you receive SSI or VA benefits, have qualifying children under the age of 17 and did not file a tax return in 2018 or 2019, today is the LAST day to register to have $500 per child added to your#COVID19 economic impact payment. For more info click here: https://t.co/RW7R6y5JzM"
RepWilson,1257724111108931593,2020-05-05 17:29:30,"üö®Alert: @BetsyDeVosED and @usedgov could release their harmful Title IX rule any day now. Yes, in the middle of a global pandemic, DeVos‚Äô priority is attacking survivors‚Äô rights.

#DearBetsy, a global pandemic is threatening lives. Now is not the time to upend survivors' rights. https://t.co/wQbZGLc6cj"
RepWilson,1257713064843120640,2020-05-05 16:45:36,RT @ewarren: The Trump administration is privately projecting a steady rise in coronavirus deaths‚Äîwhile publicly encouraging states to open‚Ä¶
RepWilson,1257414607041368066,2020-05-04 20:59:38,Tune in Wednesday for a discussion on #TestingTestingTesting! https://t.co/mP7lCOW1QH
RepWilson,1257324702953070592,2020-05-04 15:02:23,"The #COVID19 pandemic is quickly dwindling our state's budget as more people than ever seek aid. We must all do our part by filling out our #Census2020 forms to ensure that Florida gets its fair share of federal funding. Trust me, we're going to need it! https://t.co/C1m9DyOiT5"
RepWilson,1257324665631993856,2020-05-04 15:02:14,"ICYMI: On Friday, I participated in an @EdLaborCmte virtual member forum on the impact of #COVID19 and solutions for safely reopening schools when the time comes. I'm fighting to ensure they have the necessary funding to help children learn and heal in a healthy environment."
RepWilson,1257317072821841922,2020-05-04 14:32:04,"A new testing site has opened up at the Walmart at 3200 NW 79th Street. You must be 18 or older and exhibit symptoms. All health-care providers and responders also can be tested at the site. Click here to learn about additional requirements.
https://t.co/wBDsx7m5cS"
RepWilson,1257315207459684358,2020-05-04 14:24:39,"The #COVID19  crisis has only intensified the fundamental inequalities of our nation. Today, as we honor the #FreedomRiders and all the heroes of the civil rights movement, we must recommit ourselves to their fight for justice and equality. https://t.co/MHyKvFPGL1"
RepWilson,1255993591106809856,2020-04-30 22:53:02,"More than 2,000 residents in nursing homes and assisted living facilities in Florida have tested positive for #COVID19. Here are some questions you can ask if you have a loved one in a facility.

https://t.co/mrfElyr2bB"
RepWilson,1255494576808300544,2020-04-29 13:50:07,Please join me today at 1pm on @Hot105 for my weekly #COVID19 update. Today's topic is education. Spread the word! https://t.co/MlrZRhzjfE
RepWilson,1255241509986881537,2020-04-28 21:04:31,Please be sure to tune in tomorrow afternoon at 1:00 for my weekly #COVID19 update on @Hot105. https://t.co/66z1xagAGG
RepWilson,1255212429170049024,2020-04-28 19:08:58,"We must protect health care workers, first responders, and other essential workers on the frontlines of the fight against #COVID19. #WorkersMemorialDay https://t.co/J0QuRIfvm6"
RepWilson,1255192701626208256,2020-04-28 17:50:35,"ICYMI: Hard Rock Stadium #COVID19 testing site is now open to asymptomatic patients. 
https://t.co/tUxb2Z5DeY"
RepWilson,1255171283035328515,2020-04-28 16:25:28,"Today is #WorkersMemorialDay. We are in the middle of a global pandemic. Workers are falling ill and dying from #COVID19. 

But OSHA is *still* refusing to issue an emergency standard to keep our workers safe. https://t.co/WZdx2NeACx"
RepWilson,1255170393670901761,2020-04-28 16:21:56,"More than 2000 residents in nursing homes and assisted living facilities in Florida have tested positive for #COVID19. Here ae some questions you to ask if you have a loved one in a facility.
https://t.co/jTxM3tWF1K"
RepWilson,1255162875515211776,2020-04-28 15:52:03,Please tune in tomorrow for an important #COVID19 discussion about education with school board members Rosalind Osgood and Steve Gallon. https://t.co/cEaDnu4p5G
RepWilson,1254867175329935361,2020-04-27 20:17:03,RT @5000RoleModels: During this Pandemic we must continue to support each other with brotherhood üëäüèæüëäüèªüëäüèøüëäüèº. #weare5000 #mondaymotivation htt‚Ä¶
RepWilson,1254769222405615616,2020-04-27 13:47:49,"ICYMI: Miami-Dade opens first walk-up testing site.
https://t.co/M4rnsDY8S3"
RepWilson,1253775445574799363,2020-04-24 19:58:54,We're all in this together! #COVID19 https://t.co/vZBOpGr4sJ
RepWilson,1253715500175065088,2020-04-24 16:00:42,"Anyone who does this will not die from #COVID19 because they will have already poisoned themselves to death. Do NOT try this! #DontDrinkBleach
https://t.co/T3GpOOBxh4"
RepWilson,1253708627048873989,2020-04-24 15:33:24,Deporting people to Haiti in the midst of a global pandemic is both inhumane and unsafe. Continuing these flights will likely contribute to the spread of #COVID19 in the impoverished nation where many people do not have access to basic health care or clean water. https://t.co/LVzhflqRgJ
RepWilson,1253707917695557633,2020-04-24 15:30:35,"The number of confirmed #COVID19 cases and deaths is rising.
https://t.co/K9SOVgmZKO"
RepWilson,1253690739164397568,2020-04-24 14:22:19,"Last night I joined @FLMemorialUniv for a virtual town hall meeting on #COVID19. You can view it here:
https://t.co/mKu9hkhWmc"
RepWilson,1253417753202929665,2020-04-23 20:17:34,"#MitchAntoinette would rather deny aid to firefighters, police &amp; EMS than deliver the relief they need to keep fighting the coronavirus. This is a disgusting remark to make when American lives are on the line nationwide. https://t.co/yv6kfY5VwF"
RepWilson,1253364574633558016,2020-04-23 16:46:15,"Democrats fought for and won the inclusion of $25 billion to expand #COVID19 testing in the Interim Emergency Coronavirus Relief Package, which is the key to reopening our economy and resuming our lives."
RepWilson,1253360544121323520,2020-04-23 16:30:14,The bill the House will vote on today improves the Paycheck Protection Program (PPP) by setting aside $60 billion within PPP to ensure access to this assistance for many small businesses in underserved rural and urban areas that were shut out before. #COVID19
RepWilson,1253348406384308228,2020-04-23 15:42:00,You won't want to miss this important and informative discussion tonight! #COVID19 https://t.co/X9Edri8hde
RepWilson,1253347894888935425,2020-04-23 15:39:58,This image filled my heart with joy. Amon is leading by example during the #COVID19 pandemic. Well done and thanks for making me smile! https://t.co/mqbCge2zdi
RepWilson,1253345518748647424,2020-04-23 15:30:32,"ICYMI: Click here to listen to the #COVID19 updates I shared during the town hall @Hot105 hosted this past Monday.
https://t.co/pBjuX3EJMt"
RepWilson,1253343105522302977,2020-04-23 15:20:57,"McDonald's is offering free meals to first responders and health-care workers to thank them for their service during the #COVID19 pandemic. #I'mLovinIt!

https://t.co/6OapcSE7OS"
RepWilson,1252619362659434497,2020-04-21 15:25:03,RT @HillaryClinton: Everyone seeking to understand the extent of Trump‚Äôs botched response to COVID-19 must recognize that Trump wasted one‚Ä¶
RepWilson,1252614032386920449,2020-04-21 15:03:52,"This is exactly why I am pushing for a universal vote-by-mail policy for this year's elections. Too many people have already died so that everyone in our country can exercise their right to vote. No more lives should be put at risk. #COVID19  
https://t.co/uMERTrFaas"
RepWilson,1252325251423371265,2020-04-20 19:56:21,"A new testing site has opened up in Miami Beach for health-care workers, first responders and employees of essential businesses.
https://t.co/golhjiojPr"
RepWilson,1252324417327292417,2020-04-20 19:53:02,"It's a disgrace that multi-billion dollar businesses are receiving #COVID19 payouts while hardworking Americans can't get the unemployment benefits they've earned!
https://t.co/NmuPx0aFwl"
RepWilson,1252314132587700237,2020-04-20 19:12:10,Our country thrives because of our immigrant communities. The Coronavirus Immigrant Protection Act would ensure that they are treated equally during the #COVID19  pandemic. We are a #NationofImmigrants.
RepWilson,1252290517922177024,2020-04-20 17:38:20,Please tune in today at 3 for a riveting discussion about #COVID19 resources and recovery efforts. https://t.co/8PJJIhNGbG
RepWilson,1251220018995564547,2020-04-17 18:44:33,It‚Äôs so sad that they don‚Äôt realize such behavior could be lethal! #StayAtHome #covid19 https://t.co/rMAXE5QPQh
RepWilson,1251219144818806784,2020-04-17 18:41:05,RT @sfpelosi: MAGAts exposing themselves to #COVID19 to own the libs is peak Trumpism. Don‚Äôt risk your lives for 45 - #StayHome! https://t.‚Ä¶
RepWilson,1251192941592403969,2020-04-17 16:56:57,I joined 77 of my colleagues on a letter to @HHSGov and @CMSGov urging them to collect and report data on the number of nursing home residents impacted by #COVID19. Their families and the American public deserve transparency. https://t.co/Gt1RG6QaM6
RepWilson,1250777728946708481,2020-04-16 13:27:03,"RT @RichardEngel: Richard Horton, editor-in-chief of the UK-based Lancet medical journal, wrote Trump‚Äôs decision to defund WHO: ‚Äúa crime ag‚Ä¶"
RepWilson,1250775803433975808,2020-04-16 13:19:24,"ICYMI: I am actively working to bring #COVID19 resources to District 24.
https://t.co/dLtrMN4eSI"
RepWilson,1250555174952873984,2020-04-15 22:42:42,"Thank you, @SpeakerPelosi, for stressing how imperative it is that the White House be truthful about every aspect of the #COVID19 pandemic. We must listen to the experts. Only the truth will save lives.
https://t.co/v0XGYLfmch"
RepWilson,1250445490900078592,2020-04-15 15:26:51,"More disaster loans
-Support for rural and underserved communities 
-Access to SBA programs for farmers

Any #COVID19 relief bill must include these fixes if we want to help small businesses weather this crisis. https://t.co/fi2cjUInYO"
RepWilson,1250419655447117824,2020-04-15 13:44:12,The truth will save lives! #COVID19 https://t.co/vQawRQHdBK
RepWilson,1249791403258937345,2020-04-13 20:07:45,"Since my first day in Congress, my mantra has been Jobs! Jobs! Jobs! #COVID-19 won‚Äôt stop that! Visit https://t.co/ev3eMpJlQ5 for a list of companies that are hiring in South Florida. https://t.co/xeeWr5DHBL"
RepWilson,1249699481311948801,2020-04-13 14:02:29,"Starting today, the drive through testing site at Hard Rock Stadium will allow anyone regardless of age, occupation or symptoms to get tested. No appointment will be needed.
https://t.co/qJmLYM8jKh"
RepWilson,1248607558375362567,2020-04-10 13:43:34,"Facial coverings are now required at the following sites in Miami-Dade: grocery stores, restaurants, pharmacies, construction sites, public transit vehicles and vehicles for hire. #COVID19

https://t.co/3XLI7SUu9h"
RepWilson,1248606518657892352,2020-04-10 13:39:26,"Help Wanted: The U.S. Postal Service is hiring. Anyone interested must apply April 9-11 at https://t.co/QebZePnukr. #COVID19 
https://t.co/lx7kenrAb2"
RepWilson,1248605740073463809,2020-04-10 13:36:21,"ICYMI: Voting should not be hazardous to our health. #COVID19 
https://t.co/SfYvvBgjH6"
RepWilson,1248395435749720066,2020-04-09 23:40:40,"""If you've never voted by mail before, this is the year to do it,""Rep. Wilson tells listeners at #COVID19 tele town hall."
RepWilson,1248392518904868872,2020-04-09 23:29:05,"@JacksonHealth SVP/CEO Roy Hawkins tells tele-town hall listeners: ""Our community should feel confident that they can count on Jackson today and always"" during the #COVID19 pandemic."""
RepWilson,1248267587143774210,2020-04-09 15:12:39,"Thank you to our nation‚Äôs health care professionals, first responders, grocery store workers, caretakers, janitorial staff, postal workers, truck drivers and all the brave Americans who keep our nation going.
 
Your dedication to our country will never be forgotten. üá∫üá∏ https://t.co/UP5o6j10Tb"
RepWilson,1248254873814077442,2020-04-09 14:22:08,Tonight's the night to get answers to your pressing questions. Please join the call. #COVID-19 https://t.co/zGJQileEgw
RepWilson,1247924747876339712,2020-04-08 16:30:19,Please join me tomorrow evening for this very important event and get answers to your most pressing questions. #Covid19 https://t.co/grY6EPPn1d
RepWilson,1247899615325634569,2020-04-08 14:50:27,This is very troubling news! Congress must be extremely vigilant to ensure that small businesses and those who need aid most get their fair share of these sources and that the funds are not abused.  #COVID19 #FamiliesFirst #accountability https://t.co/yBEQuT2gfH
RepWilson,1247891950222495744,2020-04-08 14:20:00,"In my state. voting by mail is very safe and carefully tracked.  Contrary to what the White House says, not allowing citizens to cast their ballots by mail in upcoming elections during a pandemic will defraud voters of their constitutional right! #COVID19

https://t.co/Bhwl2w5wf6"
RepWilson,1247891302332518402,2020-04-08 14:17:25,District 24: filling out the #2020Census is safe and easy and can be done over the phone or online. An undercount would endanger our community's access to critical federal funding that will be more important than ever in the wake of the novel coronavirus pandemic. #GetCounted https://t.co/xGNjgFDab7
RepWilson,1247633286345756672,2020-04-07 21:12:10,"Unlike some states, Florida has in place the infrastructure to vote by mail. People shouldn't have to choose between their right to vote and their safety. #COVID19
https://t.co/VkLH5K3MAN"
RepWilson,1247554043255324673,2020-04-07 15:57:17,"Please join me Thursday night at my tele-town hall meeting, during which experts will answer your questions about #COVID19 resources and more! https://t.co/cmNczu9wxQ"
RepWilson,1247544062833389574,2020-04-07 15:17:37,"This gives new meaning to the old saying that ""when America gets a cold, black America gets pneumonia."" #COVID19 
https://t.co/biWFciO5KK"
RepWilson,1247318362088181760,2020-04-07 00:20:46,"My heart breaks for the nation‚Äôs physicians, nurses, and other health-care workers who are putting their lives on the line every day for us, and also overflowing with gratitude. Please retweet with a thank you to them. #COVID19"
RepWilson,1247271662187352064,2020-04-06 21:15:12,"Click here for a handy guide on how to make your own face mask, sewing skills not required. #COVID19 
https://t.co/H1Mx3aFxrx"
RepWilson,1247193708317093900,2020-04-06 16:05:26,"The #COVID-19 pandemic has forced many businesses to make difficult decisions about how to spend limited funds. If you have questions about paying rent and how Florida‚Äôs eviction and foreclosure moratorium affects you, read this helpful article: https://t.co/K7fki8JeoU."
RepWilson,1247165123179040769,2020-04-06 14:11:51,Please make sure your children are distance learning during the #COVID19 pandemic. Attendance will be taken! https://t.co/BKR1QfmpCS
RepWilson,1247163555293597696,2020-04-06 14:05:37,"ICYMI: #COVID19 
https://t.co/dHdbT9bgNw"
RepWilson,1246832817310437376,2020-04-05 16:11:23,Don‚Äôt let the ongoing COVID-19 crisis keep you from exercising your right to vote! Sign up to receive a ballot in the mail for every election through 2022. https://t.co/zuF85Z8UvH
RepWilson,1246213623124557824,2020-04-03 23:10:55,"Save the Date: Thursday, April 9, I'm hosting a telephone town hall to answer your questions about #COVID-19, how to keep our community safe &amp; resources to mitigate the virus‚Äôs impact. Other topics include #2020Census and voting by mail. Visit https://t.co/uD82ZtxcKR to sign up. https://t.co/MXvtcfcYSG"
RepWilson,1246180833297383433,2020-04-03 21:00:38,"This is shockingly reprehensible. The Strategic National Stockpile is the property of the American people, tens of thousands of whom could die without these life-saving resources and supplies. #COVID19 #SMH

https://t.co/O2ufPuMQ4t"
RepWilson,1246076702083743744,2020-04-03 14:06:51,"This so NOT okay! #COVID19 
https://t.co/SFSSmUlOGz"
RepWilson,1245894702282530816,2020-04-03 02:03:39,The coronavirus pandemic has caused unemployment rates to skyrocket but luckily many companies are still hiring! Visit https://t.co/bvtijGjaRR for more information about employment opportunities in our community. https://t.co/fQG5Qpt0LP
RepWilson,1245487286210433025,2020-04-01 23:04:43,"Sorry, Mr. Pence, but as we say in the South, No, ma‚Äôam. @HouseDemocrats insisted on the provision to mandate that #COVID19 testing be free for all, including the uninsured. I know because it was my bill. #ThankADemocrat"
RepWilson,1245425699214757890,2020-04-01 19:00:00,Many in District 24 are concerned about the capacity of our hospitals right now.  Do your part and fill out the #2020Census so lawmakers know how much funding to set aside for critical services like hospitals and healthcare in the future. https://t.co/JEpvRO58p8 #Census2020 https://t.co/VNCXv65bpB
RepWilson,1245421924211023872,2020-04-01 18:45:00,"Hospitals, schools, and roads are just some of the community resources impacted by the Census. Fill out your form today at https://t.co/JEpvRNNx0y. #Census2020 https://t.co/qaIeV1PL7F"
RepWilson,1245371457359790081,2020-04-01 15:24:27,You are my heroes! #COVID19 https://t.co/h7WxnQYoXG
RepWilson,1245355027478335489,2020-04-01 14:19:10,"Fingers crossed: ‚ÄúThe law already allows a special enrollment for people who have lost their workplace health plans, so the health care law may still serve as a safety net after a record surge in unemployment stemming from the pandemic‚Äù
https://t.co/eRgwUDuyJr"
RepWilson,1245352198592233472,2020-04-01 14:07:56,"ICYMI: New testing site in Miami for people who are 45 and older. Spread the word!
https://t.co/V7DtzWKOIu"
RepWilson,1245087515566055425,2020-03-31 20:36:10,"Wow. Seriously? So, the White House pandemic office, HHS, and other agencies tasked w/ safekeeping our health were too preoccupied by something over which they have no jurisdiction to do their jobs and work to prevent or mitigate a pandemic? SMH #COVID19
https://t.co/jOMKJpX1DH"
RepWilson,1245060547315404801,2020-03-31 18:49:01,"Low-income moms of color are most likely to be their families' breadwinner &amp; at the same time, incredibly vulnerable to pay discrimination and the economic &amp; health impacts of the #COVID19 crisis. Congress must center their needs in the 4th response package! #EqualPayDay"
RepWilson,1245057372894224388,2020-03-31 18:36:24,"In so many ways, the #COVID19 pandemic is a gendered crisis. We're disproportionately on the frontlines as healthcare workers, food service workers, grocery"
RepWilson,1245036427915735041,2020-03-31 17:13:10,"This crisis has made clear what we already knew: We are nothing without our nation‚Äôs workers. From the hospital to the grocery store, we must ensure‚Äînow more than ever before‚Äîthat ALL our workers receive #EqualPay. https://t.co/684rUbG6mp"
RepWilson,1245035778914254849,2020-03-31 17:10:35,"If you are or know someone who is a domestic violence victim, as we shelter in place, set up a phone call or other form of communication w/ a friend or relative to take place at the same time daily as a safety check and alert authorities if the victim doesn't check in. #COVID19"
RepWilson,1244997512265637889,2020-03-31 14:38:32,"Florida reported 754 new #Covid19 cases last evening, yet our state has not yet issued a shelter-in-place order. Please join me in calling on our governor to do the right thing.
https://t.co/xATAcMpdA2"
RepWilson,1244703273761812481,2020-03-30 19:09:20,"Hey there, District 24: Please visit my website for vital information and resources you can use to help you weather the #COVID19 pandemic.
https://t.co/FBlsMNBd5X"
RepWilson,1244694427089723393,2020-03-30 18:34:11,"Good news: Recently retired health-care workers and first responders in Florida are being allowed to go back to work to help battle #COVID19!

https://t.co/3xPBHFs373"
RepWilson,1244636826725429248,2020-03-30 14:45:18,"Thank you, @insideFPL. At times like this, every bit helps! #COVID19 https://t.co/MPQhPZ5fVR"
RepWilson,1243667244330221568,2020-03-27 22:32:31,"I am immensely proud of the CARES Act signed into law today and how hard House Democrats are fighting to help families, workers, small businesses and others survive the multiple adverse impacts of #COVID19.
https://t.co/d8SzfMPLML"
RepWilson,1243655668625747970,2020-03-27 21:46:32,"Even as we fight the coronavirus, we have to make sure we are planning for the future ‚Äì and nothing could be more important than ensuring students across America can keeping learning. #FamiliesFirst https://t.co/lk6FyH22dT"
RepWilson,1243655380305154048,2020-03-27 21:45:23,I'm pleased that the #CARESAct has been passed by Congress! Democrats are fighting to ensure that workers across America are protected during this public health crisis. #FamiliesFirst https://t.co/ar2gh1lczu
RepWilson,1243644628248780806,2020-03-27 21:02:39,"Attention District 24 small business owners: The comprehensive coronavirus response package just passed by Congress includes aid for small businesses struggling with to stay afloat during the crisis. More information can be found here: 
https://t.co/zlKumkDUR1"
RepWilson,1243628047171026945,2020-03-27 19:56:46,"Behavior like this is despicable at any time but even more so now. Please remember that the bill I passed in Congress mandates that #COVID19 testing is free and is now the law of the land! #ForThePeople
https://t.co/9nRaqbctfz"
RepWilson,1243598912306503680,2020-03-27 18:01:00,We need the power of American manufacturing to get our healthcare professionals the supplies they need. I support the Medical Supply Chain Emergency Act to federalize our manufacturing efforts and beat the #COVID19 crisis once and for all. https://t.co/nmlsUov42U
RepWilson,1243559538701283333,2020-03-27 15:24:32,I will be on @Hot105 today at 12:00 PM discussing the coronavirus pandemic. Tune in! https://t.co/rP61xo5FRI
RepWilson,1243558559012528131,2020-03-27 15:20:39,"Pass the word! If you or someone you know needs food assistance, please share this information with them. #COVID19 https://t.co/2BLfwEY6nm"
RepWilson,1243540710684491779,2020-03-27 14:09:43,"Please resist the urge to leave home unless it is absolutely necessary. Social distancing is a critical component of fighting the #COVID19 pandemic!
https://t.co/InGsPoUX8B"
RepWilson,1243323507989241857,2020-03-26 23:46:38,".@djdnice, I love that you encouraged voter registration during your virtual #CouchParty. It would be great if you could throw one to encourage people to complete their #Census2020 forms because communities are going to need every federal dollar they can get post-#COVID19!"
RepWilson,1243318885341954048,2020-03-26 23:28:16,"If you &amp; your coworkers need unemployment benefits to survive during the #COVID19 epidemic that has forced businesses across the U.S. to close &amp; left millions of hardworking people jobless #ThankADemocrat! We're putting workers first! #ForThePeople
https://t.co/TVUI5pv9HD"
RepWilson,1243315140067495937,2020-03-26 23:13:23,"Wishing my colleague @RepTedDeutch and his family good health!

https://t.co/Vy4upvHr1P"
RepWilson,1243311696132935681,2020-03-26 22:59:42,"When you visit the grocery store, pharmacy or other business offering essential services during the #COVID19 epidemic, please thank the workers who are risking their own health to help safeguard ours."
RepWilson,1243302378604019714,2020-03-26 22:22:41,"I am fighting to ensure that Florida's broken unemployment benefits program and application process are fixed so our workers get the assistance they deserve and have earned. #COVID19 #ForThePeople
https://t.co/KMhUSIfjUc"
RepWilson,1243292520701808640,2020-03-26 21:43:30,"If you‚Äôre a small business owner in need of an SBA loan as a result of the #COVID19 pandemic, download this link before applying for assistance online to ensure your paperwork is in order and ease the process.
https://t.co/39YQ93C65y"
RepWilson,1242933690684059653,2020-03-25 21:57:39,"Social distancing can be hard to do. Here are some tips for weathering the #COVID19 storm.

https://t.co/lytnZvFwp5"
RepWilson,1242873321642999809,2020-03-25 17:57:46,I am fighting hard for resources to help our workers and small businesses recover from the harmful impact #COVID„Éº19 has had on our economy. https://t.co/5PxB3OF41S
RepWilson,1242485432937598978,2020-03-24 16:16:26,"Pass it along: If you‚Äôre a Miami senior citizen with COVID-19 symptoms and unable to reach a testing site, Miami Fire-Rescue can bring a test to you. If you fit the criteria, don‚Äôt wait to get tested! https://t.co/8JTc0FL9IF"
RepWilson,1242222316093915136,2020-03-23 22:50:54,Where is Dr. Fauci at tonight‚Äôs White House briefing? I hope this vital truth teller hasn‚Äôt been benched because of his honest assessments of this #COVID-19 pandemic.
