SenRickScott,1321076176023146496,2020-10-27 13:07:59,"RT @SquawkCNBC: ""If you go look at their bill, it has a whole bunch of things that have nothing to do with the #coronavirus,"" says @SenRick‚Ä¶"
SenRickScott,1321064389261336576,2020-10-27 12:21:09,"RT @SquawkCNBC: ""We've got to understand that we've got to get our fiscal house in order,"" says @SenRickScott on the size of the #coronavir‚Ä¶"
SenRickScott,1320784822550384643,2020-10-26 17:50:15,"After months of staying inside due to the #Coronavirus, who wouldn‚Äôt want a little extra sunshine.

I‚Äôm proud to join @marcorubio on a bill to allow Floridians and visitors to enjoy our beautiful state even later in the day. https://t.co/HrBI4P8k8a"
SenRickScott,1320741150169419776,2020-10-26 14:56:43,"üö®LIVE TV ALERT!

Looking forward to joining @Varneyco on @FoxBusiness today at 11:15AM to discuss the importance of this election and the ongoing fight against the #Coronavirus."
SenRickScott,1319332915399020545,2020-10-22 17:40:53,"üö®Coming up in the 2 o‚Äôclock hour!

I‚Äôll be joining @toddstarnes at 2PM &amp; @cvpayne at 2:45PM to discuss the @SenateDems‚Äô latest temper tantrum. 

Between boycotting the Judiciary Committee &amp; blocking COVID relief yesterday it‚Äôs hard to tell what they‚Äôre doing up here."
SenRickScott,1319303592067694592,2020-10-22 15:44:22,"RT @WIOD: Listen live at 11:50 as @SenRickScott talks to @brianmuddradio about COVID negotiations, SCOTUS nomination, tonight's debate.

ht‚Ä¶"
SenRickScott,1319000434208608262,2020-10-21 19:39:44,".@SenateDems literally blocked a COVID relief bill less than 2 hours ago that would have helped workers and small businesses, improved testing, and helped schools stay safe. 

Americans ARE sick and tired of these political games. So stop playing them, @SenSchumer. https://t.co/EEUsXrB0U2"
SenRickScott,1318631314535448586,2020-10-20 19:12:59,"üìª Looking forward to joining @guypbenson shortly on #FoxNewsRadio. 

I‚Äôll be discussing the latest on Judge Amy Coney Barrett‚Äôs confirmation and the latest COVID relief negotiations. https://t.co/g2V0bIk6Mq"
SenRickScott,1318598399680114689,2020-10-20 17:02:11,".@SenSchumer &amp; @SpeakerPelosi have made it very clear they only care about winning elections, not helping Americans in need.
 
I won't support a bill that uses Florida taxpayer $$ to bail out poorly-managed states &amp; on liberal priorities that have nothing to do with COVID. https://t.co/SehFKQQtP9"
SenRickScott,1318302182979022855,2020-10-19 21:25:07,"RT @SenateGOP: ‚úì Help for schools
 
‚úì Another round of PPP
 
‚úì Unemployment benefits
 
‚úì Protection for pre-existing conditions
 
‚úì Testing‚Ä¶"
SenRickScott,1318225771702472704,2020-10-19 16:21:30,"Americans are hurting and instead of working in good faith to negotiate a realistic deal to help those in need, @SpeakerPelosi is just playing politics. 

She‚Äôs preventing a deal to help Americans so she can fund her wishlist of liberal projects unrelated to this pandemic. https://t.co/qefEyCaA9w"
SenRickScott,1316897462330789888,2020-10-16 00:23:16,"Another reminder that Communist China and the @WHO hid the early spread of #coronavirus. 

This has led to a devastating pandemic. They can‚Äôt be trusted and they must be held accountable. https://t.co/H8UfxVeedp"
SenRickScott,1315706290493173762,2020-10-12 17:29:58,"RT @SRCC: MCCONNELL: Like clockwork, Democrats are using scare tactics to claim Judge Barrett is out to steal Americans‚Äô healthcare.

This‚Ä¶"
SenRickScott,1315021919960346628,2020-10-10 20:10:32,"Thankful the DC Federal Court has ruled in favor of the @chbcdc. 

Members of the church can now convene safely together and exercise their religious freedom. https://t.co/cAoCfJebyV"
SenRickScott,1313608559893065729,2020-10-06 22:34:21,"RT @FRCdc: House Democrats want to force taxpayers to pay for #abortion.

""Congress should not throw away the Hyde Amendment and force Amer‚Ä¶"
SenRickScott,1312406170594926593,2020-10-03 14:56:29,I misspoke this morning in my @FoxNews interview. I was tested yesterday for COVID and tested NEGATIVE.
SenRickScott,1312109036863582209,2020-10-02 19:15:46,"Out of an abundance of caution, I got a COVID test today and the results came back negative. 

Continuing to keep @realDonaldTrump, @FLOTUS, @SenMikeLee and others in my prayers."
SenRickScott,1312034992793452546,2020-10-02 14:21:33,"In times of crisis, our communities come together.
 
With the support of hundreds of selfless volunteers, the Neighborhood Health Clinic provides hope and quality medical care to Floridians in need. I am honored to support their mission. https://t.co/Dxp7RDuYzT"
SenRickScott,1311335923192340491,2020-09-30 16:03:42,"Well said.
¬†
Companies should not be kowtowing to Communist China‚Äôs demands. They should be standing for freedom and human rights. https://t.co/2sIckZRL7M"
SenRickScott,1311307080490463237,2020-09-30 14:09:05,"I won't allow Florida taxpayers to be held responsible for bailing out states that refuse to live within their means or want to spend #Coronavirus funds on unrelated liberal priorities.

Read my Op-Ed with Daniel Garza in the @orlandosentinel. https://t.co/EiqAEegwjI"
SenRickScott,1308489435730841602,2020-09-22 19:32:46,"Over the last few months, I‚Äôve had conversations with leaders at FL ports, federal agencies, &amp; the cruise industry about the safety of passengers and crew.

My Set Sail Safely Act brings key government agencies, like the CDC and DHS, to the table to develop and implement a plan. https://t.co/k4TFJarLBW"
SenRickScott,1308388980023586816,2020-09-22 12:53:36,"I‚Äôve warned about this for months &amp; now we have the evidence. Liberal states are using CARES Act funding meant for Coronavirus to fund their liberal programs.

And the Democrats are still claiming they need more taxpayer-funded bailouts. I won‚Äôt allow it. https://t.co/Ra8dTxyv6M"
SenRickScott,1308189908142632963,2020-09-21 23:42:33,"I‚Äôve been saying this for months now.

Communist China covered up and lied about coronavirus and the @WHO helped them, leading to a devastating global pandemic. It‚Äôs time for accountability. https://t.co/gwSX22r1cw"
SenRickScott,1308072840101535745,2020-09-21 15:57:22,"For too long, the U.S. has relied on countries like China to produce PPE and critical pharmaceuticals. We must work to build our national stockpile from American-based producers.

Read more in my @modrnhealthcr Op-Ed: https://t.co/ytbZdnZK53"
SenRickScott,1307682714267668483,2020-09-20 14:07:09,"As our economy reopens, we have to make sure that travelers are as safe as possible.

The Fly Safe and Healthy Act I introduced with @SenatorCantwell will help protect passengers and staff. https://t.co/w6yWr6F2CF"
SenRickScott,1307034521120976896,2020-09-18 19:11:28,"Ann and I wish Florida‚Äôs Jewish community a happy, healthy and prosperous new year.  Shanah Tovah! https://t.co/YIs1oZQFe8"
SenRickScott,1307016305531326466,2020-09-18 17:59:05,"As our economy re-opens and Americans begin traveling more, we have to do everything we can to make sure travel is safe.

That is why @SenatorCantwell &amp; I have introduced the Fly Safe and Healthy Act. Read more here: https://t.co/5d7M7i7bM9"
SenRickScott,1306634520091914252,2020-09-17 16:42:00,RT @WESH: Florida senators introduce bill that would keep US on daylight saving time during pandemic https://t.co/gjv28Jivbn
SenRickScott,1306317740228186118,2020-09-16 19:43:14,"As we work to safely reopen Florida's economy, @marcorubio &amp; I introduced the Set Sail Safely Act.

This bill creates a Maritime Task Force focused on the health, safety, security, &amp; logistical changes to allow cruise lines &amp; ports to resume operations. https://t.co/YZlGSlYvfD"
SenRickScott,1306285661113245697,2020-09-16 17:35:45,"After months of staying inside during the #coronavirus pandemic, families across the nation could use a little more sunshine‚òÄÔ∏è.

I‚Äôm glad to join @marcorubio on a bill to keep the US on #DaylightSaving, similar to legislation I signed during my time as Governor. #LocktheClock https://t.co/VmRsUC46J9"
SenRickScott,1306248078907838465,2020-09-16 15:06:25,"üö®LIVE ALERT!

Joining @kilmeade on @foxnewsradio at 11:20AM to discuss the latest on coronavirus, &amp; the importance of supporting our law enforcement. 

üåÄAt 11:40AM I‚Äôll be joining Alex Wallace on the @weatherchannel to discuss Hurricane #Sally and the current situation in FL."
SenRickScott,1305890747535761409,2020-09-15 15:26:31,"üö®LIVE TV ALERT!

I‚Äôll be joining @Varneyco at 11:50AM to discuss the latest on #Coronavirus and how important the election this November will be for the future of our country. Tune in! https://t.co/nZUAP9GokH"
SenRickScott,1305484945830408195,2020-09-14 12:34:00,"The ambush of officers this weekend in LA is despicable, as is protestors blocking the hospital emergency entrance and chanting ‚Äúwe hope they die.‚Äù

Our law enforcement officers dedicate their lives to protecting our communities, and these acts of violence won‚Äôt be tolerated. https://t.co/S6UjKe3LVp"
SenRickScott,1304459512804499456,2020-09-11 16:39:18,".@SenSchumer &amp; @SpeakerPelosi are blocking relief for Americans in need because they think it will benefit them politically. Shameful.

Republicans‚Äô COVID relief bill included targeted funding to benefit American workers &amp; small businesses while maintaining fiscal responsibility. https://t.co/OYhnIAVL8r"
SenRickScott,1304226274513166337,2020-09-11 01:12:29,"RT @WFLA: An attempt at another round of federal coronavirus relief failed on Capitol Hill today.

But Florida @SenRickScott says he's not‚Ä¶"
SenRickScott,1304114837807661059,2020-09-10 17:49:41,"Today, Senate Dems blocked consideration of Republicans‚Äô COVID-19 relief package.

Their strategy is clear: pass nothing for political gain. They‚Äôre determined to stop any relief from moving forward. It‚Äôs shameful, but what we‚Äôve come to expect from @SenSchumer &amp; @SpeakerPelosi. https://t.co/AIknqVX2yT"
SenRickScott,1303820768153939971,2020-09-09 22:21:09,"Many Americans are facing mental health challenges during this difficult year. Last year, I sponsored the National Suicide Hotline Designation Act to remove barriers for Americans seeking help.

You're not alone ‚Äì support is just one call away #NationalSuicidePreventionMonth https://t.co/n8BBJThti1"
SenRickScott,1301952642659348480,2020-09-04 18:37:53,"Today, I wrote to @SecPompeo urging the @StateDept to keep the Level 4 Do Not Travel Advisory to Communist China beyond the pandemic, given the ongoing human rights abuses &amp; threat to the safety of Americans.

The Administration has taken the right steps, but we can‚Äôt stop now. https://t.co/d4RcmQ068l"
SenRickScott,1301225820162338818,2020-09-02 18:29:45,"During these unprecedented times we all must play our part to protect ourselves, our families and our communities.
 
I wear a mask for my family, for all Floridians, for my colleagues and my country. Who do you wear your mask for? https://t.co/JeU4B7F9HA"
SenRickScott,1299415985112248320,2020-08-28 18:38:07,"Thank you to the Administration for continuing to take necessary measures to increase testing.

Rapid testing is one of the best ways we can help fight the #Coronavirus and stem the spread. https://t.co/ROUfoO60A1"
SenRickScott,1299041041664835584,2020-08-27 17:48:14,"üö®Tune in to @FoxNews at 2:15PM and catch me live with @DanaPerino. I‚Äôll be discussing the ongoing battle against Coronavirus, the Republican convention and much more. https://t.co/kmnoTiTGoJ"
SenRickScott,1298292885390008325,2020-08-25 16:15:19,"üö®LIVE TV ALERT!

Looking forward to joining @TeamCavuto on @FoxBusiness at 12:30PM. I‚Äôll be talking about the ongoing fight against the #Coronavirus and the importance of making sure we preserve our American values this November. Tune in!"
SenRickScott,1297913743465209857,2020-08-24 15:08:45,"üö®LIVE TV ALERT! 

Looking forward to joining @Varneyco at 11:40AM to talk about the ongoing fight against #Coronavirus, this week‚Äôs Republican convention and the radical Left‚Äôs push for socialism and anarchy."
SenRickScott,1297198837665271816,2020-08-22 15:47:58,"There‚Äôs no doubt the PPE shortage has been a hurdle in our fight against Coronavirus.

What we‚Äôve learned is that the US must take steps to boost our stockpile to prevent this in the future. My American-Made Protection for Healthcare Workers &amp; First Responders Act addresses this. https://t.co/zd0YrNXgYw"
SenRickScott,1296189550490988546,2020-08-19 20:57:25,"Thank you @realDonaldTrump for signing this important legislation to help support the families of our brave first responders who lost their lives during this pandemic.

America‚Äôs first responders show up for us in times of need and now it is time for us to show up for them. https://t.co/Y7nZpn5d2t"
SenRickScott,1295457256088186881,2020-08-17 20:27:32,"RT @FL_Daily: @SenRickScott Tells @realDonaldTrump: Don‚Äôt Let Democrats Use #coronavirus Relief to Enact Their Liberal Agenda:
https://t.co‚Ä¶"
SenRickScott,1294390488846544901,2020-08-14 21:48:35,"Today, I sent a letter to @realDonaldTrump, as coronavirus relief negotiations continue, urging him to reject bailouts for liberal states.

Instead of helping Americans in need, Democrats are pushing to use taxpayer $$ to backfill their poorly-managed budgets and pension plans. https://t.co/Veyb35l6Nj"
SenRickScott,1293558568336207873,2020-08-12 14:42:50,"State &amp; local gov‚Äôts have only spent about 25% of what they received in the CARES Act.

Yet @SpeakerPelosi &amp; @SenSchumer are holding up $ for Americans in need because they want to give their states $1 TRILLION more to spend on liberal programs unrelated to Coronavirus. Shameful. https://t.co/CA0gNsTESy"
SenRickScott,1292530335545262080,2020-08-09 18:37:00,"RT @FL_Daily: @SenRickScott  Looks to Bring Tax Cuts, Expanding #PPE and Testing Into #CoronavirusReliefPackage:
https://t.co/gX5V383GnO
#R‚Ä¶"
SenRickScott,1292456839838420993,2020-08-09 13:44:57,"üö®Attention U.S. Service Academy Applicantsüö®

Applications for the 2020-2021 cycle are open until Oct 16th, and official test scores are due Nov 1st. Visit my website for more information and updates related to Coronavirus: https://t.co/HW1CMNbf7v"
SenRickScott,1292216888441872384,2020-08-08 21:51:29,"Political prisoners are still dying everyday in Cuba fighting for their freedom and democracy. 

Yosvany Arostegui died after a 40 day hunger strike protesting Cuba‚Äôs human rights violations. We will continue to denounce the regime‚Äôs atrocities! https://t.co/3VxzjixNpS"
SenRickScott,1292096796106330112,2020-08-08 13:54:16,"Widespread #coronavirus testing is one of the best ways we can fight this virus &amp; re-open our economy.

It's unacceptable that some health insurers are limiting or denying coverage. My Affordable Coronavirus Testing Act will ensure every American has access to affordable tests. https://t.co/PbdnBoFKjy"
SenRickScott,1291799385521750016,2020-08-07 18:12:28,"An amendment to hold Communist China accountable by making sure no taxpayer $$ spent by Congress to respond to the #coronavirus goes to entities owned or controlled by Communist China.

AND amendments to save families &amp; job creators more than $320 billion. https://t.co/gDvdC0B6t8"
SenRickScott,1291798476725067777,2020-08-07 18:08:51,"My Affordable Coronavirus Testing Act, co-sponsored by @SenJoniErnst &amp; @SenMcSallyAZ, to ensure Americans have access to affordable COVID-19 tests, antibody tests are covered by insurance, &amp; testing info is efficiently shared among health care providers &amp; public health officials."
SenRickScott,1291798351751643138,2020-08-07 18:08:22,My American-Made Protection for Healthcare Workers and First Responders Act that would address the current PPE shortage and build the national stockpile of goods from American-based producers to eliminate our dependence on foreign adversaries‚Äô supply chains during a crisis.
SenRickScott,1291798228858548225,2020-08-07 18:07:52,"While Democrats continue to play politics and refuse to focus on actually helping Americans, yesterday I proposed amendments to the COVID relief package to get the economy re-opened, support businesses, &amp; protect Americans.
 
These amendments include:"
SenRickScott,1291717084116914177,2020-08-07 12:45:26,"Our economy is continuing to make good progress. Jobs jobs jobs! 

We still have a long way to go to fully recover from this pandemic, but the American people and the American economy are strong and resilient. #JobsReport https://t.co/HgSq8mYc9Y"
SenRickScott,1291406875834101766,2020-08-06 16:12:47,"While Dems want to spend more than $3 TRILLION in taxpayer $ on their liberal projects, the most important thing we can do is help workers &amp; small businesses &amp; open our economy.

I'm proposing amendments to the COVID-19 relief bill to protect Americans &amp; improve economic growth. https://t.co/0kEPttrmdr"
SenRickScott,1291074070025506819,2020-08-05 18:10:19,"üö®LIVE üì∫ ALERT!

Looking forward to talking with @cvpayne at 2:30PM on @FoxBusiness about the ongoing negotiations on Coronavirus relief and my warnings about the impact the growing national debt will have on future generations."
SenRickScott,1290838423343857664,2020-08-05 02:33:57,"üö®LIVE TV ALERT!

Joining @ShannonBream this evening at 11:05PM to discuss the latest on the fight to beat #coronavirus and the negotiations on Capitol Hill. We may even discuss the Bidens...Tune in!"
SenRickScott,1290674593414488064,2020-08-04 15:42:57,"üö®LIVE TV ALERT!

Catch me on @BloombergTV at 12PM. I‚Äôll be discussing the latest on the Coronavirus and what Congress should and shouldn‚Äôt do in the next relief package.

Tune in!"
SenRickScott,1290289033793347584,2020-08-03 14:10:52,"üö®LIVE RADIO ALERT!

I‚Äôll be joining @kilmeade at 10:20AM on @foxnewsradio to discuss the ongoing fight against #coronavirus and the latest on negotiations from Capitol Hill.

Listen here ‚¨áÔ∏è
https://t.co/t6F16ZaDY2"
SenRickScott,1290278374477160448,2020-08-03 13:28:31,RT @FLSERT: 15 state-supported COVID-19 testing sites closed due to #Isaias will resume operations tomorrow. Federal drive-thru sites in Mi‚Ä¶
SenRickScott,1290059652810539008,2020-08-02 22:59:24,"Democrats need to stop playing politics &amp; focus on a responsible spending package that will help Americans &amp; businesses in need during to this pandemic.

What they‚Äôve proposed is a grab-bag for liberal special interests and a bailout for mis-managed states. https://t.co/i4nZqNfEdQ"
SenRickScott,1289696549505654785,2020-08-01 22:56:33,"Gracias @AGAshleyMoody por el apoyo a nuestra legislaci√≥n. Cuba participa en el tr√°fico humano de m√©dicos y utiliza la pandemia de #coronavirus para obtener ganancias a expensas de profesionales m√©dicos que trabajan duro.
 
Es horrible y debemos ponerle fin a esto. https://t.co/PjzSfi8Fma"
SenRickScott,1289696454861185024,2020-08-01 22:56:10,"Thank you @AGAshleyMoody for your support of our bill. Cuba is participating in the human trafficking of doctors, and using the #coronavirus pandemic for profit at the expense of hardworking physicians.
 
It‚Äôs despicable and we must put an end to this. https://t.co/4uPKVrXBwD"
SenRickScott,1289289544936775680,2020-07-31 19:59:16,"Esta temporada de huracanes ser√° diferente mientras contin√∫anos luchando contra el #Coronavirus.

Insto a los floridanos a prestar atenci√≥n a las advertencias de los funcionarios locales sobre el hurac√°n #Isaias y mantenerse actualizados. https://t.co/dWafelwaq4"
SenRickScott,1289289293702324224,2020-07-31 19:58:16,"This Hurricane Season will be different from previous ones as we also continue to fight the #Coronavirus.

I urge Floridians to heed warnings from local officials when making preparations for Hurricane #Isaias &amp; stay up to date on the latest guidelines. https://t.co/ZLvocdEqsg"
SenRickScott,1289260475830743041,2020-07-31 18:03:45,"This pandemic has highlighted the ways regulations can hinder quick action and innovation.

We need to be able to quickly adjust to respond to a crisis. Read my @TB_Times Op-Ed with @TimPhillipsAFP ‚¨áÔ∏è
https://t.co/275tPrtZLu"
SenRickScott,1289253960230957056,2020-07-31 17:37:51,RT @jeremyhobson: Florida Republican @SenRickScott joins me today 12:06pm/2:06pm ET on @NPR @hereandnow with the latest on the COVID relief‚Ä¶
SenRickScott,1289197930499407872,2020-07-31 13:55:13,"üö®LIVE TV ALERT!

Getting ready to join @Varneyco at 10:15AM to discuss the latest on the #Coronavirus, Hurricane #Isaias, and the recent reports on the @NBA‚Äôs knowledge of human rights abuses by Communist China.

Make sure to tune in!"
SenRickScott,1289190516655964161,2020-07-31 13:25:45,"RT @FLSERT: Based on the 5 p.m. #Isaias advisory from @NHC_Atlantic, the state-supported COVID-19 testing sites in the following counties w‚Ä¶"
SenRickScott,1288926244684402696,2020-07-30 19:55:38,"#TBT to when the @WHO provided the global community with misinformation to help its puppet masters in Communist China.
 
It is time to hold them accountable. https://t.co/ufaPOxRf4G"
SenRickScott,1288815749407047680,2020-07-30 12:36:34,"RT @GuyBensonShow: .@SenRickScott (R-FL): ‚ÄúMight Make Sense To Have A New FBI Headquarters, But Not Part Of A Coronavirus Bill‚Äù
#Florida #F‚Ä¶"
SenRickScott,1288788329912295424,2020-07-30 10:47:37,"üö®LIVE TV ALERT! 

I‚Äôll be joining @MariaBartiromo at 7:10AM on @FoxBusiness to discuss the next phase of #coronavirus relief &amp; the horrific reports from @espn of the abuse at @NBA academies in Communist China. It‚Äôs time for the NBA to choose human rights over profits."
SenRickScott,1288164854201823232,2020-07-28 17:30:08,"A medida que continuamos luchando para mantener a nuestras familias a salvo del Coronavirus, no debemos bajar la guardia.

@NHC_Atlantic tiene a la Florida en el cono del Cicl√≥n Tropical Nueve. AHORA es el momento de prepararse. https://t.co/synR4RNCH9"
SenRickScott,1288146266124431360,2020-07-28 16:16:17,"üö®LIVE TV ALERT!

I‚Äôll be joining John Bachman on @newsmax today at 12:30PM to discuss the latest on the #Coronavirus and the next relief package. Tune in!"
SenRickScott,1287896072694759424,2020-07-27 23:42:06,"Thank you @VP Pence for making a visit to Florida today as our state and nation continue to fight the #Coronavirus.

We should all be doing everything we can to support our researchers who are working hard to develop a vaccine. https://t.co/X8dvREz3pz"
SenRickScott,1287859918058422272,2020-07-27 21:18:26,"Ortega est√° emulando al General Xi y persiguiendo y silenciando a los m√©dicos que hablan sobre el #Coronavirus.

Estos m√©dicos intentaban salvar vidas y est√°n siendo castigados por ello. ¬°Continuaremos denunciando las violaciones de derechos humanos en todo el mundo!"
SenRickScott,1287859707772903425,2020-07-27 21:17:36,"Ortega is taking a page from General Secretary Xi‚Äôs book by persecuting &amp; silencing doctors speaking up about #Coronavirus.

These doctors were trying to save lives &amp; are being punished. We‚Äôll continue to denounce human rights violations around the globe! https://t.co/HxxjdCV0yf"
SenRickScott,1287841036233068544,2020-07-27 20:03:24,"RT @RepMichaelWaltz: Right now, Florida hospitals don't have enough Remdevisir, a drug used to treat #COVID„Éº19.

Last week, I joined the FL‚Ä¶"
SenRickScott,1287725279515947015,2020-07-27 12:23:26,"RT @SquawkCNBC: ""First off wear a mask. Social distance. It shouldn't be that hard to figure this out but-- if you look at it there were a‚Ä¶"
SenRickScott,1287712613883928577,2020-07-27 11:33:06,"üö®LIVE TV ALERT! 
Starting the morning off on @SquawkCNBC today at 8AM. 

I‚Äôll be discussing the latest on the #Coronavirus, making sure taxpayer $$ isn‚Äôt used to bail out poorly-managed states in the next relief package and holding Communist China accountable."
SenRickScott,1287510583831597057,2020-07-26 22:10:18,"üö®LIVE TV ALERT! 

Looking forward to joining Jon Scott on @foxnews at 6:30PM. I‚Äôll be discussing the latest on the fight against the #coronavirus and the need for law and order in Portland. While all Americans have the right to protest, violence won‚Äôt be tolerated."
SenRickScott,1287382914112643078,2020-07-26 13:42:59,"Communist China continues to go to great lengths to cover up their failure and their lies. 

#Coronavirus started in China and was allowed to spread further and faster because of China‚Äôs attempts to cover up the early spread. https://t.co/pPbhBY1Q8g"
SenRickScott,1286703374365327363,2020-07-24 16:42:44,"Are you prepared for this Hurricane Season?

Now is not the time to wait, and it is essential that everyone takes the necessary precautions as we continue to fight the #Coronavirus. https://t.co/1syL4d7DJT"
SenRickScott,1286632355931869184,2020-07-24 12:00:32,"What is unacceptable is @DrTedros and the @WHO siding with Communist China and helping them cover up the early spread of the #Coronavirus.

They chose to be puppets for Xi and the Chinese Communist Party rather than defend global public health. That‚Äôs unacceptable. https://t.co/fFJIcvBetn"
SenRickScott,1286090445118939136,2020-07-23 00:07:11,"The @WHO again chooses to please its puppet masters in Communist China by promoting pro-Beijing propaganda to cover up their own lies &amp; failures.

But we know the truth. Communist China DID lie &amp; DID hide the early spread of #Coronavirus from the world - &amp; the WHO helped them. https://t.co/UCDyisWI4z"
SenRickScott,1286055529316528129,2020-07-22 21:48:26,"Today, I wrote to @EsperDoD following reports that the Secretary is considering visiting Communist China.

I've requested that he outline his plan to hold Communist China accountable for its blatant human rights abuses, military expansion &amp; its role in the spread of #coronavirus. https://t.co/RDbayvA4wR"
SenRickScott,1285999017323880448,2020-07-22 18:03:53,"Heading to the Senate floor around 2:20PM to speak about holding Communist China accountable. 

For years they‚Äôve been stealing our data &amp; technology. They‚Äôve lied about #Coronavirus &amp; want to sabotage our vaccine research. Enough is enough.

Live ‚¨áÔ∏è:
https://t.co/i2g75aj5nF"
SenRickScott,1285983210988593152,2020-07-22 17:01:04,"RT @MiamiHerald: NEW: With COVID-19 cases on the rise, five new testing sites in Miami-Dade and Broward open https://t.co/q2tczPMHQx"
SenRickScott,1285947192801480704,2020-07-22 14:37:57,"Yesterday, @SenRonJohnson &amp; I asked our colleagues &amp; the @NatlGovsAssoc to urge states to provide info about how they've used $$ received from the CARES Act &amp; other federal #coronavirus funds.

This is critical info as we consider additional relief funds. https://t.co/nOszp3xHRA"
SenRickScott,1285928707706822658,2020-07-22 13:24:29,"Closing China‚Äôs Consulate in Houston was the right move to protect our national security.

The CCP has been stealing our technolgy, intellectual property, Americans‚Äô personal info &amp; now is attempting to steal or sabotage our #Coronavirus vaccine research. Action had to be taken. https://t.co/4UBujn8WWJ"
SenRickScott,1285908218863067146,2020-07-22 12:03:05,"The human rights violators you work for are sending #Uyghurs to concentration camps, destroying human rights in #HongKong &amp; ‚Äúdisappearing‚Äù doctors who warned about #Coronavirus.

Communist China absolutely should not host the 2022 @Olympics. The IOC should re-bid immediately. https://t.co/tkMV23ffDU"
SenRickScott,1285687614075543559,2020-07-21 21:26:28,"I‚Äôm very disappointed that the Republican proposal outlined today includes provisions allowing states to use Coronavirus-related $$ for unrelated purposes.

I will fight any &amp; all proposals that allow poorly-run states to use this $$ to backfill their poorly-managed budgets. https://t.co/Uqh8UcxWox"
SenRickScott,1285641882383650817,2020-07-21 18:24:45,"For months, I‚Äôve been warning about Communist China‚Äôs attempts to steal or sabotage American vaccine efforts, &amp; today‚Äôs indictment by @TheJusticeDept demonstrates the reality of this threat.

We can‚Äôt allow that, which is why I introduced the COVID-19 Vaccine Protection Act. https://t.co/ROWDkGKwWn"
SenRickScott,1285592004223741952,2020-07-21 15:06:33,"üö®LIVE TV ALERT!

Getting ready to join @Varneyco at 11:30AM to discuss the latest on the fight against the #Coronavirus and making sure we re-open our economy while keeping Florida families safe. 

Tune in!"
SenRickScott,1285546183507824640,2020-07-21 12:04:29,"üö®LIVE RADIO ALERT!

Looking forward to joining guest host @KurtSchlichter on the @hughhewitt show at 8:30AM. I‚Äôll be discussing the latest on the #Coronavirus, holding Communist China accountable &amp; my opposition to bailouts for mismanaged states.

Listen: https://t.co/Q0b6pNlWH8"
SenRickScott,1285316097818976259,2020-07-20 20:50:12,RT @CBSMiami: A new coronavirus test site opens Monday for Miami Lakes residents. Testing is by appointment only. https://t.co/0U2LKYLOIA
SenRickScott,1284123469966344192,2020-07-17 13:51:07,"I‚Äôve been saying this from the start: taxpayer $$ should be used only for virus-related expenses or to support those hurt by this pandemic.

Congress shouldn‚Äôt bail out irresponsible states that waste taxpayer $$ on liberal politicians‚Äô pet projects, like Planned Parenthood. https://t.co/AB7J3JHo4B"
SenRickScott,1283480796041490439,2020-07-15 19:17:22,RT @SenMcSallyAZ: I intro‚Äôd legislation with @SenRickScott to protect American families by expanding access to affordable COVID-19 testing.‚Ä¶
SenRickScott,1283404315974082562,2020-07-15 14:13:28,"As the fight against #Coronavirus rages on, we MUST create plans to build a stockpile of American PPE so we don‚Äôt face a shortage again.

My American-Made Protection for Healthcare Workers &amp; First Responders Act addresses this issue. https://t.co/VllNHuDJ1X https://t.co/197vW80kgC"
SenRickScott,1282762946448437254,2020-07-13 19:44:53,"Dr. Yan bravely fled her home country knowing her life &amp; work would be in danger because she spoke the truth.

Communist China hid the #Coronavirus from the global community allowing it to spread catastrophically. Now they will go to any lengths to hide the facts from the world. https://t.co/MRVhQ4TlAL"
SenRickScott,1281639341618495493,2020-07-10 17:20:05,"These calls for a boycott are ridiculous. @GoyaFoods is a great American company that employs thousands and donated more than 1 million pounds of food to help those struggling during this pandemic. 

RT üîÅ if you stand with Goya and reject the liberal mob‚Äôs cancel culture! https://t.co/H7Jhwj7mjU"
SenRickScott,1281609464932528128,2020-07-10 15:21:22,"This week I introduced the Affordable Coronavirus Testing Act to make sure every American has access to affordable coronavirus and antibody tests when they need them.

By keeping Americans informed we can beat this virus and get our economy re-opened. https://t.co/oar74cR44H"
SenRickScott,1281054042651627522,2020-07-09 02:34:19,"Throughout this pandemic, the WHO has served as a puppet for the Chinese Communist Party.
My colleagues &amp; I gave the @WHO a chance to admit their failures &amp; present a path forward. They chose to peddle their false narrative with more misinformation &amp; lies. https://t.co/DLZ756CnpP"
SenRickScott,1280589363949105157,2020-07-07 19:47:51,"Thank you @realDonaldTrump for taking this important step.

The message is clear: the US won‚Äôt spend taxpayer $$ on an organization that supported Communist China‚Äôs cover-up of the #Coronavirus and doesn‚Äôt have Americans‚Äô best interest in mind. Enough is enough. https://t.co/ngOOdvon4Z"
SenRickScott,1280554837306863617,2020-07-07 17:30:39,"RT @FL_Daily: @SenRickScott Introduces Affordable Coronavirus Testing Act:
https://t.co/aideESurDT
#RickScott #Coronavirus https://t.co/xrU‚Ä¶"
SenRickScott,1280192422668988416,2020-07-06 17:30:33,"Widespread coronavirus testing is one of the best ways we can fight this virus and get our economy re-opened. 

My Affordable Coronavirus Testing Act will make sure every American has access to affordable coronavirus detection and antibody tests when they need them. https://t.co/9ITeHGhIZh"
SenRickScott,1278762717222965249,2020-07-02 18:49:24,"The facts are simple: Communist China lied about the #Coronavirus &amp; hid its early spread while the @WHO helped them cover it up.

I‚Äôm leading a Congressional investigation into the WHO &amp; I‚Äôm glad the Administration cut off $ to an org that doesn‚Äôt have our best interests in mind. https://t.co/ZYmXzJFm1P"
SenRickScott,1277985951147528192,2020-06-30 15:22:49,"üö®LIVE TV ALERT!

Looking forward to joining @Varneyco around 11:40AM on @FoxBusiness to discuss the latest on the fight to stop the #Coronavirus spread and get our economy back open safely. 

Tune in!"
SenRickScott,1277957623602610181,2020-06-30 13:30:15,"If the @WHO wants answers about the early spread of the #Coronavirus, they should investigate their own role in helping Communist China cover it up. 

I‚Äôm not holding my breath. https://t.co/Ar9J8Lcfez"
SenRickScott,1277720741363015686,2020-06-29 21:48:58,"üö®LIVE TV ALERT!

At 6:10PM I‚Äôll be joining @DavidAsmanfox on the @EveningEdit to discuss the #Coronavirus and our efforts to stem the spread and open up our economy. Tune in!"
SenRickScott,1277675167003672577,2020-06-29 18:47:52,"RT @dailybriefing: #Coronavirus cases are on the rise in Florida. 

@SenRickScott joins #DailyBriefing to discuss how his state is handling‚Ä¶"
SenRickScott,1277660099784462337,2020-06-29 17:48:00,"üö®LIVE TV ALERT!

Looking forward to joining @DanaPerino at 2PM on @FoxNews to discuss the latest on the #Coronavirus and steps we should be taking to re-build our economy and fight the spread of the virus."
SenRickScott,1277246142556880898,2020-06-28 14:23:05,"RT @FCPwithGreta: @SenRickScott : Americans should wear masks, but government shouldn‚Äôt mandate it https://t.co/EgtrcoJ04E"
SenRickScott,1276651764322836480,2020-06-26 23:01:14,"While we continue to fight the #Coronavirus &amp; open our economy back up, we must make sure we set up procedures to ensure everyone‚Äôs safety.

I agree with airlines that are pushing for temperature checks for passengers &amp; am working on a bill to require it.
https://t.co/xBddt8ktum"
SenRickScott,1275865746510397441,2020-06-24 18:57:53,"At today‚Äôs Homeland Security &amp; Governmental Affairs Committee hearing I discussed my American-Made Protection for Healthcare Workers &amp; First Responders Act.

The US must build a stockpile with American-made products &amp; end dependence on foreign adversaries, like Communist China. https://t.co/W8wtd2SVDk"
SenRickScott,1275507526537293825,2020-06-23 19:14:26,"It is important that we continue to make testing accessible and available to Floridians - antibody testing is an important part of that.

Keeping Florida‚Äôs families informed is one of the best ways we can continue to fight this pandemic &amp; halt the spread. https://t.co/FV0T3zZ0ZW"
SenRickScott,1275426412355346436,2020-06-23 13:52:07,"üö®LIVE üìª ALERT!

I‚Äôll be joining @kilmeade on Fox News Radio at 10:20AM to discuss the latest on the #Coronavirus, re-opening the economy and the Left‚Äôs radical push to defund the police.

Tune in: https://t.co/t6F16YT36u"
SenRickScott,1275100387679354880,2020-06-22 16:16:37,"This is ironic coming from Dr. Tedros &amp; the @WHO. They helped Communist China cover up the early spread of the #Coronavirus leading to a pandemic.

While the US will continue to support the global community in fighting the virus, we must also hold those responsible accountable. https://t.co/0eCfAoHjhe"
SenRickScott,1275072092287807490,2020-06-22 14:24:11,"My priority is making sure those individuals and small businesses that got hurt by this pandemic get the help they need.

Before we pass another stimulus package we should make sure that taxpayer $$ is being used properly and efficiently by the states. https://t.co/t6eQIPgfHg"
SenRickScott,1274048524821372930,2020-06-19 18:36:53,RT @SBAgov: Need #COVID19 relief for your small business? Apply for a #PaycheckProtectionProgram loan! The loan will be fully forgiven if a‚Ä¶
SenRickScott,1273720927625322496,2020-06-18 20:55:08,"RT @hereandnow: Sen. Rick Scott tells @jeremyhobson that his family has been ""very, very, very cautious"" about staying safe in the pandemic‚Ä¶"
SenRickScott,1273396338349277184,2020-06-17 23:25:20,"Cuba is using the pandemic for profit at the expense of hardworking physicians. 

Any country that requests medical assistance from Cuba is aiding their human trafficking efforts &amp; we won‚Äôt stand for it. Today, I‚Äôm proud to introduced the Cut Profits to the Cuban Regime Act. https://t.co/n1Xv4uElmK"
SenRickScott,1273330430922625024,2020-06-17 19:03:26,"Communist China's cover up of the early spread of the #Coronavirus resulted in devastation on the global community. 

If the WHO &amp; the CCP had been transparent, lives would have been saved. They must be held accountable. https://t.co/aqFMKhurVo"
SenRickScott,1272977820919181313,2020-06-16 19:42:17,"RT @SenTedCruz: Congress has sent nearly $3T to workers, families, businesses, &amp; state/local governments in response to the #CoronavirusPan‚Ä¶"
SenRickScott,1272631812855136256,2020-06-15 20:47:23,"Today, @SenRonJohnson, @SenTedCruz &amp; I sent a letter to US Governors requesting information on how their states have allocated the taxpayer funding from the CARES Act &amp; other federal coronavirus funds.
 
We must make sure taxpayer $$ is being properly spent. https://t.co/MRsia2sZSo"
SenRickScott,1272591639194845184,2020-06-15 18:07:45,"Are we surprised? Dr. Tedros will be speaking at Tsinghua University where many of Communist China‚Äôs prominent leaders, including General Secretary Xi, graduated from.
 
This just raises more questions about the cozy relationship between the WHO and the Chinese Communist Party. https://t.co/W2o3WPm0ib"
SenRickScott,1271954917683531782,2020-06-13 23:57:38,"Communist China steals our technology &amp; has their eyes on our medical research.
They‚Äôre not trying to help the global community. They never have. That‚Äôs why it‚Äôs all the more important to pass my COVID-19 Vaccine Protection Act, which aims to protect American research from China. https://t.co/MlLqMyT4wb"
SenRickScott,1271855607549775872,2020-06-13 17:23:01,"This shows how important it is that America stops relying on foreign nations for essential supplies, especially Communist China, which doesn‚Äôt play by the rules.

My American-Made Protection for Healthcare Workers and First Responders Act ensures the US builds its own stockpile. https://t.co/eL6yJk0mkQ"
SenRickScott,1271097949209190413,2020-06-11 15:12:21,"This pandemic has had significant short &amp; long-term consequences - including exploding our debt.
 
Congress will soon be faced with tough choices &amp; in order for our country to survive, we‚Äôll need to do more with less. Read more in my @FoxBusiness op-ed: https://t.co/3x8WN9QQeU https://t.co/uhXBNvi5Kf"
SenRickScott,1270443784032133122,2020-06-09 19:52:56,"We must make sure Communist China can‚Äôt steal or sabotage American vaccine research. This is crucial.

At 4PM today I‚Äôll be trying to pass my COVID-19 Vaccine Protection Act on the floor. Hearing Dems will try to block this common-sense bill.

Watch here: https://t.co/i2g75aj5nF"
SenRickScott,1270025974919434241,2020-06-08 16:12:43,"Communist China &amp; its propaganda outlets like the Global Times are working overtime to try to hide their #Coronavirus failures &amp; their efforts to steal or sabotage vaccine research.

The world is wising up to China‚Äôs role as an adversary to freedom-loving people around the world. https://t.co/21n8KSKzZk"
SenRickScott,1269782539239067651,2020-06-08 00:05:23,"Communist China‚Äôs lies and misinformation cost American lives.

We cannot allow them to steal or sabotage our efforts to end this pandemic. If Americans create a vaccine we will share with the world. I doubt China would do the same. https://t.co/VuFZ4lJ3QT"
SenRickScott,1269644419776614400,2020-06-07 14:56:33,"RT @BBCWorld: US senator says there is evidence China is attempting to ""slow down or sabotage"" development of Covid-19 vaccine https://t.co‚Ä¶"
SenRickScott,1268617424204468225,2020-06-04 18:55:38,"The @WHO has kowtowed to Communist China at every turn. They praised China‚Äôs response to the #Coronavirus, knowing the risks China‚Äôs lies posed to the world.

I‚Äôm leading an investigation into what the WHO knew &amp; when they knew it. https://t.co/H47Td7HvgT"
SenRickScott,1268367242489671680,2020-06-04 02:21:30,"RT @newsmax: Is China now 'America's #1 enemy?' @SenRickScott denounces China amid COVID-19 fallout.

""They're stealing our jobs, our techn‚Ä¶"
SenRickScott,1268316858211418119,2020-06-03 23:01:17,"üö®LIVE TV ALERT!

Looking forward to joining @gregkellyusa at 7:25PM on @newsmax. I‚Äôll be discussing the latest on re-opening our economy, holding the @WHO and Communist China accountable and bringing our nation together. 

Tune in! https://t.co/A5e82N1LhF"
SenRickScott,1268189611362304001,2020-06-03 14:35:39,"üö®LIVE TV ALERT!

Looking forward to joining @Varneyco at 11AM on @FoxBusiness to talk about the latest on COVID response and what we can all do to help bring our country together."
SenRickScott,1267853969864482818,2020-06-02 16:21:56,"RT @CBS12: Sen. Rick Scott is blasting both China and the WHO over the handling of information on the new coronavirus. 
https://t.co/qqSJuK‚Ä¶"
SenRickScott,1267840172734939141,2020-06-02 15:27:07,"Now we know for sure that Communist China hid critical data that could have altered the global response to the pandemic.

And instead of exposing Communist China‚Äôs deceit, the @WHO praised their response &amp; was complicit in China‚Äôs cover-up. https://t.co/0gSScqh0D0 https://t.co/aD0zKY1qDf"
SenRickScott,1266772011365412865,2020-05-30 16:42:37,"Hurricane sales tax holiday is happening right now and Hurricane Season starts this Monday.

Make sure you have all the supplies you need to keep you and your family safe and healthy. For more information visit: https://t.co/aUwWvwaDbd https://t.co/3Puh8GpJop"
SenRickScott,1266476725841657857,2020-05-29 21:09:16,"I‚Äôve been leading the charge to educate the world on the threat from Communist China.

They are our adversary, not a competitor. Whether it's covering up the #Coronavirus or violating the human rights of the people of #HongKong &amp; the Uyghurs, we need to see China for what it is. https://t.co/J03e4w3HOG"
SenRickScott,1266445309900701703,2020-05-29 19:04:25,"Today, @realDonaldTrump is presenting a clear and concise statement on the threat from Communist China. 

Ending our relationship with the @WHO for their role in helping China cover up the early spread of the Coronavirus is a bold and necessary step. https://t.co/Ep6UAqnTVK"
SenRickScott,1266421332369170440,2020-05-29 17:29:09,"We know Communist China steals our technology, data, jobs, &amp; now is working to steal &amp; sabotage our #Coronavirus research. 

We must protect American efforts to combat this virus, starting with properly vetting Chinese students. We must be clear-eyed about Chinas‚Äôs intentions. https://t.co/gXaybJfc2f"
