,Tweet
0,"@CamilleSchrier has been an advocate for reducing opioid abuse, medication errors, and the associated mortality of both by educating across communities and demographics, from pediatrics to geriatrics. Thank you, Camille, for your work in fighting against the addiction epidemic."
1,"I met with Bucks County native and current Miss America, @CamilleSchrier, who is currently pursuing her Doctor of Pharmacy. https://t.co/EgfzTpkgF9"
2,"On #NationalFirstRespondersDay, we should all take the time to recognize the heroic men and women who put their lives on the line and take immediate action when disaster strikes. 

Thank you all for the work you do! https://t.co/nQ5YLUgRm7"
3,I had the honor of joining the @PennridgeSD Board in honoring 6 heroes who are responsible for saving the life of a young student who went into cardiac arrest during marching band practice. https://t.co/0rAYEokYDV
4,"TODAY from 10-2 is #NationalPrescriptionDrugTakeBackDay. 

This is a safe way to dispose of unused or expired drugs. 

I encourage everyone who has unused prescription drugs to help clean up our community and safely dispose of them at a drop off location.

https://t.co/xAegtdlAMB https://t.co/fzXXyerg7W"
5,"Millions have been affected by the opioid epidemic, hundreds of thousands have died, and the COVID-19 pandemic has led to a spike in overdoses and deaths.

@PurduePharma and the Sackler family have committed crimes and contributed to the opioid crisis.

https://t.co/s8P9Mzey2g"
6,"Thank you to everyone who participated in this roundtable. 

I am glad that you have provided me an opportunity to hear your concerns and learn how we can best assist. https://t.co/UdOYb2TcEE"
7,I had the pleasure of joining members of our Korean American community for a virtual roundtable to discuss the impact of COVID-19. https://t.co/ajeu0P3dpT
8,RT @ashleymilnetyte: 2 members of Congress from opposite sides who actually work together *to get stuff done* - hear @RepSpanberger of VA &amp;‚Ä¶
9,"I had the opportunity to join a dedication ceremony in Lansdale to honor the legacy Dr. Frank Boston and his impact in the medical field and within our community as the founder of North Penn Hospital. 

The legacy of Dr. Boston is one worth emulating during these difficult times. https://t.co/tE3g70yAFg"
10,"Saturday is #NationalPrescriptionDrugTakeBackDay. 

This is a safe way to dispose of unused or expired drugs. 

I encourage everyone who has unused prescription drugs to help clean up our community and safely dispose of them at a drop off location.

https://t.co/xAegtdlAMB https://t.co/U9FKQNr6Wr"
11,"I am proud of the community members who came together to remember David, raise awareness, and help those who are seeking treatment. https://t.co/LhZAqwGzZR"
12,"October 15 to December 7 is when all people with Medicare can change their Medicare health plans and prescription drug coverage for the following year to better meet their needs. (2/2)

https://t.co/Uchqpkvtcf"
13,"Once a year, Medicare beneficiaries across the country have a chance to look at their health insurance coverage, shop around, and switch to another plan if they choose. (1/2)

https://t.co/HsISAPaLJG"
14,"On #WorldFoodDay, we must continue to recognize and acknowledge the millions of people who are food insecure in the United States and around the world. I will continue to work with my colleagues to ensure food security for all of our global citizens. #FAO75 https://t.co/K4oAJ7m6Yp"
15,"Right now, individuals with hearing, communication, and swallowing disorders face an even higher risk for isolation and depression, Medicare beneficiaries need access to appropriate telehealth services to slow transmission of COVID-19.

https://t.co/z7F1opWgrY https://t.co/YWQFCzHpvQ"
16,"@RepCindyAxne and I led a bipartisan letter with more than 30 colleagues to @CMSGovAdministrator @SeemaCMS, calling for expanded Medicare coverage of telehealth-provided audiology and speech-language pathology during the COVID-19 pandemic. https://t.co/1I45qHJXco"
17,"Happy 245th birthday to the @USNavy!

Thank you to the brave men and women who have served or are currently serving for making our country safer. https://t.co/fOZExbytXj"
18,"This week is #NationalPAWeek, when we celebrate Physician Assistants and their contributions to our nation's health. 

They have been working incredibly hard during this pandemic, and we can never thank them enough for their amazing work. #PAWeek https://t.co/Q5Li0QCqIk"
19,"Today is #WorldMentalHealthDay. 

This year has been tough for everyone, for so many reasons. Please take the time to reach out to your friends, family, neighbors, and co-workers to make sure they are doing well. 

It is ok to not be ok. #EndTheStigma https://t.co/deSdIq6plQ"
20,"On #WorldPostDay, we recognize the amazing postal workers and letter carriers who serve our communities.

I am proud to stand in support of these frontline workers, who have continued to deliver mail throughout the #COVID19 pandemic. https://t.co/5wznppozoU"
21,"Unlike many other businesses affected by the #COVID19 pandemic, health and fitness clubs could not pivot to new revenue streams and many in the industry failed to qualify for assistance in the first CARES Act. (2/2) https://t.co/bhwTgUKnIU https://t.co/V7CNnSDpZ3"
22,"I introduced the Health and Fitness Recovery Act of 2020 with @RepMikeQuigley last week. (1/2)

https://t.co/WgG3dbo7gP"
23,"Today is #NationalDepressionScreeningDay. 

Roughly 40 million adults struggle with depression. Depression affects your family, friends, and coworkers. 

We must end the stigma around mental health. Please, encourage those around you to get the help they might need. #EndTheStigma https://t.co/RVPWKoE6qu"
24,The men and women who work in the fitness industry need and deserve our help. Our bill will provide much-needed relief to an industry that has been devastated by #COVID19. (2/2) https://t.co/01tDQ64xgf
25,"Last week, I joined @RepMikeQuigley  to introduce the Health and Fitness Recovery Act of 2020. Few industries have been as devastated by the COVID-19 pandemic as the fitness industry. (1/2)

https://t.co/bdJdc32C5k."
26,"The IMD exclusion has turned into federally mandated neglect of those suffering from mental illness. Repealing the exclusion will remove a major barrier to care for patients and make our communities healthier. 

https://t.co/amOhqBtNHf"
27,We are extremely fortunate to have organizations such as @NAMIAdvocacy and the Bucks County Suicide Prevention Task Force who are dedicated to improving the lives of individuals and families affected by mental illness. (3/3)
28,"Every year, countless mental health organizations and individuals across the U.S. and around the world do the important advocacy of raising awareness of suicide prevention. We can all do our part to help prevent suicide and stop the stigma. (2/3)"
29,"Over the weekend, I had the honor of attending the Decorated Car Show, which was organized by @NAMIAdvocacy and the Bucks County Suicide Prevention Task Force, to raise awareness of mental health and suicide prevention. (1/3) https://t.co/heYCAWUW8J"
30,"#COVID19 shut down many job training and apprenticeship programs, and it is not fair for our veterans participating in these programs to lose the benefits they have earned. (2/2) https://t.co/eZMQvXyez0"
31,"Today, I was proud to stand with @TCUnionHQ to demand that transportation workers are treated fairly by Congress. 

Public transit workers have gone to work every day during this pandemic, risking their own health, and these heroes deserve to be protected and paid fairly. https://t.co/P3yceSbDEp"
32,RT @allyversprille: Lawmakers are renewing calls for the IRS to develop a process to help domestic violence survivors access virus relief p‚Ä¶
33,"Honored to receive a perfect score from @EWGActionFund for my work fighting toxic chemicals. 

For too long, water contamination has harmed communities across the country. Chemical contamination can lead to serious health issues, and we must act now.

https://t.co/Wy0ZG5m63e"
34,I would like to thank the Lower Makefield Township Historical Commission for their perseverance in obtaining these tombstones so that all future generations can recognize and honor these men who answered their country‚Äôs call and fought for America‚Äôs ‚Äúnew birth of freedom.‚Äù (3/3) https://t.co/Gf87SkIyEM
35,The mission of the Academy is to empower high-school students to pursue STEM careers and to focus on the growing impacts of climate change. Thank you to all the 180 young women who participated in this noble initiative nationwide. (2/2)
36,I had the privilege of meeting with local constituents who recently participated in the 3rd Annual Exelon STEM Innovation Leadership Academy. (1/2) https://t.co/mbGXinpuKt
37,"Since its founding in 1957, this propane exclusive energy company has remained family-owned and operated. I extend my sincerest gratitude to all at Penn Valley Gas for working through the pandemic to deliver this essential service to our community. (2/2)"
38,"This morning I was able to join my colleagues on the Bipartisan Opioid Task Force to discuss advancements in opioid prevention technologies. 

I appreciate our guests for speaking on their work to help combat the opioid epidemic. We will beat this together.

@RepAnnieKuster https://t.co/CAEalBY6sc"
39,"This week is #NationalSmallBusinessWeek, where we recognize and celebrate the amazing entrepreneurs who run our small businesses. 

Bucks and Montgomery Counties are full of amazing small businesses, and we must do everything we can to continue to support them! https://t.co/u8Iu10WUwI"
40,"Recently, I hosted a call between @VisitBucksPA, @prlaorg, and fellow co-lead on the RESTAURANTS Act, @RepBlumenauer.

Restaurants have been uniquely affected by COVID-19 and without further action from Congress, (1/2) #RestaurantsActNow https://t.co/jY7WZcFVRe"
41,foster many new advancements in the sciences and promote economic development. Congratulations to the entire team at PABC and thank you for all your hard work throughout this pandemic. (2/2) https://t.co/5RnSWlKvex
42,"We must honor the heroes who sacrificed their lives to save others. Their service, along with the memories of those lost, should never be forgotten. (2/2) https://t.co/adnYwT7tIQ"
43,"Happy #RoshHashanah to everyone celebrating the Jewish New Year this week. As Rosh Hashanah begins this evening, we wish the Jewish community a happy and healthy new year. Shanah Tovah! https://t.co/SNzOu6zzK4"
44,"Today is #POWMIA Recognition Day when we remember the incredible soldiers who‚Äôs courage and bravery are beyond measure.  We will continue our mission for you and your families.

You will never be forgotten. 

#NationalPOWMIARecognitionDay https://t.co/id9ACALnUh"
45,@USAID mission is vital to our international relationship building. Congress needs a thorough understanding of how the pandemic has impacted that mission to continue global basic education programs successfully in the future. @RepMikeQuigley @RepHoulahan https://t.co/rl9fKyZRhK
46,"Our independent restaurants, who bring so much to our community, have been uniquely and tremendously impacted by COVID-19.

We must take immediate action to help them and pass my and @repblumenauer's bipartisan RESTAURANTS Act. 

#RestaurantsActNOW

https://t.co/QMxH5igFzv"
47,"Thank you to all in our community who joined us at numerous events across the district to honor the souls that we lost nineteen years ago, and to honor our hero first responders.¬†(1/2) https://t.co/vMLSLGJF3l"
48,"Today, we come together as a nation to remember the souls that were lost, and those who sacrificed their lives to save others. The attacks that day brought us so much pain. In response, our nation came together to say #NeverAgain. https://t.co/tRq3u0FUyq"
49,"Today is #WorldSuicidePreventionDay. We must all continue to work to end the stigma surrounding mental health and to check in on friends and family. If you or someone you love needs help, please call the Suicide Prevention Lifeline at 1-800-273-8255. #SPM #NotAlone https://t.co/zGiWRyiJIq"
50,"During times of uncertainty, it is important that we lean on that which we hold dear--faith, family, and friends. I extend my warmest wishes to all who celebrated #GaneshChaturthi. (2/2) https://t.co/IHMOsvDpmY"
51,I had the honor of attending the 16th annual Philadelphia Ganesh Festival at Bharatiya Temple. This has been a difficult year for all of us as our Nation continues to battle #COVID19. (1/2) https://t.co/5ZJqAc8zd6
52,"Make #PA count and complete your #census today! 

It is imperative for everyone to participate in the Census, a complete and accurate count is critical for our community. 

The results of the #2020Census impact vital programs such as community, housing, and hospital funding! https://t.co/DIIzw4g6sQ"
53,"It is crucial that our veterans receive the highest quality medical testing. My bipartisan TREAT Act with @RepConorLamb will provide our veterans with integrative health options for the treatment of post-traumatic stress disorder, depression, and anxiety. https://t.co/nE9bxq1cKu"
54,"Our fire departments have been facing immense budgetary and manpower challenges that predated #COVID19. It is imperative that we give the necessary supplies and tools to our volunteer responders to ensure that when we call 911, they can do their job. 

https://t.co/RH65O3sWOu"
55,"75 years ago today, the Japanese surrendered to Allied forces, finally ending World War II. I am incredibly grateful for the heroic men and women who sacrificed so much to protect our freedom. #VJDay75 https://t.co/dbOYwhOI9J"
56,Proud to introduce the Chuck Osier Burial Benefits Act with @RepBrindisi &amp; @RepMichaelWaltz. This bill would provide an urn or plaque to any veteran who was cremated or buried at sea. This small act will mean a lot to the families of our fallen veterans. https://t.co/AslEGNTMDr
57,"A big thank you to all of our healthcare heroes, staff and leadership at @mystlukes for inviting me!¬†Our community appreciates all that you do for us.¬†We will always have your backs! https://t.co/iXwXuP5sTS"
58,"My bipartisan Health STATISTICS Act would improve standardized interagency data sharing between our federal agencies and states while optimizing our nation‚Äôs public health surveillance system. 

@RepScottPeters @RepLucyMcBath @RepAnnaEshoo 

https://t.co/Z7Ko5A7i5M"
59,"Proud to co-lead the bipartisan Health STATISTICS Act to give researchers access to quality data while modernizing our data infrastructure to meet immediate surveillance, reporting, &amp; outbreak management needs. @RepScottPeters @RepLucyMcBath @RepAnnaEshoo 
https://t.co/WBazG74zjO"
60,Our volunteer fire departments have been facing immense budgetary and manpower challenges that predated #COVID19. I am thrilled to announce that our volunteer fire departments in Bristol and Chalfont have been awarded these much-needed federal grants. https://t.co/8SA7Q1jIZi
61,"This week, I sent a bipartisan letter with @RepGolden to Congressional leadership demanding that they continue negotiations on the next round of #COVID19 relief. 

The American people need our help now, and failing to act in a bipartisan manner is unacceptable. https://t.co/tYNxyY64v1"
62,"providing them the resources and security they need to live in spaces free from violence. Our kids deserve safe, healthy, and happy lives. #StopCSABucks #NotOnMyWatch #EndCSABucks (2/2)"
63,"#CSAStoppers Today is ‚ÄúNot on My Watch Day‚Äù, where we as a community work to raise awareness about the epidemic of child sexual abuse. @novabuckscounty has done exceptional work throughout our community by empowering victims of sexual assault and abuse, (1/2) https://t.co/xrKHWlUSOp"
64,"RT @RepGolden: Congressional leaders need to understand that failing to reach a deal on a COVID-19 relief package is not an option. 

Today‚Ä¶"
65,we admire his dedication to bring awareness of all of the amazing cultures in our community. Thank you to Morris and everyone who made this first annual event a success. (2/2)
66,Today we celebrate the 100th anniversary of the ratification of the #19thAmendment. Let's honor the heroic women who fought so hard to secure this right and to guarantee that women have an equal say in our democratic process. #WomensVote100 https://t.co/JXNUPsAfOT
67,"Since the outbreak of COVID19, fire departments across our community have had to cancel their annual fire banquets which honor the finest fire fighters serving our community. The Richlandtown Fire Co held a picnic to replace their annual banquet that was cancelled in March. (1/3) https://t.co/NM58LCPz8E"
68,"Congratulations to the amazing staffs at @stmarysmed and @doylestownhlth on being named two of the top hospitals in Pennsylvania!!  Both hospitals have done an amazing job during this pandemic, and they deserve the thanks of our entire community. https://t.co/jUHdryuwEC"
69,"Happy 230th Birthday to the @USCG!

To all who have served in the U.S. Coast Guard, thank you!

#AlwaysReady #CG230 https://t.co/dRUj3zzEPF"
70,I am happy to see @BucksCountyIDA receive a $2.4 million grant to help our businesses respond #COVID19. This CARES Act Recovery Assistance grant will provide capital and a much-needed boost to impacted businesses throughout our community. https://t.co/xv8ufN33cM
71,"No veteran should be homeless, and we must do whatever we can to take care of those who served our country. By adding an option to donate to homeless veterans on tax returns, we will increase the number of donations to help our veterans in need.  https://t.co/hDyCI8JgCW"
72,"I am proud to support bipartisan legislation to make sure that seniors enrolled in Medicare Advantage, who may be limited to an audio-only telehealth visit, have more options and can safely receive the care they deserve during this pandemic.

https://t.co/eh4JZOejK1"
73,"My bipartisan bill would extend the timeframe to use Coronavirus Relief Funds. This will allow our counties, which have all been impacted, more time to utilize funds allocated through the CARES Act and better serve our constituents in to next year.

https://t.co/rWryrw4V4W"
74,"Today, I voted in favor of the #FY21NDAA. This bipartisan legislation will strengthen our national security, support our troops, and help our veterans. I was proud to join my colleagues in showing strong support for the brave men and women who choose to serve our country. https://t.co/NIIr4mnQC2"
75,"During #COVID19, groups like @4H, @boyscouts, @girlscouts, and @NationalFFA have stepped up to provide youth mentoring, and educational support for isolated children &amp; families. These organizations need our support, and I joined a letter to leadership requesting immediate funds. https://t.co/PXuUak9rI8"
76,"He is now resting in heaven with the heroes who‚Äôve preceded him.¬†His life has inspired and positively changed our world forever.¬†We will miss you, John. (2/2) https://t.co/2G4vcZB4u9"
77,"Incredibly saddened by the loss of my friend, colleague, and civil rights icon Congresman John Lewis.¬†John was such a gentle soul with the heart of a lion whom I‚Äôve learned so much from.¬†(1/2) https://t.co/dDAa5mxJpY"
78,"Levittown‚Äôs Mae Krier has been hard at work making masks to honor those who helped our home effort during WWII. Last year the House passed my bill, the Rosie the Riveter Congressional Gold Medal Act, to honor Mae and all the Rosies who helped our nation. https://t.co/gUZdHlhwyr"
79,"RT @RepBrindisi: Older Americans paid into Medicare &amp; Social Security their whole lives, and our Senior Security Promise will ensure they r‚Ä¶"
80,"It is so important that everyone fill out the #2020Census. 

Information from the census determines how much federal funding our community gets for services like schools, hospitals, and housing.

Complete online at https://t.co/EzmmYJMcjr, on the phone 844-330-2020, or by mail. https://t.co/ofiqsKbI3c"
81,"RT @RepCartwright: Children's hospitals have been greatly challenged by #COVID19, but they're getting seriously shortchanged when it comes‚Ä¶"
82,"Recently, several Bucks County art organizations received funding and support through the CARES Act. Arts programs play an important role in our community, and I am happy to see them receiving much-needed support during #COVID19. https://t.co/dnQYGHnHfF"
83,"Levittown's own Rosie the Riveter, Mae Krier, has been working hard during quarantine making masks to honor women who contributed to American manufacturing during World War II. Thank you for your continued service to our community Mae! https://t.co/rVQO8o0qDW"
84,"#COVID19 has presented unforeseen challenges to our country, and our independent restaurants have been hit especially hard. The bipartisan RESTAURANTS Act would provide grants to rehire workers and continue operations during their time of need. https://t.co/kfWAmiZ5mn"
85,"Congratulations to the Pennsbury High School graduates who are joining the military. I was fortunate enough to join them last month, and I am incredibly proud of each and every one of these heroes. https://t.co/rCCNcSoYWk"
86,"As we celebrate our nation‚Äôs independence today, please thank all past and present servicemen and servicewomen who defended and still defend our nation and our freedoms, and who have allowed us to live in the greatest country our world has ever known. God Bless the USA üá∫üá∏ https://t.co/MZdaF8kRpV"
87,"During this pandemic, bad actors have been targeting our most vulnerable with scams. The #COVID19 SCAM Act would allow the @FTC to go after scammers and provide relief and security to seniors, consumers, and vulnerable populations across the US. https://t.co/MwquW27Ejk"
88,"Yesterday, the House and Senate passed a much needed and welcome extension of the #PaycheckProtectionProgram. While our work is not done, I am pleased to see Congress coming together to deliver results and relief for the American people. #PPP #COVID19 https://t.co/l8AsR0fpDc"
89,"SNAP serves as the most effective anti-hunger program in the country, and according to the @USDA, the #COVID19 pandemic has caused food insecurity to double among all homes and triple in homes with children. (1/2) https://t.co/1nJAWHZFxq"
90,"Today is #NationalPostalWorkerDay. During #COVID19, our postal workers have been working hard to make sure our mail is not delayed. Thank you for your hard work! https://t.co/Civn3xWb9p"
91,"RT @RepBrindisi: Older Americans have been impacted by #COVID19 &amp; are relying on Medicare and Social Security to get by more than ever.

@R‚Ä¶"
92,"Great to see @usairforce Sr Airman Zach Sayre of Langhorne get home safe &amp; sound. Zach was supposed to return from active duty in April but was delayed by #COVID19. He was greeted with a hero‚Äôs welcome by his family, friends &amp; community. Welcome home Zach! https://t.co/RvzYr7sP1T"
93,"While the #COVID19 pandemic has turned lives upside down, a group that has largely been overlooked has been those suffering from opioid addiction. I am working with @RepAnnieKuster and @DonaldNorcross to make sure they receive the support the need. https://t.co/dz7M9AQ9SR"
94,"For too long, water contamination has harmed communities across the country. I understand the serious health issues that are associated with PFAS exposure, and my bill with @repdelgado will empower the @USACEHQ to better handle contamination. https://t.co/IoBvA098DZ"
95,"As a certified EMT and coming from a family of healthcare workers, I see every day the heroism of frontline workers. Our healthcare heroes have gone above &amp; beyond during #COVID19, and we owe each and every one of them our love, respect, and appreciation. https://t.co/gc3AbrE9Dc"
96,"Millions of Americans struggle every day with PTSD. June is #PTSDAwarenessMonth, and we must remember to reach out to our friends and family who may be struggling. We must #EndTheStigma around all forms of mental health, and make sure everyone gets the help they need and deserve. https://t.co/8QJjvDB8et"
97,"A reminder to small businesses in PA, the deadline to apply for the #PaycheckProtectionProgram for #COVID19 assistance is this coming Tuesday, June 30. 

Get more information here ‚¨áÔ∏è‚¨áÔ∏è‚¨áÔ∏è

https://t.co/nvAzDTykDu"
98,"Today is the 70th anniversary of the beginning of the #KoreanWar. It is often called the ""forgotten war"" and it is especially important to remember those who lost their lives for our country. To my Dad &amp; all of our Korean War vets, we will never forget your service to our nation. https://t.co/X1srAxbuL6"
99,"Recently, I joined @RepConorLamb in leading a bipartisan letter urging support for veterans in the next round of #COVID19 relief. Congress must do everything in our power to support our veterans, especially by addressing employment and job training. https://t.co/bJfBvmkX9q"
100,"The mom and pop diner and deli on Main Street are hurting right now. Without immediate help, these local businesses and their hardworking employees will be suffering from the economic impact of #COVID19 for years to come.  https://t.co/v3D8UOf73q"
101,RT @RepSusanWild: Thanks to @First_Focus for this great conversation on why protecting children‚Äôs access to health care is more important t‚Ä¶
102,"Independent restaurants have been hit especially hard by the #COVID19 pandemic. Without help, they will suffer from the economic impact of the pandemic for years. I am proud to partner with @RepSusanWild &amp; @RepDwightEvans to help restaurants in our region. https://t.co/QAHB1KCBp8"
103,"It was great to join Fairless Hills Elks 2023 on Flag Day. The Elks are an amazing organization who stand for charity, justice, brotherly love, and fidelity, and have always done amazing work for our community. I was proud to stand with them. https://t.co/HrXW9NYumD"
104,"The mom and pop deli on Main Street is hurting right now. Without immediate help, our local businesses and their employees will be suffering from the economic impact of the #COVID19 pandemic for years to come. @repblumenauer @SenatorWicker @SenatorSinema https://t.co/QqD8YhB3C9"
105,"Our independent, local restaurants have been hit especially hard by the #COVID19 pandemic. I am proud to partner with @repblumenauer @SenatorWicker, and @SenatorSinema to provide them with relief through this revitalization fund.
https://t.co/aiFbCMau8n"
106,"Today I had the pleasure of meeting Nicky Christopher, aka the Birthday Lawn Bandit, a 12-year-old from Yardley who has been working to brighten the day of kids across our community.  (1/3) https://t.co/FAmsm7id9p"
107,"PFAS chemical contamination can lead to serious health issues, and we must act with an urgency that matches the scale of the problem. The more we learn about these chemicals, the clearer the danger becomes. https://t.co/oL9xjD8tSX"
108,"To the heroic first responders who have put their lives at risk to care for, save, and protect us all, we say THANK YOU!!! https://t.co/ET9sqMcKRN"
109,Congratulations to the #ClassOf2020 students from Bucks County who received scholarships from Foundation Community Partnership for their volunteerism and leadership! Good luck on your next chapter! https://t.co/nVADYq4Psw
110,The USDA is now accepting applications for the Coronavirus Food Assistance Program. The #CFAP provides much needed relief to #ag producers who have worked hard to feed America during #COVID19. Click here to apply: https://t.co/T0DtjeJExB https://t.co/1wyYD2FMv9
111,I was proud to join @RepTomReed to urge @HHSGov to use CARES Act funds to increase access to testing and support efforts to safely reopen states and localities. https://t.co/uANpp62Jgi
112,"I wish you nothing but happiness, good health, and success in life. Wherever life‚Äôs journey takes you, remember that you have an entire community here supporting you and cheering you on. Once again, congratulations on your success, hard work, and perseverance. #ClassOf2020 https://t.co/DoKxJngvLJ"
113,"#TotheClassof2020, Congratulations!! Your new diploma is a testament to years of hard work and dedication. Although the #COVID19 pandemic has disrupted your senior year plans and daily routine, be encouraged by what you have already achieved. https://t.co/4sD8PcYobd"
114,"Happy Birthday to the @USArmy. For centuries, the Army has been on the frontlines fighting to defend freedom and liberty at home. To all those serving and who have served, thank you for your sacrifice. https://t.co/XlpcjFebSS"
115,The police officers who are true public servants and protectors of our community deserve our respect and appreciation. They do not deserve ridicule. https://t.co/NAffIf3WNA
116,"To the farmers, grocers, truckers, and workers who have worked so hard to feed America during #COVID19, we say THANK YOU!!! https://t.co/Vn0vN903O3"
117,"Our response and recovery to #COVID19 must be global, we must hold bad actors accountable, we must work to close the gaps in our global alert system, and work with our allies to make sure this never happens again. https://t.co/BYTimEvhZj"
118,Great to visit @ChantEngineerCo in New Britain to see the work they are doing to help our first responders battle #COVID19. Companies like Chant will be incredibly important as we work to reconstitute our medical supply chain back in the US. https://t.co/iJUuV456DZ
119,Polycystic Ovary Syndrome (PCOS) is an awful disease that affects millions of women in the United States. I was proud to sign on to @repdavidscott's legislation to bring more attention to this public health concern. https://t.co/TBshk5fNoO
120,"Our frontline healthcare heroes have gone above and beyond during the #COVID19 pandemic and we owe each and every one of them our love, respect, and appreciation. https://t.co/fp63EpTjAb"
121,"Today in 1944, American troops stormed the beaches of Normandy to liberate Europe. We are forever grateful to all those who gave their lives so that future generations could thrive. #DDay https://t.co/jYW3lz28PJ"
122,"American maritime is no stranger to crisis. In response to #COVID19, the 650k men &amp; women in this industry moved medical vital supplies, following the tradition of merchant mariners who delivered during prior national emergencies. #AmericanMaritimeStrong https://t.co/d0Zydw5ELE"
123,"Since the start of #COVID19, our healthcare heroes have put their lives at risk to care for patients. I authored and introduced this legislation, along with @RepEBJ @RepJohnJoyce &amp; @RepUnderwood, all former healthcare workers, to honor our these heroes. https://t.co/unZRCOpoDE"
124,The #COVID19 pandemic has been a historic crisis in America. Congress' response must be equally historic. @RepKendraHorn @ProbSolveCaucus https://t.co/xMlNC48n2w
125,We must unite as a nation behind peaceful protesters and against these rioters and arsonists who are dishonoring George‚Äôs memory and destroying our country.
126,The kids were all out waving their flags to pay tribute to all those who‚Äôve sacrificed to allow them to grow up in the great country in the world.¬†It was a heartwarming and special site to see.¬†¬†üá∫üá∏‚ù§Ô∏èüá∫üá∏
127,"Check out this list of students from Bucks and Montgomery Counties who were honored for their scholastic achievements this year, congratulations to you all! https://t.co/SBpWxGFZOx"
128,"#EidMubarak to everyone celebrating the end of Ramadan, may the blessings of life fill you with happiness, success, and good health. https://t.co/TKaIMcAB13"
129,Today I joined General George Washington and his Continental Army at Washington Crossing Historic Park to honor the 23 soldiers in the Continental Army who died at Washington‚Äôs camp before the crossing of the Delaware in 1776. https://t.co/iM9UIeXAvN
130,"This morning I joined our veteran community in Tullytown to honor our fallen veterans. The American story was paved by the courageous heroes who were willing to make the ultimate sacrifice for those who they never knew, to defend the American ideals of freedom, faith, &amp; fairness. https://t.co/B46wjvMy0t"
131,"@Thrombolex in New Britain has been on the cutting edge in medical tech, and they hosted County Commissioner Gene Digirolamo &amp; I to show us their products being used to save lives of those with COVID-19. Thanks to Marvin Woodall &amp; Dr. Brian Firth for all you do for our community. https://t.co/miHNYwIGVU"
132,The frontline healthcare workers in our community deserve all of our respect and appreciation. They courageously show up to work every day to save the lives of others. I joined our heroes at @stmarymed to thank our healthcare workers &amp; honor those who we have lost. #InItTogether https://t.co/zTsTqjXSO7
133,"So far during the pandemic, Chuck has been able to sell dozens of thank you signs to small businesses. These signs have brought in customers for businesses, and the profits are used to buy meals for essential workers. Thank you Chuck for your kindness &amp; service to our community."
134,"This #HospitalWeek, we take the time to thank everyone who has contributed to the effort to make our community safer and healthier. Thank you to our #PAHospitals and our #PAHealthCareHeroes for everything you have done! https://t.co/M2boErh3en"
135,Hospitals in Bucks and Montgomery Counties need to receive their fair share of treatments for #COVID19. There must be transparency in the distribution of Remdesivir. https://t.co/b8CqYdqWbV
136,Millions of Americans have filed for unemployment since this pandemic began. Job losses mean not only loss of a paycheck but also loss of health coverage and other employer-provided benefits. @AFLCIO @CWAUnion @unitehere @transportworker
137,"RT @AARPPA: Thanks @RepBrianFitz for meeting yesterday to discuss concerns on #nursinghome safety during #coronavirus #COVID19, #foodinsecu‚Ä¶"
138,This week is #NationalTransportationWeek. Thank you to all the incredible workers who are making sure that essential goods and products get to our communities! https://t.co/uGDS1b4Df2
139,"During #NationalPoliceWeek, we honor the brave men and women who put their lives on the line every day to keep us safe. To all who have chosen this noble profession, our community and our nation thank you for living your life in service to others. https://t.co/tI3TYgBPiF"
140,"Today and every day we honor our amazing Moms, who brought us into this world and who have cared for us more than they‚Äôve cared for themselves. https://t.co/nVAUt7fBVZ"
141,"Community First. I am fighting for our local community hospitals to have access to Remdesivir, to allow our local healthcare professionals to provide the best possible treatment for those who have tested positive for #COVID19 in our community. https://t.co/bsBGPINUOS"
142,"On #VEDay, we honor the brave men and women who gave their lives defending freedom in Europe, and around the world. #VEDay75 https://t.co/c0tiUzJkd1"
143,Our essential workers put their lives at risk every day to make sure the rest of us are healthy. I am working with @RepAnnieKuster on this bills to give our front line workers the financial assistance they need. https://t.co/nlmJampXkR
144,"Thanks to fellow @LaSalleUniv alum @jillianmele, who shared her family's special bond on @FoxFriendsFirst today. Jillian's character &amp; class is what we need more of. Thank you Jillian for being a great role model &amp; making all of us LaSalle alumni proud! https://t.co/uYyXWtoZnM"
145,Another great story of our community coming together during #COVID19. Happy birthday to my friend Chief Wilcox of @FallsTwpPolice!! https://t.co/criyivhtXN
146,"Today is the first day of #NationalNurseAppreciationWeek. During the #COVID19 crisis, our nurses have been on the front lines, helping everyone they can, and putting their own health at risk. We can never thank you enough for your amazing work. #inittogether https://t.co/mDJ0YsFrfP"
147,Congress must work together to provide relief for students pursuing higher education who are investing in their future. My bill with @RepLloydDoggett will ensure that emergency financial aid grants provided to students under the CARES Act are not taxed. https://t.co/7MH02qZzXR
148,Incredible gift from @1675Spirits to our heroes in Bensalem. These supplies will go a long way to make sure that our first responders are safe and healthy. https://t.co/pr9lEGoEcf
149,Today is #TeacherAppreciationDay. Our educators have gone above and beyond during the #COVID19 crisis. They have shown their passion and commitment and have continued to support our children and provide them the best chance to succeed. #SendTeachersLove #PSEA #NEA #ThankATeacher https://t.co/9acw3E0VCs
150,"If our nonprofits fail, our community fails. We cannot allow that to happen. I am calling on all of my colleagues to demand that our nonprofits are provided 100% assistance to provide #COVID19 relief to those in need. #InItTogether 
https://t.co/ivrRfADVwz"
151,"Our community's nonprofit organizations serve those who need us most. Now, our community's nonprofits need our help. I will work every day to build a broad bipartisan coalition to bring this issue to the attention of all levels of government. #InItTogether"
152,"May is #MentalHealthAwarenessMonth. It is important to remember that you are not alone during this crisis. If you or someone you know needs assistance, please call 1-800-662-HELP (4357) or 1-800-487-4889. @NAMIMontCoPa @NAMIBUCKS #RibbonCampaign #AloneTogether https://t.co/dCpwvFL28V"
153,"@HabitatBucks, @UWBucks, &amp; so many others are vital to a healthy American economy. As we weather this unforeseen storm of financial and economic hardship and uncertainty, we must ensure that these charitable organizations remain a staple in our community. https://t.co/o7TxUBWfbG"
154,"The #COVID19 pandemic has affected every aspect of our lives, and this includes our schools. @usedgov must act now to ensure that our schools are able to provide the best quality education and to protect the jobs of our educator, during this crisis. 
https://t.co/ewpZ5jrRYG"
155,"As the #COVID19 crisis continues, we cannot forget those who are battling mental health issues. I was proud to sign on to @SenatorBaldwin &amp; @SenCoryGardner's bipartisan &amp; bicameral letter to designate 9-8-8 as the National Suicide Hotline. We are #NotAlone #AloneTogether https://t.co/IgRDvrOztE"
156,"Congratulations to Lea Wang, a sophomore at @CouncilRockSD South, who was recently named the 2019 winner of the President's Environmental Youth Award for the @EPA Mid-Atlantic Region. Congratulations Lea on your achievement!
 https://t.co/FsyWwby3y3"
157,"Our seniors have been among the most affected  by #COVID19. Under the CARES Act, PA has received $34 million to provide support services for our seniors, including meal delivery and in-home care. This funding from @HHSGov will help our seniors in their time of need. #InItTogether https://t.co/BqcSdzjsXg"
158,We simply cannot outsource our public safety and national security to foreign nations. We must reconstitute our healthcare and public safety supply chain back to the United States. My bill with @RepBrindisi does just that. https://t.co/Fbbrgx1Rmz
159,"Today at 1:57pm, there will be a Blue Angel and Thunderbird flyover at @LowerBucksHosp to thank our amazing healthcare workers on the front lines. Our brave healthcare workers are our heroes and our community stands with you! 

https://t.co/WpXhkiaSfT"
160,"Well said Alexis! As valued members of my Student Task Force, Alexis and her fellow members know that we all play a role in beating this pandemic. Our students have been amazing during this crisis, and we are so proud of how they've conducted themselves.

https://t.co/aBTfHpHnkW"
161,"The @USTreasury and @SBAgov
must establish better guardrails for #PPP applications and limit awards to small undercapitalized businesses who need this money to survive. Money given to anyone else is money taken away from those who need it. #InItTogether

https://t.co/CuzPHfF8ai"
162,"During the #ArmenianGenocide, 1.5 million innocent lives were lost. It is important that we take the time to remember those who died and to be aware of history to ensure these tragedies never happen again."
163,"Please continue to use the @US_FDA as a resource during the #COVID19 pandemic 

https://t.co/N57JbeDSS5"
164,"Yesterday, I urged my colleagues on the @HouseSmallBiz to both fully fund and wholly fix the #PaycheckProtectionProgram so that our community's small businesses and non-profits get the immediate help they need. #InItTogether https://t.co/REg4jeLhaj"
165,"I voted in support of the Paycheck Protection Program and Health Care Enhancement Act, which just passed the House. #InItTogether https://t.co/eeruk3mOmW"
166,"Fitzpatrick Announces Over $250 Million in Federal Funding to Bucks and Montgomery Counties to Fight #COVID19 #InItTogether 

https://t.co/vK9cG8hyI6"
167,"Thank you to our former DNI, Admiral Dennis Blair, for his OpEd supporting my bipartisan Made in America National Emergency Preparedness Act. Like our response to 9/11, our nation must say ""Never Again"" to #COVID19. My bipartisan bill does just that.

https://t.co/NvVSMOBTYV"
168,"@RepKClark &amp; I are leading a bipartisan push to include 4 million in funding in the next #COVID19 package to help domestic violence victims and their pets. We must address this &amp; fund safe housing for domestic violence victims, their children, and pets. 

https://t.co/BXA7EyHRbv"
169,This morning I had to opportunity to join Ms. McLaughlin‚Äôs 11th grade government class to discuss how Congress is dealing with the pandemic. Thank you to the entire @east_cb faculty for continuing to provide a high-quality education during these uncertain times. https://t.co/m0aKLfnWXE
170,"As Congress continues our negotiations to craft another legislative package to respond to the impacts of the #COVID19 pandemic, we must include language clarifying the loan-forgiveness provisions of the #PaycheckProtectionProgram 

https://t.co/YvNDgDnxfl"
171,"This week, I joined @RepSherrill &amp; @RepPeteKing to form the bipartisan COVID-19 Regional Recovery Task Force. Our region has been hit especially hard by #COVID19, and I look forward to working with my colleagues on proposals to get Americans back to work. https://t.co/bwJ47ticS4"
172,"Our transit workers are out every day, risking exposure to #COVID19 to provide vital services. Taking these steps, in addition to current FTA guidance, will better protect our workers. 

https://t.co/VzoeeQi7Vf"
173,"During #COVID19 pandemic, we are reminded of just how critical transit and delivery workers are to our supply chain. Thank you #ToThoseWhoKeepUsMoving for all of your amazing work and #ThanksForDelivering during this unprecedented crisis."
174,"On Yom Hashoah, we remember and honor the lives of the six million Jews who were killed during the Holocaust. We will continue to denounce all forms of hate and say #NeverAgain. 

#HolocaustRemembranceDay https://t.co/9wtIgikh1t"
175,"While we continue to focus on flattening the curve, we must also be prepared for when our health officials believe it is safe to reopen our economy. Our @ProbSolveCaucus checklist is a good first step to help establish parameters for reopening our country. https://t.co/A8eA9eMinO"
176,"Recently, the @FCC launched the portal to apply for the telehealth program created by the CARES Act. This program will allow healthcare professionals to connect with patients from the safety of their homes, and provide crucial information.

https://t.co/04rTVM2EpX"
177,"A business with a 10% reduction in revenue for one month, who had  no intention to lay off employees, must not be placed into the same category as an owner-operated daycare center with no cash flow and no way to survive."
178,"It is unacceptable that the @USTreasury and the @SBAgov guidelines had no revenue loss requirements, and only required an attestation that a business was ‚Äúnegatively impacted‚Äù by #COVID19."
179,"Businesses that depend on foot traffic and direct in-person contact, like small restaurants, are the businesses that are now insolvent because of this pandemic, and these companies account for nearly 50% of our nation‚Äôs workforce. (8/9)"
180,"This is money that is literally being taken away from the very small businesses that Congress intended to help, small businesses who have been forced to lay off workers due to insufficient cash flow. (4/9)"
181,"Banks were also receiving applications from businesses that are not small, do not rely on foot traffic and are not insolvent, like hedge funds and brokerage businesses, who in some cases received as much as $10M in forgivable loans. (3/9)"
182,"Round 1 of the PPP missed its target. Banks were receiving applications not just from mom-and-pop small businesses that depend on foot traffic and are barely solvent, like small restaurants, hardware stores and plumbers, whom the PPP was specifically designed to help. (2/9)"
183,"Local chambers of commerce need support during these difficult times. They continue to help small businesses navigate the current economic downturn spurred by the #COVID19 pandemic. Without support, they will be unable to survive and help our community.

https://t.co/IQeeeU2VD5"
184,"Hannah Imig, a fifth grader at Babler Elementary, is a hero who shows us all the importance of love, kindness and community. https://t.co/0lMop8hAfQ"
185,"The CARES Act provides critical funding for hospitals, and we need to give priority to those who have been hit the hardest by this virus. It is crucial that we help those who need it the most. Proud to partner with @CongBoyle @RepDwightEvans @RepDean.

https://t.co/VfjKiWQFGD"
186,"Our transit workers are out every day, risking exposure to #COVID19 to provide vital services. The @FTA_DOT should require public facilities to be disinfected, and enforce safe distancing between riders and transit operators.

https://t.co/y9Sfh6D7HG"
187,"Groups like the Mask Makers of Doylestown have been doing amazing work during the #COVID2019 crisis. Thank you for this incredible effort!

https://t.co/hCVFPC2riI"
188,"It is so important that everyone participates in the #Census2020. The info collected will determine education, infrastructure, and healthcare funding for the next decade. 

Take a few minutes to fill out the online form üëáüëáüëá

https://t.co/PrDkM3DVx2"
189,"Today, the @PALaborIndustry launched their #covid19 job hiring portal, to help fill positions at designated life-sustaining businesses across the Commonwealth.

Check it out here üëáüëáüëá

https://t.co/w0pBrDW03y"
190,"My sister Mary and her fellow heroes at @DoylestownHlth are sacrificing their Easter to take care of others in our community. To all of our healthcare workers in our community and across the nation, we thank you and we love you! https://t.co/Yng9aCcMAe"
191,"We simply cannot outsource our public safety and national security to foreign nations. We must reconstitute our healthcare and public safety supply chain back to the United States. My landmark, bipartisan legislation does just that.

https://t.co/cDrHWgSSZj"
192,"We simply cannot outsource our public safety and national security to foreign nations. We must reconstitute our healthcare and public safety supply chain back to the United States. My landmark, bipartisan legislation does just that. https://t.co/aP1LLmWw4S"
193,Today is #WorldHealthDay2020. Thank you to every healthcare worker on the front lines working to keep all of us safe and healthy. You are all heroes. #InItTogether https://t.co/SEhtXM5zr2
194,"During this #COVID crisis, we must not forget our children and the educators who are teaching them. Distance learning must be prioritized as part of our response to make sure our children are taken care of. #AloneTogether https://t.co/S7YiN2ZtRd"
195,"Task Force medical experts believe that the next few weeks will be a very challenging and a very critical period, as they anticipate a spike in the number of people impacted and hospitalized by #COVID„Éº19."
196,"Please continue to pray for all of our healthcare workers, our first responders, our elderly, and all those who are vulnerable and on the front lines of this fight. https://t.co/nRM2iDcHYq"
197,"RT @SBAgov: 4Ô∏è‚É£ #CARESAct funding options to help your #smallbusiness during #COVID19:  
‚ñ∂Ô∏èPaycheck Protection Program 
‚ñ∂Ô∏è$10K Economic Inj‚Ä¶"
198,"I am saddened to hear of the passing of Tullytown Assistant Fire Chief Rick Johnson, who put his life on the line every day to keep our community safe. Our community stands behind Rick's family and the entire Tullytown Fire Company. https://t.co/Uk2c7b31ld"
199,"We simply cannot outsource our public safety and national security to foreign nations. We must reconstitute our healthcare and public safety supply chain back to the United States. This landmark, bipartisan legislation does just that. https://t.co/yxEozJbLNZ"
200,"Great to join @lancebachman on The Lion's Den yesterday to discuss how our community has been dealing with #COVID19 and how the government has been responding. #AloneTogether

https://t.co/J2BZJB9FZC"
201,"Earlier today I received a notification that all of our constituents who were stranded in Peru that contacted our office have returned home safely. Our work is not over - to date, 26,000 ‚Äì 27,000 Americans have returned since the outbreak with thousands more stranded overseas."
202,"Since the outbreak of #COVID19, my office has been working around the clock with embassies across the globe to get U.S. citizens from our community home safely."
203,"Thinking of my friend, @MikeKellyPA, who recently tested positive for coronavirus. Mike has always been a fighter and I have no doubt that he will get through this. #InItTogether"
204,"Minutes ago, the House passed Phase 3 of our #COVID19 response, the Coronavirus Aid, Relief, and Economic Security Act. This bill will provide much needed relief to our healthcare workers, small businesses, workers, and families.
 #InItTogether https://t.co/vHdZdhVL9L"
205,Former FBI Special Agent Robert Levinson was an American hero who was illegally held captive by Iran for no reason. Special Agent Levinson's body must be returned to his family. We as a Nation must never stop the pursuit for Robert Levinson and his family. https://t.co/LRkL8BjL7g
206,RT @RepBrianFitz: ICYMI: Please see my website for updates on everything related to the #Covid_19. As the situation develops this will be u‚Ä¶
207,"Kenny Rogers was a legend who brought so much joy into our lives. He will live in each of us forever through his legendary music. Thank you, Kenny, for bringing smiles to an entire nation and an entire world. We know you‚Äôre now bringing those same smiles to God. https://t.co/UkQ3ZiUCPM"
208,"Please remember to wash your hands, stay home, and call your healthcare provider if you are feeling sick. #CODVID19 #InItTogether https://t.co/AtMWElFhQi"
209,Please spread the word to help everyone stay up to day on the FACTS regarding #COVID„Éº19. #InItTogether https://t.co/29iuhSxl0i
210,"The @USTreasury and the @IRSnews announced that tax day has been pushed back from April 15 to July 15 due to #COVID„Éº19. 

https://t.co/Qw8hvaFeD9"
211,"I am urging my Senate colleagues to include a provision requiring insurers to cover #COVID19 losses under Business Interruption Insurance, provided that businesses do not terminate their employees‚Äô employment status or their healthcare coverage."
212,ICYMI: #Pennsylvania small businesses can apply for a #COVID19 disaster loan from the @SBAgov. #InItTogether https://t.co/CVrCaqQl0Q
213,"For our Montgomery County residents, a new #COVID19 drive-thru testing site will open at @TempleUniv Ambler on March 22 under specific conditions mentioned on the page below. #InItTogether #StopTheSpread https://t.co/B2qLpdCpbm"
214,"Today is #CertifiedNursesDay, and now more than ever we need to thank our healthcare professionals for their excellent working during this global pandemic. #StopTheSpread #InItTogether https://t.co/CyITBwGsZ4"
215,"Today, I was briefed by the Bucks County School Superintendents and the Executive Directors of the Bucks County Career Technical Centers where I was able to provide a COVID-19 update and learn how the virus has impacted our community's school districts. https://t.co/5aEoHL3vCn"
216,Throughout the week I have been in constant communication with all levels of government and various groups impacted by #COVID19. https://t.co/ZtPpR0QxyD
217,"Because of #COVID„Éº19, @USTreasury and @IRSnews announced that all individual and other non-corporate tax filers can defer up to $1 million of federal income tax payments due on April 15, until July 15, without penalties or interest. #InItTogether https://t.co/W6RUbqAEcy"
218,RT @IAFFNewsDesk: The #IAFF has developed a resource for first responders on treating patients who may have been exposed to the #Coronaviru‚Ä¶
219,"St. Mary's Medical Center in Langhorne has opened drive-thru #COVID„Éº19 testing as of March 18 under specific conditions mentioned on the page below. #InItTogether #StopTheSpread

https://t.co/rjcQ2gKEWr"
220,"PLEASE watch and share this interview with Dr. David Damsker, the Director of the Bucks County Department of Health. #COVID„Éº19  #InThisTogether #StopTheSpread 

https://t.co/vhCVAv5eXP"
221,"Doylestown Hospital has opened drive-thru #COVID„Éº19 testing as of March 17 under specific conditions mentioned on the page below. #StopTheSpread #inittogether

https://t.co/ThNnZ1NO3u"
222,"Medicare telehealth has been expanded.

https://t.co/IYyKWCZopr"
223,"More tips for small businesses in the face of #COVID„Éº19:

https://t.co/Krt8ZiTkF1"
224,"#COVID„Éº19, what small businesses need to know. https://t.co/XzGRAAhDij"
225,"Please share this link with your family and friends for real time updates. It contains all relevant information regarding the health &amp; medical side of #COVID19. We are working with relevant agencies to build a tool for business, employee &amp; economic side. https://t.co/JndTHx0UpD"
226,The @IRSnews has set up a resource page on its website to help those affected by the Coronavirus #COVID„Éº19. We need to focus on staying safe and healthy during this crisis. My office will provide updates regarding potential tax filing extensions. https://t.co/yrXQdjk2al
227,"Upon a request received from a state‚Äôs or territory‚Äôs Governor, @SBAgov will issue under its own authority, as provided by the Coronavirus Preparedness and Response Supplemental Appropriations Act that was recently signed in to law, an Economic Injury Disaster Loan declaration."
228,"To all small businesses in our community, @SBAgov is offering designated states and territories low-interest federal disaster loans for working capital to small businesses suffering substantial economic injury as a result of the Coronavirus #COVID„Éº19."
229,"The FREED Vets Act will assist disabled veterans by requiring the Department of Education to erase their student loans, freeing them from crippling debt. I was proud to co-introduce this legislation with @RepConorLamb to serve those who have served us.
https://t.co/73jFmpADFL"
230,Tune in to see @GovernorTomWolf &amp; @SecretaryLevine update on the Coronavirus #COVID„Éº19 and the mitigation efforts taken by the state relating to Bucks and Montgomery Counties. https://t.co/zjX4aDFfau
231,"Last night, the House passed the Families First Coronavirus Response Act, to provide emergency assistance to respond to Coronavirus #COVID„Éº19. I was proud to vote for this bipartisan package that prioritizes the health and safety of every American. https://t.co/rkt2u1nEML"
232,"This week, the @ProbSolveCaucus hosted David Solomon, the CEO of Goldman Sachs. It was great to hear his thoughts on our financial sector and the impact of Coronavirus #COVID„Éº19 on our economy. https://t.co/QsegFRqx6G"
233,RT @CongBoyle: You and your family can take everyday actions to stop the spread of the #Coronavirus. With proper precautions and by working‚Ä¶
234,"ICYMI: Please see my website for updates on everything related to the #Covid_19. As the situation develops this will be updated with more information, tips, and facts. We are working with federal, state, and local officials to ensure everyone‚Äôs safety. https://t.co/GNqR4XXdh8"
235,RT @RepRaulRuizMD: How do you prevent from getting COVID-19? Educating yourself about the coronavirus reduces anxiety and empowers you to p‚Ä¶
236,RT @GovernorTomWolf: I‚Äôm at @PEMAHQ with @PAHealthDept to announce that we now have 22 known coronavirus cases and 180 people under investi‚Ä¶
237,"RT @SBAgov: #Coronavirus tips for small businesses: 
‚úîÔ∏èEncourage sick employees to stay home. 
‚úîÔ∏èInstruct employees to wash their hands oft‚Ä¶"
238,"I had the opportunity to speak at the @acog annual conference, to stress the importance of maternal health. https://t.co/qTbxvT5VZV"
239,"ICYMI: Please share this with your family and friends. It is a comprehensive and up to date resource on the Coronavirus #COVID„Éº19, with everything you need on how to keep your families safe and healthy.
https://t.co/3O6Uw34rBE"
240,"ICYMI: @JacksonLeeTX18, @RepRaulRuizMD, and I formed the bipartisan Coronavirus Task Force to keep Members and the public up to date on developments and health and safety tips regarding Coronavirus COVID-19. Please stay tuned for more updates and tips. https://t.co/AmheeZ2kUh"
241,"Some helpful information on the Coronavirus #COVID„Éº19

https://t.co/s6n2zmOa1A"
242,"Please utilize this website for updated information on #COVID„Éº19 Coronavirus regionally, nationally and globally. Use these health and safety tips while going about your day. https://t.co/9U8rIlg62m"
243,"RT @RepBeatty: Prevent the spread of #COVID19. @CDCgov recommends:

ü§í Avoid contact w/people who are sick
üòë Avoid touching eyes, nose, &amp; mo‚Ä¶"
244,Check out this updated fact sheet from the @CDCgov on the Coronavirus COVD-19. https://t.co/KuPjiICWGD
245,"RT @RepAlexMooney: While the #COVID„Éº19  situation develops, here are some basic things to keep in mind to protect yourself.

Quick Tip: A g‚Ä¶"
246,RT @repdelgado: Want to help prevent the spread of #COVID19? Information is available from @CDCgov here: https://t.co/XARWtFs69L https://t.‚Ä¶
247,"RT @RepFrenchHill: Domestic &amp; international health officials are working to limit the spread &amp; impact of #COVID19. 

Congress is committed‚Ä¶"
248,"It is incredibly important to stay up to date on the status of Coronavirus COVID-19, and it is great to see our community being proactive.

https://t.co/8YNzZeNwcU"
249,"RT @WhipClyburn: Help prevent the spread of the coronavirus.

‚úÖ Avoid close contact with people who are sick
‚úÖ Avoid touching your eyes, no‚Ä¶"
250,"The House just passed a bill to provide $8.3 billion in emergency funding to combat Coronavirus COVID-19. As Co-Chair of the Bipartisan Coronavirus Task Force, I am urging all of my colleagues to direct all necessary resources to this urgent need. https://t.co/5iItscxMSG"
251,"RT @RepSteveChabot: ICYMI, here‚Äôs an op-ed @GerryConnolly and I wrote for @thehill on the #coronavirus &amp; our pandemic preparedness legislat‚Ä¶"
252,"Over the weekend, I had the opportunity to join Yardley Makefield Soccer for their 2nd annual collection drive which consisted of assembling care packages and writing greeting cards to  our armed forces. Thank you to all who contributed to this inspirational service project! https://t.co/mPD6HqL3UW"
253,"RT @RepEspaillat: Want to help prevent the spread of #COVID19? Here‚Äôs what the CDC suggests:
-Avoid close contact w/people who are sick
-Av‚Ä¶"
254,It is incredibly important that Congress and the American public stay up to date on all facts relating to Coronavirus COVID-19. Proud to join my co-chairs @JacksonLeeTX18 and @RepRaulRuizMD to lead this effort. https://t.co/zQlvpvZMAR
255,"RT @RepJohnJoyce: By working together and taking simple precautions, all of us can help to protect our community from COVID-19. https://t.c‚Ä¶"
256,"RT @WHO: The most commonly reported #COVID19 symptoms incl. fever, dry cough, and shortness of
breath. Most patients (80%) experienced mild‚Ä¶"
257,"RT @repgregwalden: As our country responds to the coronavirus, it's important that we avoid misinformation and look to leadership from our‚Ä¶"
258,"This week, I joined my colleagues @JacksonLeeTX18 and @RepRaulRuizMD to launch the Bipartisan Congressional Coronavirus Taskforce. to keep Members of Congress and the American public apprised of facts and updates related to Coronavirus COVID-19. https://t.co/qfmFAg5VhC"
259,"@SenToomey and I toured the Philadelphia Wholesale Produce Market and held a press conference to discuss a new bipartisan bill that will address liability concerns impacting our local food banks. Together, we can come together and get this done for the those in need. https://t.co/XIh01FBjxQ"
260,"Today, I was proud to vote in support of H.R. 2339, to protect our children from the harmful effects of vaping and tobacco usage. The youth vaping epidemic is a health crisis, and we need to make sure our young people are healthy and safe. https://t.co/mpSzTM8llp"
261,"Today, as Co-Chair of the Bipartisan Opioid Taskforce, I joined my colleagues in stressing the importance of addressing the opioid crisis. Opioid abuse and addiction is a national health emergency, and we need to give Americans the tools to recover. https://t.co/JVQ7zmUErx"
262,"I am saddened to hear about the passing of Katherine Johnson, who‚Äôs work with NASA allowed us to reach new heights. This is another reason for us to create a Women‚Äôs History Museum, so that we can teach future generations this amazing story. 

https://t.co/jSilnSf6V0"
263,"Happy #PresidentsDay! I was at Washington Crossing State Park yesterday to celebrate the 288th birthday of our first President, George Washington. Today we remember those who helped make this the greatest country in the world. https://t.co/TuN2akcx8k"
264,"I had the opportunity this week to recognize the great work being done by Dr. Julia Szarko, who was named the 2019 PA School Psychologist of the Year. Dr. Szarko has been a great advocate for expanding school based mental health services, and I applaud her for her great work. https://t.co/nWRPlphVKa"
265,"I stand 100% behind the families who lost their loved ones in Parkland and similar tragedies across the nation. We must ensure that no child, and no family, will ever endure such a tragedy again. 

https://t.co/kOdvwPXQ2r"
266,Proud to stand in solidarity with @3Afge and @AFGENational chapters everywhere. Government employees are dedicated patriots who deserve good pay and good benefits. I will continue to fight for your rights. https://t.co/iu0flAoXTU
267,"My good friend @RepDwightEvans recently hosted a Pennsylvania Healthcare Roundtable with healthcare groups from around the Commonwealth. It is important that we work to make sure that everyone in Pennsylvania, rural or urban, can access quality healthcare. https://t.co/DaQaRydXgy"
268,"RT @RepDwightEvans: @PAHealthDept @SecretaryLevine 3/ I was also joined by @RepBrianFitz, @MikeKellyPA &amp; @RepMGS and staff from @SenBobCase‚Ä¶"
269,"On #HolocaustRemembranceDay, #WeRemember the millions who were killed during the Holocaust. I am proud to be an original sponsor of @RepMaloney's Never Again Education Act. We have a moral obligation to teach about and learn from the Holocaust so that it never happens again."
270,"Our prayers are with the family and friends of these brave firefighters, and all those who have lost their lives combating the Australian bushfires. We must continue to show support for the heroes still fighting these fires.

https://t.co/1rHP6Wlb5p"
271,"To @GovernorTomWolf, @SenBobCasey, @SenToomey, @PAAttorneyGen, and everyone who reached out, from the bottom of my heart, thank you for the kind words and gestures for my brother Mike and our family. We are eternally grateful."
272,Happy New Year! Wishing you and yours health and happiness in 2020! https://t.co/Noe5hzwABF
273,"Congratulations to Upper Makefield's Camille Schrier, who was crowned Miss America! Bucks County is proud of you Camille!

https://t.co/v9L4SD309D"
274,"Myself and @RepCicilline represented our delegation on the Liberty Minute. Thanks to all those who serve, we have your back!

https://t.co/nNaYFl5tj8"
275,"During the holidays, please remember those who are away from their families while serving overseas, keeping us safe every day. I will be conveying our community's love and gratitude for all of their courage, sacrifice, and service to our great nation.

https://t.co/b51noOr9de"
276,"ICYMI: I gave a keynote speech at the @NABTU conference to reaffirm my commitment to good-paying middle-class American jobs. We stand in solidarity with North America's Building Trades Unions to take care of the men and women who built our great nation.

https://t.co/VAM5buqlXF"
277,"RT @ProbSolveCaucus: The Caucus is proud to announce our endorsement of the FASTER Act, to improve the health and safety of all Americans w‚Ä¶"
278,"Praying for the safety of everyone in Jersey City. We grieve for the loss of innocent civilians and Det. Joseph Seals, a veteran police officer, husband, and father of five. We stand behind the Jersey City community and the first responders who acted quickly."
279,"Medically necessary food is often not covered through health insurance, and without it, these patients suffer. That is why I co-sponsored @RepMcGovern‚Äôs Medical Nutrition Equity Act to provide coverage for individuals like Owen so they can live to their full potential."
280,"Naloxone is a critical, life-saving drug that flight crews should be equipped with to handle any emergency. Congress, industry, and academia all have a role to play in this public health crisis, and we call on the @FAANews to make a small change that can save lives nationwide."
281,"Today I had the pleasure of writing holiday cards for our men and women serving overseas. Appreciate the brave Americans who put their lives on the line for us everyday, and for the @RedCross for organizing this event. https://t.co/pQKJYW7yxz"
282,"This legislation is a step in the right direction helping children across the globe. Every child deserves the opportunity to grow, learn, and thrive in a safe and healthy environment. https://t.co/zXizIKsz8s"
283,"Congress needs to continue to support @DEAHQ in their efforts to combat fentanyl abuse. I was proud to join @RepAnnieKuster to introduce the Extend Act, and give @DEAHQ the necessary tools to combat this epidemic.
 
https://t.co/nqHpCiR1G9"
284,"It is well known that PFAS chemicals in water have negative consequences on our health. I plan to keep working with my colleagues, including @CongBoyle, @RepDean, @RepSusanWild, and @RepDanKildee, to combat these toxins.
https://t.co/YbXoKUjk3m"
285,"From our family to yours, Happy #Thanksgiving! May this day be a reminder of all the wonderful things in life, a time to remember and to embrace all those who enrich our lives. From our entire family, God bless each and every one of you, your families and your loved ones. https://t.co/cwqYmHEh7u"
286,Proud to work with @RepAnnieKuster to introduce the Extend Act. Our drug epidemic is a complicated issue and our response must be multi-faceted. https://t.co/Q3ItRR98t6
287,"It is crucial we stay on the same page to best combat the opioid crisis. This epidemic touches every part of our lives, and we need to continue this discussion to find bipartisan solutions to help all Americans. https://t.co/JDEimEy8E8"
288,Great meeting with @RepDavidTrone to discuss bipartisan solutions to the opioid crisis. We are working everyday to overcome this epidemic. https://t.co/jMTCmJqeoK
289,"I was proud to attend the Veteran's Day ceremony at Washington Crossing National Cemetery, to honor the men and women who gave their lives for this country. We are forever grateful for their sacrifice. 

https://t.co/h44QReOk1L"
290,"Today, the House passed H.R. 1173, the Rosie the Riveter Congressional Gold Medal Act. I was proud to lead this effort with my colleague, @RepSpeier. I‚Äôm happy to represent a ‚ÄúRosie‚Äù, Mae Krier of Levittown, who has worked tirelessly for this long-overdue recognition. https://t.co/F97yBrGKUH"
291,"Veterans are the backbone of our society. On #VeteransDay we honor those who have served to defend this country, and we thank those who are fighting to protect us today. #ThankAVet https://t.co/sOsUSu5hDG"
292,"Happy 244th birthday to the heroes of the @USMC! Thank you to those who have served, hope to serve, and continue to serve. #HappyBirthdayMarines #SemperFi https://t.co/qugF97rjwP"
293,"RT @RepJoshG: There is simply no reason why terrorist organizations, including Hamas and Hezbollah, who have killed countless Americans and‚Ä¶"
294,I encourage everyone who has unused prescription drugs to help clean up our community and safely dispose of them at the closest drop off location. https://t.co/bT6r3JOJBN
295,Tonight I was proud to honor Yardley‚Äôs own Julia McGehean for receiving the @VSAIntl Emerging Young Artist Program‚Äôs Award of Excellence. The program recognizes and showcases the work of emerging young artists from across the U.S. Congratulations Julia for your hard work! https://t.co/abvkSCffrm
296,"On #NationalChildHealthDay, we are reminded that there is no more important responsibility than ensuring the health of future generations. As the Representative of #PA01, I will continue to fight to make sure that our children are happy and healthy. https://t.co/kbRZLrF5Jq"
297,"This HUD grant will enable Bucks County to address lead hazards in 200 housing units, providing safer homes for low and very low-income families with children. This is an investment not only in our community but in the health of our families.  https://t.co/jbds45KVzY"
298,Good news! This HUD grant will protect families by targeting and eliminating hazards that harm their overall quality of life. This is an investment not only in our community but in the health of our families. https://t.co/2SD2myBf5k
299,RT @RepAnnieKuster: Proud to join @RepBrianFitz to advance the RESTORE Act to take a multifaceted approach to fighting the opioid epidemic‚Ä¶
300,RT @CDCEnvironment: CDC/ATSDR announces seven cooperative agreement recipients for the multi-site study of the health implications of expos‚Ä¶
301,"Although #ChildMortality worldwide is declining, the world still lost 5.3 million children under 5 last year, largely due to treatable causes. That's why I support continued US leadership for maternal, newborn and child health programs around the world. 
https://t.co/Lr2l4hKuBp"
302,"18 years ago, our nation suffered a tremendous loss. We must honor the heroes who sacrificed on that day to protect the lives of others. Their service, along with the memories of those lost, should never be forgotten. https://t.co/QZMJ3S2g1n"
303,"We stand with law enforcement and all victims, and call on my colleagues, once again, to act.  We are facing an epidemic that requires immediate action in order to end this unacceptable gun violence."
304,We had an excellent meeting and tour with @InsulatorsL in Aliquippa. These skilled employees are true professionals whose work lowers energy costs for Pennsylvanians. #OnePA https://t.co/CyQlyo336G
305,"We will continue to offer our support to these workers and  push hard to ensure the refinery is sold to a sustainable buyer who will invest in our economy and the people who make it successful. 
https://t.co/LvgVDym3nZ"
306,"On #PurpleHeartDay, let us honor those who sacrificed in service of our great country. Thank you to all men and women who serve to protect our freedom and way of life. https://t.co/v7t0ySV09K"
307,"From the Whole Veteran Act to the FREED Vets Act, I am proud of my work with @RepConorLamb for our nation's veterans. It was an honor to show him around Bucks and Montgomery counties and to explore bipartisan solutions to issues we face in #PA01 #OnePA
https://t.co/PFECWINkgA"
308,"I had an excellent conversation with @repconorlamb and our local Veteran advocates from @BucksCountyGovt, @BucksDa, and the @DeptVetAffairs as we discussed Veterans issues including health, housing and transportation. I appreciate all those who offered their perspective. #OnePA https://t.co/C8Jws2cTvr"
309,I recently visited @precisionfinish in #Quakertown. It was great to meet with management and employees to discuss how we can improve the health of our local businesses. Thank you for having me! https://t.co/7BlaJNvTrq
310,RT @RiponAdvance: A new bill by @RepBrianFitz would increase mental health services in schools across the country by funding the education‚Ä¶
311,Happy #NationalInternDay! Thank you to all the interns in our office who work hard for the people of Pennsylvania's 1st district. We appreciate your service! https://t.co/PeX5brrNFX
312,"Congress just passed the Stopping Bad Robocalls Act! For too long, residents of Bucks and Montgomery counties have been harassed by robocalls that are both annoying and dangerous. This bill would impose stronger penalties on scammers who seek to steal sensitive information. https://t.co/0TaBGYGdUo"
313,"BREAKING: The Senate just voted to renew the September 11 #VCF. Thank you to all advocates who put the pressure on Congress to get this done. We will forever be thankful for the service and sacrifice of 9/11 first responders.
https://t.co/CrONGJkHoA"
314,"RT @RepPeteKing: This is a great victory, and it‚Äôs long overdue. Tremendous credit has to go to all the 9/11 victims and their families who‚Ä¶"
315,Antifa is a danger to the safety and wellbeing of the general public. Designating Antifa as a domestic terrorist organization would be a significant step to protect journalists and all Americans who exercise their First Amendment rights. See my letter to AG Barr ‚¨áÔ∏è https://t.co/7uhihHQyUD
316,"It was with a heavy heart that I honored the remarkable life of 26-year-old Kristen Marie Ridge, who we lost on July 5th. Kristen made our community a better place, and we stand in support of her family during this difficult time.
https://t.co/uuhqPPceq8"
317,"Thank you to @ibxfdn for allowing me the opportunity to speak in support of the Someone You Know campaign. As Co-Chair of the Bipartisan Heroin Task Force, I pledge to redouble our efforts to fight this public health epidemic.
https://t.co/WliP5sc1E3"
318,RT @iamalsorg: Thank you @RepBrianFitz for being a co-founder of the #ALSCaucus and working to create a bipartisan team of lawmakers who wi‚Ä¶
319,"...of all our residents, especially our children, and those who need us most. https://t.co/563eRL6MXs"
320,"Thanks to Jon Ruben and the Bucks County Housing and Human Services for the close partnership they've formed with us on our Social Determinants of Health and Speical Needs Task Forces, to ensure we're addressing the physical, psychological, emotional and educational needs..."
321,Happy 244th Birthday to the U.S. Army! Our nation owes an immense debt of gratitude to all of our veterans and their families. Thank you to all of those who are serving and have served in our armed services. https://t.co/9jitWcBKc3
322,".@RelayForLife brings together more than 4 million people to honor the lives of those who have battled cancer, remember loved ones lost, and fight against a disease that affects too many. I joined Relay for Life in Bensalem to stand in solidarity with our community in this fight. https://t.co/ZjUFu92wfT"
323,"Thanks to @PSEA, @NEAToday, and school psychologist Julia Szarko for bringing much needed attention and dedication to the psychological and emotional health of our kids. https://t.co/SPqM3xt55q"
324,"Bucks County Technical High School gives over 1,400 students an opportunity to gain technical skills to succeed in our growing economy. I joined them to talk about how they are helping fill our nation‚Äôs skills gap. Thank you to all the staff who are helping our children succeed! https://t.co/AgYqOoAbcT"
325,Bioplast Manufacturing makes plastic components primarily for medical research and biotech environments. I toured their facility and spoke with their employees about their operations. Thanks to Chris Conway and his whole team for their contributions to our local economy! https://t.co/xl5k9IZhy0
326,"There is no issue more pressing in our neighborhoods than the devastation caused by the growing epidemic of opioid and drug abuse. I‚Äôm proud to introduce the Respond NOW act so our communities have the resources they need to fight this epidemic.
https://t.co/tilLapluJo"
327,No veteran should be homeless &amp; we must take every action possible to ensure we care for those who stepped up to serve our country. Taking care of our veterans should never be a partisan issue and I‚Äôm proud to stand with @RepMikeLevin on this legislation https://t.co/uUDq6yAxSy
